<?xml version="1.0" encoding="UTF-8"?>
<ConformanceContext UUID="0a2dd1c3-65e4-41d4-b4ba-be8ed8794b45" xsi:noNamespaceSchemaLocation="../ConformanceContext.xsd" xmlns:xsi="http://www.w3.org/2001/XMLSchema-instance">
    <MetaData>
        <Description>Conformance context for RSP_K11</Description>
    </MetaData>
    <Predicates>
        <Datatype>
            <ByID ID="727c057d-5bec-49de-95c6-324ca62b22b9">
                <Predicate ID="[HD_IZ]1[1]" Target="1[1]" TrueUsage="R" FalseUsage="O">
                    <Description>If HD.2 (Universal ID) is not valued.</Description>
                    <Condition>
                        <NOT>
                            <Presence Path="2[1]"/>
                        </NOT>
                    </Condition>
                </Predicate>
                <Predicate ID="[HD_IZ]2[1]" Target="2[1]" TrueUsage="R" FalseUsage="O">
                    <Description>If HD.1 (Namespace ID) is not valued.</Description>
                    <Condition>
                        <NOT>
                            <Presence Path="1[1]"/>
                        </NOT>
                    </Condition>
                </Predicate>
                <Predicate ID="[HD_IZ]3[1]" Target="3[1]" TrueUsage="R" FalseUsage="X">
                    <Description>If HD.2 (Universal ID) is valued.</Description>
                    <Condition>
                        <Presence Path="2[1]"/>
                    </Condition>
                </Predicate>
            </ByID>
            <ByID ID="0cb89d64-9da7-4f27-abfb-d0e50fb12fc4">
                <Predicate ID="[HD_IZ]1[1]" Target="1[1]" TrueUsage="R" FalseUsage="O">
                    <Description>If HD.2 (Universal ID) is not valued.</Description>
                    <Condition>
                        <NOT>
                            <Presence Path="2[1]"/>
                        </NOT>
                    </Condition>
                </Predicate>
                <Predicate ID="[HD_IZ]2[1]" Target="2[1]" TrueUsage="R" FalseUsage="O">
                    <Description>If HD.1 (Namespace ID) is not valued.</Description>
                    <Condition>
                        <NOT>
                            <Presence Path="1[1]"/>
                        </NOT>
                    </Condition>
                </Predicate>
                <Predicate ID="[HD_IZ]3[1]" Target="3[1]" TrueUsage="R" FalseUsage="X">
                    <Description>If HD.2 (Universal ID) is valued.</Description>
                    <Condition>
                        <Presence Path="2[1]"/>
                    </Condition>
                </Predicate>
            </ByID>
            <ByID ID="9da1c9d5-a8cc-4b75-8e16-9d8cdcf1ff88">
                <Predicate ID="[HD_IZ]1[1]" Target="1[1]" TrueUsage="R" FalseUsage="O">
                    <Description>If HD.2 (Universal ID) is not valued.</Description>
                    <Condition>
                        <NOT>
                            <Presence Path="2[1]"/>
                        </NOT>
                    </Condition>
                </Predicate>
                <Predicate ID="[HD_IZ]2[1]" Target="2[1]" TrueUsage="R" FalseUsage="O">
                    <Description>If HD.1 (Namespace ID) is not valued.</Description>
                    <Condition>
                        <NOT>
                            <Presence Path="1[1]"/>
                        </NOT>
                    </Condition>
                </Predicate>
                <Predicate ID="[HD_IZ]3[1]" Target="3[1]" TrueUsage="R" FalseUsage="X">
                    <Description>If HD.2 (Universal ID) is valued.</Description>
                    <Condition>
                        <Presence Path="2[1]"/>
                    </Condition>
                </Predicate>
            </ByID>
            <ByID ID="aca7ff5f-a06e-4e09-af84-f5bb0ecf7e7a">
                <Predicate ID="[HD_IZ]1[1]" Target="1[1]" TrueUsage="R" FalseUsage="O">
                    <Description>If HD.2 (Universal ID) is not valued.</Description>
                    <Condition>
                        <NOT>
                            <Presence Path="2[1]"/>
                        </NOT>
                    </Condition>
                </Predicate>
                <Predicate ID="[HD_IZ]2[1]" Target="2[1]" TrueUsage="R" FalseUsage="O">
                    <Description>If HD.1 (Namespace ID) is not valued.</Description>
                    <Condition>
                        <NOT>
                            <Presence Path="1[1]"/>
                        </NOT>
                    </Condition>
                </Predicate>
                <Predicate ID="[HD_IZ]3[1]" Target="3[1]" TrueUsage="R" FalseUsage="X">
                    <Description>If HD.2 (Universal ID) is valued.</Description>
                    <Condition>
                        <Presence Path="2[1]"/>
                    </Condition>
                </Predicate>
            </ByID>
            <ByID ID="bce0751e-4807-4e23-9dbc-74306cce1c4b">
                <Predicate ID="[EI_IZ_RSP_Z31]2[1]" Target="2[1]" TrueUsage="R" FalseUsage="O">
                    <Description>If EI.3 (Universal ID) is not valued.</Description>
                    <Condition>
                        <NOT>
                            <Presence Path="3[1]"/>
                        </NOT>
                    </Condition>
                </Predicate>
                <Predicate ID="[EI_IZ_RSP_Z31]3[1]" Target="3[1]" TrueUsage="R" FalseUsage="O">
                    <Description>If EI.2 (Namespace ID) is not valued.</Description>
                    <Condition>
                        <NOT>
                            <Presence Path="2[1]"/>
                        </NOT>
                    </Condition>
                </Predicate>
                <Predicate ID="[EI_IZ_RSP_Z31]4[1]" Target="4[1]" TrueUsage="R" FalseUsage="X">
                    <Description>If EI.3 (Universal ID) is valued.</Description>
                    <Condition>
                        <Presence Path="3[1]"/>
                    </Condition>
                </Predicate>
            </ByID>
            <ByID ID="40d13959-d728-4726-a9d4-747d4499adcb">
                <Predicate ID="[XON_IZ]6[1]" Target="6[1]" TrueUsage="R" FalseUsage="O">
                    <Description>If XON.10 (Organization Identifier) is valued.</Description>
                    <Condition>
                        <Presence Path="10[1]"/>
                    </Condition>
                </Predicate>
                <Predicate ID="[XON_IZ]7[1]" Target="7[1]" TrueUsage="R" FalseUsage="X">
                    <Description>If XON.10 (Organization Identifier) is valued.</Description>
                    <Condition>
                        <Presence Path="10[1]"/>
                    </Condition>
                </Predicate>
                <Predicate ID="[XON_IZ]10[1]" Target="10[1]" TrueUsage="R" FalseUsage="RE">
                    <Description>If XON.1 (Organization Name) is valued.</Description>
                    <Condition>
                        <Presence Path="1[1]"/>
                    </Condition>
                </Predicate>
            </ByID>
            <ByID ID="481529fa-762a-4c5b-b115-d04451f8de3b">
                <Predicate ID="[HD_IZ]1[1]" Target="1[1]" TrueUsage="R" FalseUsage="O">
                    <Description>If HD.2 (Universal ID) is not valued.</Description>
                    <Condition>
                        <NOT>
                            <Presence Path="2[1]"/>
                        </NOT>
                    </Condition>
                </Predicate>
                <Predicate ID="[HD_IZ]2[1]" Target="2[1]" TrueUsage="R" FalseUsage="O">
                    <Description>If HD.1 (Namespace ID) is not valued.</Description>
                    <Condition>
                        <NOT>
                            <Presence Path="1[1]"/>
                        </NOT>
                    </Condition>
                </Predicate>
                <Predicate ID="[HD_IZ]3[1]" Target="3[1]" TrueUsage="R" FalseUsage="X">
                    <Description>If HD.2 (Universal ID) is valued.</Description>
                    <Condition>
                        <Presence Path="2[1]"/>
                    </Condition>
                </Predicate>
            </ByID>
            <ByID ID="c390fb34-80ae-40b5-b40a-082cff55bad0">
                <Predicate ID="[XON_IZ]6[1]" Target="6[1]" TrueUsage="R" FalseUsage="O">
                    <Description>If XON.10 (Organization Identifier) is valued.</Description>
                    <Condition>
                        <Presence Path="10[1]"/>
                    </Condition>
                </Predicate>
                <Predicate ID="[XON_IZ]7[1]" Target="7[1]" TrueUsage="R" FalseUsage="X">
                    <Description>If XON.10 (Organization Identifier) is valued.</Description>
                    <Condition>
                        <Presence Path="10[1]"/>
                    </Condition>
                </Predicate>
                <Predicate ID="[XON_IZ]10[1]" Target="10[1]" TrueUsage="R" FalseUsage="RE">
                    <Description>If XON.1 (Organization Name) is valued.</Description>
                    <Condition>
                        <Presence Path="1[1]"/>
                    </Condition>
                </Predicate>
            </ByID>
            <ByID ID="ac10ff29-a557-4a8a-8838-d2528d3bf870">
                <Predicate ID="[HD_IZ]1[1]" Target="1[1]" TrueUsage="R" FalseUsage="O">
                    <Description>If HD.2 (Universal ID) is not valued.</Description>
                    <Condition>
                        <NOT>
                            <Presence Path="2[1]"/>
                        </NOT>
                    </Condition>
                </Predicate>
                <Predicate ID="[HD_IZ]2[1]" Target="2[1]" TrueUsage="R" FalseUsage="O">
                    <Description>If HD.1 (Namespace ID) is not valued.</Description>
                    <Condition>
                        <NOT>
                            <Presence Path="1[1]"/>
                        </NOT>
                    </Condition>
                </Predicate>
                <Predicate ID="[HD_IZ]3[1]" Target="3[1]" TrueUsage="R" FalseUsage="X">
                    <Description>If HD.2 (Universal ID) is valued.</Description>
                    <Condition>
                        <Presence Path="2[1]"/>
                    </Condition>
                </Predicate>
            </ByID>
            <ByID ID="dd01c90a-5dbd-4b54-8cdf-61832fb427c3">
                <Predicate ID="[ERL_IZ]4[1]" Target="4[1]" TrueUsage="R" FalseUsage="RE">
                    <Description>If ERL.4 (Field Repetition) is valued.</Description>
                    <Condition>
                        <Presence Path="4[1]"/>
                    </Condition>
                </Predicate>
                <Predicate ID="[ERL_IZ]5[1]" Target="5[1]" TrueUsage="R" FalseUsage="RE">
                    <Description>If ERL.5 (Component Number) is valued.</Description>
                    <Condition>
                        <Presence Path="5[1]"/>
                    </Condition>
                </Predicate>
                <Predicate ID="[ERL_IZ]6[1]" Target="6[1]" TrueUsage="R" FalseUsage="RE">
                    <Description>If ERL.6 (Sub-Component Number) is valued.</Description>
                    <Condition>
                        <Presence Path="6[1]"/>
                    </Condition>
                </Predicate>
            </ByID>
            <ByID ID="401715c2-69c9-45b4-a86c-71b34b6a6c09">
                <Predicate ID="[CWE_IZ]3[1]" Target="3[1]" TrueUsage="R" FalseUsage="X">
                    <Description>If CWE.1 (Identifier) is valued.</Description>
                    <Condition>
                        <Presence Path="1[1]"/>
                    </Condition>
                </Predicate>
                <Predicate ID="[CWE_IZ]5[1]" Target="5[1]" TrueUsage="RE" FalseUsage="X">
                    <Description>If CWE.4 (Alternate Identifier) is valued.</Description>
                    <Condition>
                        <Presence Path="4[1]"/>
                    </Condition>
                </Predicate>
                <Predicate ID="[CWE_IZ]6[1]" Target="6[1]" TrueUsage="R" FalseUsage="X">
                    <Description>If CWE.4 (Alternate Identifier) is valued.</Description>
                    <Condition>
                        <Presence Path="4[1]"/>
                    </Condition>
                </Predicate>
            </ByID>
            <ByID ID="d6f4215c-ed51-4161-886e-d53dee3f64ff">
                <Predicate ID="[CWE_IZ]3[1]" Target="3[1]" TrueUsage="R" FalseUsage="X">
                    <Description>If CWE.1 (Identifier) is valued.</Description>
                    <Condition>
                        <Presence Path="1[1]"/>
                    </Condition>
                </Predicate>
                <Predicate ID="[CWE_IZ]5[1]" Target="5[1]" TrueUsage="RE" FalseUsage="X">
                    <Description>If CWE.4 (Alternate Identifier) is valued.</Description>
                    <Condition>
                        <Presence Path="4[1]"/>
                    </Condition>
                </Predicate>
                <Predicate ID="[CWE_IZ]6[1]" Target="6[1]" TrueUsage="R" FalseUsage="X">
                    <Description>If CWE.4 (Alternate Identifier) is valued.</Description>
                    <Condition>
                        <Presence Path="4[1]"/>
                    </Condition>
                </Predicate>
            </ByID>
            <ByID ID="cfff16a3-4c55-4c54-905d-ec01ac997dbe">
                <Predicate ID="[CE_IZ]5[1]" Target="5[1]" TrueUsage="RE" FalseUsage="X">
                    <Description>If CE.4 (Alternate Identifier) is valued.</Description>
                    <Condition>
                        <Presence Path="4[1]"/>
                    </Condition>
                </Predicate>
                <Predicate ID="[CE_IZ]6[1]" Target="6[1]" TrueUsage="R" FalseUsage="X">
                    <Description>If CE.4 (Alternate Identifier) is valued.</Description>
                    <Condition>
                        <Presence Path="4[1]"/>
                    </Condition>
                </Predicate>
            </ByID>
            <ByID ID="4a48f501-29bd-467b-aa8d-cca57ccb00ab">
                <Predicate ID="[CX_IZ]3[1]" Target="3[1]" TrueUsage="O" FalseUsage="X">
                    <Description>If CX.2 (Check Digit) is valued.</Description>
                    <Condition>
                        <Presence Path="2[1]"/>
                    </Condition>
                </Predicate>
            </ByID>
            <ByID ID="96fb82f3-890c-4af7-bf15-1e8bf9ca6458">
                <Predicate ID="[HD_IZ]1[1]" Target="1[1]" TrueUsage="R" FalseUsage="O">
                    <Description>If HD.2 (Universal ID) is not valued.</Description>
                    <Condition>
                        <NOT>
                            <Presence Path="2[1]"/>
                        </NOT>
                    </Condition>
                </Predicate>
                <Predicate ID="[HD_IZ]2[1]" Target="2[1]" TrueUsage="R" FalseUsage="O">
                    <Description>If HD.1 (Namespace ID) is not valued.</Description>
                    <Condition>
                        <NOT>
                            <Presence Path="1[1]"/>
                        </NOT>
                    </Condition>
                </Predicate>
                <Predicate ID="[HD_IZ]3[1]" Target="3[1]" TrueUsage="R" FalseUsage="X">
                    <Description>If HD.2 (Universal ID) is valued.</Description>
                    <Condition>
                        <Presence Path="2[1]"/>
                    </Condition>
                </Predicate>
            </ByID>
            <ByID ID="383b5ac9-b47e-46f9-8660-7a6edcc8c7a0">
                <Predicate ID="[XTN_IZ]4[1]" Target="4[1]" TrueUsage="R" FalseUsage="X">
                    <Description>If the value of XTN.2 (Telecommunication Use Code) is 'NET'.</Description>
                    <Condition>
                        <PlainText Path="4[1]" Text="NET" IgnoreCase="true"/>
                    </Condition>
                </Predicate>
                <Predicate ID="[XTN_IZ]6[1]" Target="6[1]" TrueUsage="RE" FalseUsage="X">
                    <Description>If the value of XTN.2 (Telecommunication Use Code) is not 'NET'.</Description>
                    <Condition>
                        <NOT>
                            <PlainText Path="6[1]" Text="NET" IgnoreCase="true"/>
                        </NOT>
                    </Condition>
                </Predicate>
                <Predicate ID="[XTN_IZ]7[1]" Target="7[1]" TrueUsage="R" FalseUsage="X">
                    <Description>If the value of XTN.2 (Telecommunication Use Code) is not 'NET'.</Description>
                    <Condition>
                        <NOT>
                            <PlainText Path="7[1]" Text="NET" IgnoreCase="true"/>
                        </NOT>
                    </Condition>
                </Predicate>
            </ByID>
            <ByID ID="5d62ecfe-7a05-4d34-b034-361171a92f2f">
                <Predicate ID="[HD_IZ]1[1]" Target="1[1]" TrueUsage="R" FalseUsage="O">
                    <Description>If HD.2 (Universal ID) is not valued.</Description>
                    <Condition>
                        <NOT>
                            <Presence Path="2[1]"/>
                        </NOT>
                    </Condition>
                </Predicate>
                <Predicate ID="[HD_IZ]2[1]" Target="2[1]" TrueUsage="R" FalseUsage="O">
                    <Description>If HD.1 (Namespace ID) is not valued.</Description>
                    <Condition>
                        <NOT>
                            <Presence Path="1[1]"/>
                        </NOT>
                    </Condition>
                </Predicate>
                <Predicate ID="[HD_IZ]3[1]" Target="3[1]" TrueUsage="R" FalseUsage="X">
                    <Description>If HD.2 (Universal ID) is valued.</Description>
                    <Condition>
                        <Presence Path="2[1]"/>
                    </Condition>
                </Predicate>
            </ByID>
            <ByID ID="bf6a9e4f-2ed3-4713-9a6d-f5c37ceb372a">
                <Predicate ID="[CX_IZ]3[1]" Target="3[1]" TrueUsage="O" FalseUsage="X">
                    <Description>If CX.2 (Check Digit) is valued.</Description>
                    <Condition>
                        <Presence Path="2[1]"/>
                    </Condition>
                </Predicate>
            </ByID>
            <ByID ID="754fa004-bb3a-44b0-b01a-33f7b908122b">
                <Predicate ID="[CX_IZ]3[1]" Target="3[1]" TrueUsage="O" FalseUsage="X">
                    <Description>If CX.2 (Check Digit) is valued.</Description>
                    <Condition>
                        <Presence Path="2[1]"/>
                    </Condition>
                </Predicate>
            </ByID>
            <ByID ID="b91a5480-6f87-4cb0-84d1-532ad6976748">
                <Predicate ID="[HD_IZ]1[1]" Target="1[1]" TrueUsage="R" FalseUsage="O">
                    <Description>If HD.2 (Universal ID) is not valued.</Description>
                    <Condition>
                        <NOT>
                            <Presence Path="2[1]"/>
                        </NOT>
                    </Condition>
                </Predicate>
                <Predicate ID="[HD_IZ]2[1]" Target="2[1]" TrueUsage="R" FalseUsage="O">
                    <Description>If HD.1 (Namespace ID) is not valued.</Description>
                    <Condition>
                        <NOT>
                            <Presence Path="1[1]"/>
                        </NOT>
                    </Condition>
                </Predicate>
                <Predicate ID="[HD_IZ]3[1]" Target="3[1]" TrueUsage="R" FalseUsage="X">
                    <Description>If HD.2 (Universal ID) is valued.</Description>
                    <Condition>
                        <Presence Path="2[1]"/>
                    </Condition>
                </Predicate>
            </ByID>
        </Datatype>
        <Segment>
            <ByID ID="e1ecf493-9273-4c49-8a4c-9d4201f8279f">
                <Predicate ID="[PID_IZ 1_5_Z31]25[1]" Target="25[1]" TrueUsage="RE" FalseUsage="O">
                    <Description>If the value of PID.24 (Multiple Birth Indicator) is 'Y'.</Description>
                    <Condition>
                        <PlainText Path="24[1]" Text="Y" IgnoreCase="true"/>
                    </Condition>
                </Predicate>
                <Predicate ID="[PID_IZ 1_5_Z31]29[1]" Target="29[1]" TrueUsage="RE" FalseUsage="X">
                    <Description>If the value of PID.30 (Patient Death Indicator) is 'Y'.</Description>
                    <Condition>
                        <PlainText Path="30[1]" Text="Y" IgnoreCase="true"/>
                    </Condition>
                </Predicate>
            </ByID>
            <ByID ID="66e1adc5-f4e6-4b90-89d0-d81ca4b2af6b">
                <Predicate ID="[PD1_IZ 1_5]13[1]" Target="13[1]" TrueUsage="RE" FalseUsage="X">
                    <Description>If PD1.12 (Protection Indicator) is valued.</Description>
                    <Condition>
                        <Presence Path="12[1]"/>
                    </Condition>
                </Predicate>
                <Predicate ID="[PD1_IZ 1_5]17[1]" Target="17[1]" TrueUsage="RE" FalseUsage="X">
                    <Description>If PD1.16 (Immunization Registry Status) is valued.</Description>
                    <Condition>
                        <Presence Path="16[1]"/>
                    </Condition>
                </Predicate>
                <Predicate ID="[PD1_IZ 1_5]18[1]" Target="18[1]" TrueUsage="RE" FalseUsage="X">
                    <Description>If PD1.11 (Publicity Code) is valued.</Description>
                    <Condition>
                        <Presence Path="11[1]"/>
                    </Condition>
                </Predicate>
            </ByID>
        </Segment>
        <Group/>
    </Predicates>
    <Constraints>
        <Datatype>
            <ByID ID="727c057d-5bec-49de-95c6-324ca62b22b9">
                <Constraint ID="IZ-5" Target="2[1]">
                    <Description>The value of HD.2 (Universal ID) SHALL be formatted with ISO-compliant OID.</Description>
                    <Assertion>
                        <Format Path="2[1]" Regex="[0-2](\.(0|[1-9][0-9]*))*"/>
                    </Assertion>
                </Constraint>
                <Constraint ID="IZ-6" Target="3[1]">
                    <Description>The value of HD.3 (Universal ID Type) SHALL be 'ISO'.</Description>
                    <Assertion>
                        <PlainText Path="3[1]" Text="ISO" IgnoreCase="true"/>
                    </Assertion>
                </Constraint>
            </ByID>
            <ByID ID="0cb89d64-9da7-4f27-abfb-d0e50fb12fc4">
                <Constraint ID="IZ-5" Target="2[1]">
                    <Description>The value of HD.2 (Universal ID) SHALL be formatted with ISO-compliant OID.</Description>
                    <Assertion>
                        <Format Path="2[1]" Regex="[0-2](\.(0|[1-9][0-9]*))*"/>
                    </Assertion>
                </Constraint>
                <Constraint ID="IZ-6" Target="3[1]">
                    <Description>The value of HD.3 (Universal ID Type) SHALL be 'ISO'.</Description>
                    <Assertion>
                        <PlainText Path="3[1]" Text="ISO" IgnoreCase="true"/>
                    </Assertion>
                </Constraint>
            </ByID>
            <ByID ID="9da1c9d5-a8cc-4b75-8e16-9d8cdcf1ff88">
                <Constraint ID="IZ-5" Target="2[1]">
                    <Description>The value of HD.2 (Universal ID) SHALL be formatted with ISO-compliant OID.</Description>
                    <Assertion>
                        <Format Path="2[1]" Regex="[0-2](\.(0|[1-9][0-9]*))*"/>
                    </Assertion>
                </Constraint>
                <Constraint ID="IZ-6" Target="3[1]">
                    <Description>The value of HD.3 (Universal ID Type) SHALL be 'ISO'.</Description>
                    <Assertion>
                        <PlainText Path="3[1]" Text="ISO" IgnoreCase="true"/>
                    </Assertion>
                </Constraint>
            </ByID>
            <ByID ID="aca7ff5f-a06e-4e09-af84-f5bb0ecf7e7a">
                <Constraint ID="IZ-5" Target="2[1]">
                    <Description>The value of HD.2 (Universal ID) SHALL be formatted with ISO-compliant OID.</Description>
                    <Assertion>
                        <Format Path="2[1]" Regex="[0-2](\.(0|[1-9][0-9]*))*"/>
                    </Assertion>
                </Constraint>
                <Constraint ID="IZ-6" Target="3[1]">
                    <Description>The value of HD.3 (Universal ID Type) SHALL be 'ISO'.</Description>
                    <Assertion>
                        <PlainText Path="3[1]" Text="ISO" IgnoreCase="true"/>
                    </Assertion>
                </Constraint>
            </ByID>
            <ByID ID="bce0751e-4807-4e23-9dbc-74306cce1c4b">
                <Constraint ID="IZ-3" Target="3[1]">
                    <Description>The value of EI.3 (Universal ID) SHALL be formatted with ISO-compliant OID.</Description>
                    <Assertion>
                        <Format Path="3[1]" Regex="[0-2](\.(0|[1-9][0-9]*))*"/>
                    </Assertion>
                </Constraint>
                <Constraint ID="IZ-4" Target="4[1]">
                    <Description>The value of EI.4 (Universal ID Type) SHALL be 'ISO'.</Description>
                    <Assertion>
                        <PlainText Path="4[1]" Text="ISO" IgnoreCase="true"/>
                    </Assertion>
                </Constraint>
            </ByID>
            <ByID ID="481529fa-762a-4c5b-b115-d04451f8de3b">
                <Constraint ID="IZ-5" Target="2[1]">
                    <Description>The value of HD.2 (Universal ID) SHALL be formatted with ISO-compliant OID.</Description>
                    <Assertion>
                        <Format Path="2[1]" Regex="[0-2](\.(0|[1-9][0-9]*))*"/>
                    </Assertion>
                </Constraint>
                <Constraint ID="IZ-6" Target="3[1]">
                    <Description>The value of HD.3 (Universal ID Type) SHALL be 'ISO'.</Description>
                    <Assertion>
                        <PlainText Path="3[1]" Text="ISO" IgnoreCase="true"/>
                    </Assertion>
                </Constraint>
            </ByID>
            <ByID ID="ac10ff29-a557-4a8a-8838-d2528d3bf870">
                <Constraint ID="IZ-5" Target="2[1]">
                    <Description>The value of HD.2 (Universal ID) SHALL be formatted with ISO-compliant OID.</Description>
                    <Assertion>
                        <Format Path="2[1]" Regex="[0-2](\.(0|[1-9][0-9]*))*"/>
                    </Assertion>
                </Constraint>
                <Constraint ID="IZ-6" Target="3[1]">
                    <Description>The value of HD.3 (Universal ID Type) SHALL be 'ISO'.</Description>
                    <Assertion>
                        <PlainText Path="3[1]" Text="ISO" IgnoreCase="true"/>
                    </Assertion>
                </Constraint>
            </ByID>
            <ByID ID="96fb82f3-890c-4af7-bf15-1e8bf9ca6458">
                <Constraint ID="IZ-5" Target="2[1]">
                    <Description>The value of HD.2 (Universal ID) SHALL be formatted with ISO-compliant OID.</Description>
                    <Assertion>
                        <Format Path="2[1]" Regex="[0-2](\.(0|[1-9][0-9]*))*"/>
                    </Assertion>
                </Constraint>
                <Constraint ID="IZ-6" Target="3[1]">
                    <Description>The value of HD.3 (Universal ID Type) SHALL be 'ISO'.</Description>
                    <Assertion>
                        <PlainText Path="3[1]" Text="ISO" IgnoreCase="true"/>
                    </Assertion>
                </Constraint>
            </ByID>
            <ByID ID="5d62ecfe-7a05-4d34-b034-361171a92f2f">
                <Constraint ID="IZ-5" Target="2[1]">
                    <Description>The value of HD.2 (Universal ID) SHALL be formatted with ISO-compliant OID.</Description>
                    <Assertion>
                        <Format Path="2[1]" Regex="[0-2](\.(0|[1-9][0-9]*))*"/>
                    </Assertion>
                </Constraint>
                <Constraint ID="IZ-6" Target="3[1]">
                    <Description>The value of HD.3 (Universal ID Type) SHALL be 'ISO'.</Description>
                    <Assertion>
                        <PlainText Path="3[1]" Text="ISO" IgnoreCase="true"/>
                    </Assertion>
                </Constraint>
            </ByID>
            <ByID ID="b91a5480-6f87-4cb0-84d1-532ad6976748">
                <Constraint ID="IZ-5" Target="2[1]">
                    <Description>The value of HD.2 (Universal ID) SHALL be formatted with ISO-compliant OID.</Description>
                    <Assertion>
                        <Format Path="2[1]" Regex="[0-2](\.(0|[1-9][0-9]*))*"/>
                    </Assertion>
                </Constraint>
                <Constraint ID="IZ-6" Target="3[1]">
                    <Description>The value of HD.3 (Universal ID Type) SHALL be 'ISO'.</Description>
                    <Assertion>
                        <PlainText Path="3[1]" Text="ISO" IgnoreCase="true"/>
                    </Assertion>
                </Constraint>
            </ByID>
        </Datatype>
        <Segment>
            <ByID ID="23fabb51-3f54-400d-ab3f-e6adff0f7c1b">
                <Constraint ID="IZ-12" Target="1[1]">
                    <Description>The value of MSH.1 (Field Separator) SHALL be '|'.</Description>
                    <Assertion>
                        <PlainText Path="1[1]" Text="|" IgnoreCase="true"/>
                    </Assertion>
                </Constraint>
                <Constraint ID="IZ-13" Target="2[1]">
                    <Description>The value of MSH.2 (Encoding Characters) SHALL be '^~\&amp;'.</Description>
                    <Assertion>
                        <PlainText Path="2[1]" Text="^~\&amp;" IgnoreCase="true"/>
                    </Assertion>
                </Constraint>
                <Constraint ID="IZ-TS_Z" Target="7[1]">
                    <Description>The value of MSH.7.1 (Time) SHALL be formatted with YYYYMMDD+-ZZZZ.</Description>
                    <Assertion>
                        <Format Path="7[1].1[1]" Regex="([0-9]{4})((0[1-9])|(1[0-2]))((0[1-9])|([1-2][0-9])|(3[0-1])).*((\+|\-)[0-9]{4})"/>
                    </Assertion>
                </Constraint>
                <Constraint ID="IZ-59" Target="9[1]">
                    <Description>The value of MSH.9 (Message Type) SHALL be 'RSP^K11^RSP_K11'.</Description>
                    <Assertion>
                        <AND>
                            <PlainText Path="9[1].1[1]" Text="RSP" IgnoreCase="true"/>
                            <AND>
                                <PlainText Path="9[1].2[1]" Text="K11" IgnoreCase="true"/>
                                <PlainText Path="9[1].3[1]" Text="RSP_K11" IgnoreCase="true"/>
                            </AND>
                        </AND>
                    </Assertion>
                </Constraint>
                <Constraint ID="IZ-15" Target="12[1]">
                    <Description>The value of MSH.12.1 (Version ID) SHALL be '2.5.1'.</Description>
                    <Assertion>
                        <PlainText Path="12[1].1[1]" Text="2.5.1" IgnoreCase="true"/>
                    </Assertion>
                </Constraint>
                <Constraint ID="IZ-53" Target="15[1]">
                    <Description>The value of MSH.15 (Accept Acknowledgment Type) SHALL be 'NE'.</Description>
                    <Assertion>
                        <PlainText Path="15[1]" Text="NE" IgnoreCase="true"/>
                    </Assertion>
                </Constraint>
                <Constraint ID="IZ-52" Target="16[1]">
                    <Description>The value of MSH.16 (Application Acknowledgment Type) SHALL be 'NE'.</Description>
                    <Assertion>
                        <PlainText Path="16[1]" Text="NE" IgnoreCase="true"/>
                    </Assertion>
                </Constraint>
                <Constraint ID="IZ-61" Target="21[1]">
                    <Description>The value of MSH.21 (Message Profile Identifier) SHALL be 'Z31^CDCPHINVS'.</Description>
                    <Assertion>
                        <AND>
                            <PlainText Path="21[1].1[1]" Text="Z31" IgnoreCase="true"/>
                            <PlainText Path="21[1].2[1]" Text="CDCPHINVS" IgnoreCase="true"/>
                        </AND>
                    </Assertion>
                </Constraint>
            </ByID>
            <ByID ID="e1ecf493-9273-4c49-8a4c-9d4201f8279f">
                <Constraint ID="IZ-XX" Target="5[1]">
                    <Description>The value of PID.5[1].7 (Name Type Code) SHALL be 'L'.</Description>
                    <Assertion>
                        <PlainText Path="5[1].7[1]" Text="L" IgnoreCase="true"/>
                    </Assertion>
                </Constraint>
                <Constraint ID="IZ-XX" Target="13[1]">
                    <Description>The value of PID.13[1].2 (Telecommunication Use Code) SHALL be 'PRN'.</Description>
                    <Assertion>
                        <PlainText Path="13[1].2[1]" Text="PRN" IgnoreCase="true"/>
                    </Assertion>
                </Constraint>
            </ByID>
        </Segment>
        <Group/>
    </Constraints>
</ConformanceContext>
