<?xml version="1.0" encoding="UTF-8"?>
<ConformanceProfile ID="f004db16-2707-4bce-a6eb-ef9dc351d089">
    <Messages>
        <Message ID="24a50486-7751-4e56-b699-651322545df7" Type="RSP" Event="K11" StructID="RSP_K11" Description="Segment pattern response">
            <Segment Ref="MSH_IZ31" Usage="R" Min="1" Max="1"/>
            <Segment Ref="SFT_IZ_V5_RSP_Z32_146" Usage="X" Min="0" Max="*"/>
            <Segment Ref="MSA_IZ1_5" Usage="R" Min="1" Max="1"/>
            <Segment Ref="ERR_IZ_1_5" Usage="RE" Min="0" Max="1"/>
            <Segment Ref="QAK_IZ1_5" Usage="R" Min="1" Max="1"/>
            <Segment Ref="QPD_IZ1_5" Usage="R" Min="1" Max="1"/>
            <Group Name="RSP_K11.ROW_DEFINITION" Usage="X" Min="0" Max="1">
                <Segment Ref="RDF_IZ_V_5_RSP_Z32_236" Usage="R" Min="1" Max="1"/>
                <Segment Ref="RDT_IZ_V_5_RSP_Z32_263" Usage="O" Min="0" Max="*"/>
            </Group>
            <Segment Ref="DSC_IZ_V_5_RSP_Z32_52" Usage="X" Min="0" Max="1"/>
            <Group Name="PATIENT" Usage="R" Min="1" Max="*">
                <Segment Ref="PID_IZ 1_5_Z31" Usage="R" Min="1" Max="1"/>
                <Segment Ref="PD1_IZ 1_5" Usage="O" Min="0" Max="1"/>
                <Segment Ref="NK1_IZ 1_5" Usage="O" Min="0" Max="*"/>
            </Group>
        </Message>
    </Messages>
    <Segments>
        <Segment ID="MSH_IZ31" Name="MSH" Description="Message Header">
            <Field Name="Field Separator" Usage="R" Min="1" Max="1" Datatype="ST" MinLength="1" MaxLength="1" ItemNo="00001"/>
            <Field Name="Encoding Characters" Usage="R" Min="1" Max="1" Datatype="ST" MinLength="4" MaxLength="4" ItemNo="00002"/>
            <Field Name="Sending Application" Usage="RE" Min="0" Max="1" Datatype="HD_IZ" MinLength="1" MaxLength="227" Table="HL70361_IZ" ItemNo="00003"/>
            <Field Name="Sending Facility" Usage="RE" Min="0" Max="1" Datatype="HD_IZ" MinLength="1" MaxLength="227" Table="HL70362_IZ" ItemNo="00004"/>
            <Field Name="Receiving Application" Usage="RE" Min="0" Max="1" Datatype="HD_IZ" MinLength="1" MaxLength="227" Table="HL70361_IZ" ItemNo="00005"/>
            <Field Name="Receiving Facility" Usage="RE" Min="0" Max="1" Datatype="HD_IZ" MinLength="1" MaxLength="227" Table="HL70362_IZ" ItemNo="00006"/>
            <Field Name="Date/Time Of Message" Usage="R" Min="1" Max="1" Datatype="TS_Z" MinLength="1" MaxLength="26" ItemNo="00007"/>
            <Field Name="Security" Usage="O" Min="0" Max="1" Datatype="ST" MinLength="1" MaxLength="40" ItemNo="00008"/>
            <Field Name="Message Type" Usage="R" Min="1" Max="1" Datatype="MSG_IZ_RSP" MinLength="1" MaxLength="15" ItemNo="00009"/>
            <Field Name="Message Control ID" Usage="R" Min="1" Max="1" Datatype="ST" MinLength="1" MaxLength="199" ItemNo="00010"/>
            <Field Name="Processing ID" Usage="R" Min="1" Max="1" Datatype="PT_IZ" MinLength="1" MaxLength="3" ItemNo="00011"/>
            <Field Name="Version ID" Usage="R" Min="1" Max="1" Datatype="VID_IZ" MinLength="1" MaxLength="60" ItemNo="00012"/>
            <Field Name="Sequence Number" Usage="O" Min="0" Max="1" Datatype="NM" MinLength="1" MaxLength="15" ItemNo="00013"/>
            <Field Name="Continuation Pointer" Usage="O" Min="0" Max="1" Datatype="ST" MinLength="1" MaxLength="180" ItemNo="00014"/>
            <Field Name="Accept Acknowledgment Type" Usage="R" Min="1" Max="1" Datatype="ID" MinLength="1" MaxLength="2" Table="HL70155_IZ" ItemNo="00015"/>
            <Field Name="Application Acknowledgment Type" Usage="R" Min="1" Max="1" Datatype="ID" MinLength="1" MaxLength="2" Table="HL70155_IZ" ItemNo="00016"/>
            <Field Name="Country Code" Usage="O" Min="0" Max="0" Datatype="ID" MinLength="1" MaxLength="3" Table="0399" ItemNo="00017"/>
            <Field Name="Character Set" Usage="O" Min="0" Max="0" Datatype="ID" MinLength="1" MaxLength="16" Table="0211" ItemNo="00692"/>
            <Field Name="Principal Language Of Message" Usage="O" Min="0" Max="0" Datatype="CE" MinLength="1" MaxLength="250" ItemNo="00693"/>
            <Field Name="Alternate Character Set Handling Scheme" Usage="O" Min="0" Max="0" Datatype="ID" MinLength="1" MaxLength="20" Table="0356" ItemNo="01317"/>
            <Field Name="Message Profile Identifier" Usage="R" Min="1" Max="1" Datatype="EI_IZ_RSP_Z31" MinLength="1" MaxLength="427" Table="PHVS_ImmunizationProfileIdentifier_IIS" ItemNo="01598"/>
            <Field Name="Sending Responsible Organization" Usage="RE" Min="0" Max="1" Datatype="XON_IZ" MinLength="1" MaxLength="*" Table="HL70362_IZ"/>
            <Field Name="Receiving Responsible Organization" Usage="RE" Min="0" Max="1" Datatype="XON_IZ" MinLength="1" MaxLength="*" Table="HL70362_IZ"/>
        </Segment>
        <Segment ID="SFT_IZ_V5_RSP_Z32_146" Name="SFT" Description="Software Segment">
            <Field Name="Software Vendor Organization" Usage="R" Min="1" Max="1" Datatype="XON" MinLength="1" MaxLength="567" ItemNo="01834"/>
            <Field Name="Software Certified Version or Release Number" Usage="R" Min="1" Max="1" Datatype="ST" MinLength="1" MaxLength="15" ItemNo="01835"/>
            <Field Name="Software Product Name" Usage="R" Min="1" Max="1" Datatype="ST" MinLength="1" MaxLength="20" ItemNo="01836"/>
            <Field Name="Software Binary ID" Usage="R" Min="1" Max="1" Datatype="ST" MinLength="1" MaxLength="20" ItemNo="01837"/>
            <Field Name="Software Product Information" Usage="O" Min="0" Max="1" Datatype="TX" MinLength="1" MaxLength="1024" ItemNo="01838"/>
            <Field Name="Software Install Date" Usage="O" Min="0" Max="1" Datatype="TS" MinLength="1" MaxLength="26" ItemNo="01839"/>
        </Segment>
        <Segment ID="MSA_IZ1_5" Name="MSA" Description="Message Acknowledgment">
            <Field Name="Acknowledgment Code" Usage="R" Min="1" Max="1" Datatype="ID" MinLength="1" MaxLength="2" Table="HL70008_IZ" ItemNo="00018"/>
            <Field Name="Message Control ID" Usage="R" Min="1" Max="1" Datatype="ST" MinLength="1" MaxLength="20" ItemNo="00010"/>
            <Field Name="Text Message" Usage="X" Min="0" Max="0" Datatype="ST" MinLength="1" MaxLength="80" ItemNo="00020"/>
            <Field Name="Expected Sequence Number" Usage="O" Min="0" Max="1" Datatype="NM" MinLength="1" MaxLength="15" ItemNo="00021"/>
            <Field Name="Delayed Acknowledgment Type" Usage="X" Min="0" Max="0" Datatype="NUL" MinLength="1" MaxLength="1" ItemNo="00022"/>
            <Field Name="Error Condition" Usage="X" Min="0" Max="0" Datatype="CE" MinLength="1" MaxLength="250" Table="0357" ItemNo="00023"/>
        </Segment>
        <Segment ID="ERR_IZ_1_5" Name="ERR" Description="Error">
            <Field Name="Error Code and Location" Usage="X" Min="0" Max="0" Datatype="ELD" MinLength="1" MaxLength="493" ItemNo="00024"/>
            <Field Name="Error Location" Usage="RE" Min="0" Max="1" Datatype="ERL_IZ" MinLength="1" MaxLength="18" ItemNo="01812"/>
            <Field Name="HL7 Error Code" Usage="R" Min="1" Max="1" Datatype="CWE_IZ" MinLength="1" MaxLength="705" Table="HL70357_IZ" ItemNo="01813"/>
            <Field Name="Severity" Usage="R" Min="1" Max="1" Datatype="ID" MinLength="1" MaxLength="2" Table="HL70516_IZ" ItemNo="01814"/>
            <Field Name="Application Error Code" Usage="RE" Min="0" Max="1" Datatype="CWE_IZ" MinLength="1" MaxLength="705" Table="HL70533_IZ" ItemNo="01815"/>
            <Field Name="Application Error Parameter" Usage="O" Min="0" Max="10" Datatype="ST" MinLength="1" MaxLength="80" ItemNo="01816"/>
            <Field Name="Diagnostic Information" Usage="O" Min="0" Max="1" Datatype="TX" MinLength="1" MaxLength="2048" ItemNo="01817"/>
            <Field Name="User Message" Usage="RE" Min="0" Max="1" Datatype="TX" MinLength="1" MaxLength="250" ItemNo="01818"/>
            <Field Name="Inform Person Indicator" Usage="O" Min="0" Max="*" Datatype="IS" MinLength="1" MaxLength="20" Table="0517" ItemNo="01819"/>
            <Field Name="Override Type" Usage="O" Min="0" Max="1" Datatype="CWE" MinLength="1" MaxLength="705" Table="0518" ItemNo="01820"/>
            <Field Name="Override Reason Code" Usage="O" Min="0" Max="*" Datatype="CWE" MinLength="1" MaxLength="705" Table="0519" ItemNo="01821"/>
            <Field Name="Help Desk Contact Point" Usage="O" Min="0" Max="*" Datatype="XTN" MinLength="1" MaxLength="652" ItemNo="01822"/>
        </Segment>
        <Segment ID="QAK_IZ1_5" Name="QAK" Description="Query Acknowledgment">
            <Field Name="Query Tag" Usage="R" Min="1" Max="1" Datatype="ST" MinLength="1" MaxLength="32" ItemNo="00696"/>
            <Field Name="Query Response Status" Usage="R" Min="1" Max="1" Datatype="ID" MinLength="1" MaxLength="2" Table="HL70208_IZ" ItemNo="00708"/>
            <Field Name="Message Query Name" Usage="R" Min="1" Max="1" Datatype="CE_IZ" MinLength="1" MaxLength="250" ItemNo="01375"/>
            <Field Name="Hit Count" Usage="O" Min="0" Max="1" Datatype="NM" MinLength="1" MaxLength="10" ItemNo="01434"/>
            <Field Name="This payload" Usage="O" Min="0" Max="1" Datatype="NM" MinLength="1" MaxLength="10" ItemNo="01622"/>
            <Field Name="Hits remaining" Usage="O" Min="0" Max="1" Datatype="NM" MinLength="1" MaxLength="10" ItemNo="01623"/>
        </Segment>
        <Segment ID="QPD_IZ1_5" Name="QPD" Description="Query Parameter Definition">
            <Field Name="Message Query Name" Usage="R" Min="1" Max="1" Datatype="CE_IZ" MinLength="1" MaxLength="250" Table="0471" ItemNo="01375"/>
            <Field Name="Query Tag" Usage="R" Min="1" Max="1" Datatype="ST" MinLength="1" MaxLength="32" ItemNo="00696"/>
            <Field Name="PatientList" Usage="RE" Min="0" Max="*" Datatype="CX_IZ" MinLength="1" MaxLength="*"/>
            <Field Name="PatientName" Usage="RE" Min="0" Max="1" Datatype="XPN_IZ" MinLength="1" MaxLength="*"/>
            <Field Name="PatientMotherMaidenName" Usage="RE" Min="0" Max="1" Datatype="XPN_M" MinLength="1" MaxLength="*"/>
            <Field Name="PatientDateOfBirth" Usage="RE" Min="0" Max="1" Datatype="TS" MinLength="1" MaxLength="6"/>
            <Field Name="Patient Sex" Usage="RE" Min="0" Max="1" Datatype="IS" MinLength="1" MaxLength="1"/>
            <Field Name="Patient Address" Usage="RE" Min="0" Max="1" Datatype="XAD_IZ" MinLength="1" MaxLength="*"/>
            <Field Name="Phone" Usage="RE" Min="0" Max="1" Datatype="XTN_IZ" MinLength="1" MaxLength="*"/>
            <Field Name="Multiple birth indicator" Usage="RE" Min="0" Max="1" Datatype="ID" MinLength="1" MaxLength="*"/>
            <Field Name="Birth order" Usage="RE" Min="0" Max="1" Datatype="NM" MinLength="1" MaxLength="*"/>
            <Field Name="Client last updated date" Usage="O" Min="0" Max="1" Datatype="TS_NZ" MinLength="1" MaxLength="*"/>
            <Field Name="Client last updated facility" Usage="O" Min="0" Max="1" Datatype="HD_IZ" MinLength="1" MaxLength="*"/>
        </Segment>
        <Segment ID="RDF_IZ_V_5_RSP_Z32_236" Name="RDF" Description="Table Row Definition">
            <Field Name="Number of Columns per Row" Usage="R" Min="1" Max="1" Datatype="NM" MinLength="1" MaxLength="3" ItemNo="00701"/>
            <Field Name="Column Description" Usage="R" Min="1" Max="*" Datatype="RCD" MinLength="1" MaxLength="40" Table="0440" ItemNo="00702"/>
        </Segment>
        <Segment ID="RDT_IZ_V_5_RSP_Z32_263" Name="RDT" Description="Table Row Data">
            <Field Name="Column Value" Usage="R" Min="1" Max="1" Datatype="varies" MinLength="1" MaxLength="99999" ItemNo="00703"/>
        </Segment>
        <Segment ID="DSC_IZ_V_5_RSP_Z32_52" Name="DSC" Description="Continuation Pointer">
            <Field Name="Continuation Pointer" Usage="O" Min="0" Max="1" Datatype="ST" MinLength="1" MaxLength="180" ItemNo="00014"/>
            <Field Name="Continuation Style" Usage="O" Min="0" Max="1" Datatype="ID" MinLength="1" MaxLength="1" Table="0398" ItemNo="01354"/>
        </Segment>
        <Segment ID="PID_IZ 1_5_Z31" Name="PID" Description="Patient Identification">
            <Field Name="Set ID - PID" Usage="R" Min="1" Max="1" Datatype="SI" MinLength="1" MaxLength="4" ItemNo="00104"/>
            <Field Name="Patient ID" Usage="X" Min="0" Max="0" Datatype="CX" MinLength="1" MaxLength="20" ItemNo="00105"/>
            <Field Name="Patient Identifier List" Usage="R" Min="1" Max="*" Datatype="CX_IZ" MinLength="1" MaxLength="250" ItemNo="00106"/>
            <Field Name="Alternate Patient ID - PID" Usage="X" Min="0" Max="0" Datatype="CX" MinLength="1" MaxLength="20" ItemNo="00107"/>
            <Field Name="Patient Name" Usage="R" Min="1" Max="*" Datatype="XPN_IZ" MinLength="1" MaxLength="250" ItemNo="00108"/>
            <Field Name="Mother's Maiden Name" Usage="RE" Min="0" Max="1" Datatype="XPN_M" MinLength="1" MaxLength="250" ItemNo="00109"/>
            <Field Name="Date/Time of Birth" Usage="R" Min="1" Max="1" Datatype="TS_NZ" MinLength="1" MaxLength="26" ItemNo="00110"/>
            <Field Name="Administrative Sex" Usage="RE" Min="0" Max="1" Datatype="IS" MinLength="1" MaxLength="1" Table="HL70001_IZ" ItemNo="00111"/>
            <Field Name="Patient Alias" Usage="X" Min="0" Max="0" Datatype="XPN_IZ" MinLength="1" MaxLength="250" ItemNo="00112"/>
            <Field Name="Race" Usage="RE" Min="0" Max="*" Datatype="CE_IZ" MinLength="1" MaxLength="250" Table="HL70005_IZ" ItemNo="00113"/>
            <Field Name="Patient Address" Usage="RE" Min="0" Max="*" Datatype="XAD_IZ" MinLength="1" MaxLength="250" ItemNo="00114"/>
            <Field Name="County Code" Usage="X" Min="0" Max="0" Datatype="IS" MinLength="1" MaxLength="4" ItemNo="00115"/>
            <Field Name="Phone Number - Home" Usage="RE" Min="0" Max="*" Datatype="XTN_IZ" MinLength="1" MaxLength="250" ItemNo="00116"/>
            <Field Name="Phone Number - Business" Usage="O" Min="0" Max="*" Datatype="XTN" MinLength="1" MaxLength="250" ItemNo="00117"/>
            <Field Name="Primary Language" Usage="O" Min="0" Max="1" Datatype="CE" MinLength="1" MaxLength="250" Table="0296" ItemNo="00118"/>
            <Field Name="Marital Status" Usage="O" Min="0" Max="1" Datatype="CE" MinLength="1" MaxLength="250" Table="0002" ItemNo="00119"/>
            <Field Name="Religion" Usage="O" Min="0" Max="1" Datatype="CE" MinLength="1" MaxLength="250" Table="0006" ItemNo="00120"/>
            <Field Name="Patient Account Number" Usage="O" Min="0" Max="1" Datatype="CX" MinLength="1" MaxLength="250" ItemNo="00121"/>
            <Field Name="SSN Number - Patient" Usage="X" Min="0" Max="0" Datatype="ST" MinLength="1" MaxLength="16" ItemNo="00122"/>
            <Field Name="Driver's License Number - Patient" Usage="X" Min="0" Max="0" Datatype="DLN" MinLength="1" MaxLength="25" ItemNo="00123"/>
            <Field Name="Mother's Identifier" Usage="X" Min="0" Max="0" Datatype="CX" MinLength="1" MaxLength="250" ItemNo="00124"/>
            <Field Name="Ethnic Group" Usage="RE" Min="0" Max="1" Datatype="CE_IZ" MinLength="1" MaxLength="250" ItemNo="00125"/>
            <Field Name="Birth Place" Usage="O" Min="0" Max="1" Datatype="ST" MinLength="1" MaxLength="250" ItemNo="00126"/>
            <Field Name="Multiple Birth Indicator" Usage="RE" Min="0" Max="1" Datatype="ID" MinLength="1" MaxLength="1" Table="HL70136_IZ" ItemNo="00127"/>
            <Field Name="Birth Order" Usage="C" Min="0" Max="1" Datatype="NM" MinLength="1" MaxLength="2" ItemNo="00128"/>
            <Field Name="Citizenship" Usage="O" Min="0" Max="*" Datatype="CE" MinLength="1" MaxLength="250" Table="0171" ItemNo="00129"/>
            <Field Name="Veterans Military Status" Usage="O" Min="0" Max="1" Datatype="CE" MinLength="1" MaxLength="250" Table="0172" ItemNo="00130"/>
            <Field Name="Nationality" Usage="O" Min="0" Max="1" Datatype="CE" MinLength="1" MaxLength="250" Table="0212" ItemNo="00739"/>
            <Field Name="Patient Death Date and Time" Usage="C" Min="0" Max="1" Datatype="TS" MinLength="1" MaxLength="26" ItemNo="00740"/>
            <Field Name="Patient Death Indicator" Usage="RE" Min="0" Max="1" Datatype="ID" MinLength="1" MaxLength="1" Table="HL70136_IZ" ItemNo="00741"/>
            <Field Name="Identity Unknown Indicator" Usage="O" Min="0" Max="1" Datatype="ID" MinLength="1" MaxLength="1" Table="0136" ItemNo="01535"/>
            <Field Name="Identity Reliability Code" Usage="O" Min="0" Max="*" Datatype="IS" MinLength="1" MaxLength="20" Table="0445" ItemNo="01536"/>
            <Field Name="Last Update Date/Time" Usage="O" Min="0" Max="1" Datatype="TS" MinLength="1" MaxLength="26" ItemNo="01537"/>
            <Field Name="Last Update Facility" Usage="O" Min="0" Max="1" Datatype="HD" MinLength="1" MaxLength="241" ItemNo="01538"/>
            <Field Name="Species Code" Usage="O" Min="0" Max="1" Datatype="CE" MinLength="1" MaxLength="250" Table="0446" ItemNo="01539"/>
            <Field Name="Breed Code" Usage="O" Min="0" Max="1" Datatype="CE" MinLength="1" MaxLength="250" Table="0447" ItemNo="01540"/>
            <Field Name="Strain" Usage="O" Min="0" Max="1" Datatype="ST" MinLength="1" MaxLength="80" ItemNo="01541"/>
            <Field Name="Production Class Code" Usage="O" Min="0" Max="1" Datatype="CE" MinLength="1" MaxLength="250" Table="0429" ItemNo="01542"/>
            <Field Name="Tribal Citizenship" Usage="O" Min="0" Max="*" Datatype="CWE" MinLength="1" MaxLength="250" Table="0171" ItemNo="01840"/>
        </Segment>
        <Segment ID="PD1_IZ 1_5" Name="PD1" Description="Patient Additional Demographic">
            <Field Name="Living Dependency" Usage="O" Min="0" Max="*" Datatype="IS" MinLength="1" MaxLength="2" Table="0223" ItemNo="00755"/>
            <Field Name="Living Arrangement" Usage="O" Min="0" Max="1" Datatype="IS" MinLength="1" MaxLength="2" Table="0220" ItemNo="00742"/>
            <Field Name="Patient Primary Facility" Usage="O" Min="0" Max="*" Datatype="XON" MinLength="1" MaxLength="250" ItemNo="00756"/>
            <Field Name="Patient Primary Care Provider Name &amp; ID No." Usage="X" Min="0" Max="0" Datatype="XCN_IZ_ST" MinLength="1" MaxLength="250" ItemNo="00757"/>
            <Field Name="Student Indicator" Usage="O" Min="0" Max="1" Datatype="IS" MinLength="1" MaxLength="2" Table="0231" ItemNo="00745"/>
            <Field Name="Handicap" Usage="O" Min="0" Max="1" Datatype="IS" MinLength="1" MaxLength="2" Table="0295" ItemNo="00753"/>
            <Field Name="Living Will Code" Usage="O" Min="0" Max="1" Datatype="IS" MinLength="1" MaxLength="2" Table="0315" ItemNo="00759"/>
            <Field Name="Organ Donor Code" Usage="O" Min="0" Max="1" Datatype="IS" MinLength="1" MaxLength="2" Table="0316" ItemNo="00760"/>
            <Field Name="Separate Bill" Usage="O" Min="0" Max="1" Datatype="ID" MinLength="1" MaxLength="1" Table="0136" ItemNo="00761"/>
            <Field Name="Duplicate Patient" Usage="O" Min="0" Max="*" Datatype="CX" MinLength="1" MaxLength="250" ItemNo="00762"/>
            <Field Name="Publicity Code" Usage="RE" Min="0" Max="1" Datatype="CE_IZ" MinLength="1" MaxLength="250" Table="0215" ItemNo="00743"/>
            <Field Name="Protection Indicator" Usage="RE" Min="0" Max="1" Datatype="ID" MinLength="1" MaxLength="1" ItemNo="00744"/>
            <Field Name="Protection Indicator Effective Date" Usage="C" Min="0" Max="1" Datatype="DT" MinLength="1" MaxLength="8" ItemNo="01566"/>
            <Field Name="Place of Worship" Usage="O" Min="0" Max="*" Datatype="XON" MinLength="1" MaxLength="250" ItemNo="01567"/>
            <Field Name="Advance Directive Code" Usage="O" Min="0" Max="*" Datatype="CE" MinLength="1" MaxLength="250" Table="0435" ItemNo="01568"/>
            <Field Name="Immunization Registry Status" Usage="RE" Min="0" Max="1" Datatype="IS" MinLength="1" MaxLength="1" Table="HL70441_IZ" ItemNo="01569"/>
            <Field Name="Immunization Registry Status Effective Date" Usage="C" Min="0" Max="1" Datatype="DT" MinLength="1" MaxLength="8" ItemNo="01570"/>
            <Field Name="Publicity Code Effective Date" Usage="C" Min="0" Max="1" Datatype="DT" MinLength="1" MaxLength="8" ItemNo="01571"/>
            <Field Name="Military Branch" Usage="O" Min="0" Max="1" Datatype="IS" MinLength="1" MaxLength="5" Table="0140" ItemNo="01572"/>
            <Field Name="Military Rank/Grade" Usage="O" Min="0" Max="1" Datatype="IS" MinLength="1" MaxLength="2" Table="0141" ItemNo="00486"/>
            <Field Name="Military Status" Usage="O" Min="0" Max="1" Datatype="IS" MinLength="1" MaxLength="3" Table="0142" ItemNo="01573"/>
        </Segment>
        <Segment ID="NK1_IZ 1_5" Name="NK1" Description="Next of Kin / Associated Parties">
            <Field Name="Set ID - NK1" Usage="R" Min="1" Max="1" Datatype="SI" MinLength="1" MaxLength="4" ItemNo="00190"/>
            <Field Name="Name" Usage="R" Min="1" Max="*" Datatype="XPN_IZ" MinLength="1" MaxLength="250" ItemNo="00191"/>
            <Field Name="Relationship" Usage="R" Min="1" Max="1" Datatype="CE_IZ" MinLength="1" MaxLength="250" Table="HL70063_IZ" ItemNo="00192"/>
            <Field Name="Address" Usage="RE" Min="0" Max="*" Datatype="XAD_IZ" MinLength="1" MaxLength="250" ItemNo="00193"/>
            <Field Name="Phone Number" Usage="RE" Min="0" Max="*" Datatype="XTN_IZ" MinLength="1" MaxLength="250" ItemNo="00194"/>
            <Field Name="Business Phone Number" Usage="O" Min="0" Max="*" Datatype="XTN" MinLength="1" MaxLength="250" ItemNo="00195"/>
            <Field Name="Contact Role" Usage="O" Min="0" Max="1" Datatype="CE" MinLength="1" MaxLength="250" Table="0131" ItemNo="00196"/>
            <Field Name="Start Date" Usage="O" Min="0" Max="1" Datatype="DT" MinLength="1" MaxLength="8" ItemNo="00197"/>
            <Field Name="End Date" Usage="O" Min="0" Max="1" Datatype="DT" MinLength="1" MaxLength="8" ItemNo="00198"/>
            <Field Name="Next of Kin / Associated Parties Job Title" Usage="O" Min="0" Max="1" Datatype="ST" MinLength="1" MaxLength="60" ItemNo="00199"/>
            <Field Name="Next of Kin / Associated Parties Job Code/Class" Usage="O" Min="0" Max="1" Datatype="JCC" MinLength="1" MaxLength="20" Table="0327" ItemNo="00200"/>
            <Field Name="Next of Kin / Associated Parties Employee Number" Usage="O" Min="0" Max="1" Datatype="CX" MinLength="1" MaxLength="250" ItemNo="00201"/>
            <Field Name="Organization Name - NK1" Usage="O" Min="0" Max="*" Datatype="XON" MinLength="1" MaxLength="250" ItemNo="00202"/>
            <Field Name="Marital Status" Usage="O" Min="0" Max="1" Datatype="CE" MinLength="1" MaxLength="250" Table="0002" ItemNo="00119"/>
            <Field Name="Administrative Sex" Usage="O" Min="0" Max="1" Datatype="IS" MinLength="1" MaxLength="1" Table="0001" ItemNo="00111"/>
            <Field Name="Date/Time of Birth" Usage="O" Min="0" Max="1" Datatype="TS" MinLength="1" MaxLength="26" ItemNo="00110"/>
            <Field Name="Living Dependency" Usage="O" Min="0" Max="*" Datatype="IS" MinLength="1" MaxLength="2" Table="0223" ItemNo="00755"/>
            <Field Name="Ambulatory Status" Usage="O" Min="0" Max="*" Datatype="IS" MinLength="1" MaxLength="2" Table="0009" ItemNo="00145"/>
            <Field Name="Citizenship" Usage="O" Min="0" Max="*" Datatype="CE" MinLength="1" MaxLength="250" Table="0171" ItemNo="00129"/>
            <Field Name="Primary Language" Usage="O" Min="0" Max="1" Datatype="CE" MinLength="1" MaxLength="250" Table="0296" ItemNo="00118"/>
            <Field Name="Living Arrangement" Usage="O" Min="0" Max="1" Datatype="IS" MinLength="1" MaxLength="2" Table="0220" ItemNo="00742"/>
            <Field Name="Publicity Code" Usage="O" Min="0" Max="1" Datatype="CE" MinLength="1" MaxLength="250" Table="0215" ItemNo="00743"/>
            <Field Name="Protection Indicator" Usage="O" Min="0" Max="1" Datatype="ID" MinLength="1" MaxLength="1" Table="0136" ItemNo="00744"/>
            <Field Name="Student Indicator" Usage="O" Min="0" Max="1" Datatype="IS" MinLength="1" MaxLength="2" Table="0231" ItemNo="00745"/>
            <Field Name="Religion" Usage="O" Min="0" Max="1" Datatype="CE" MinLength="1" MaxLength="250" Table="0006" ItemNo="00120"/>
            <Field Name="Mother's Maiden Name" Usage="O" Min="0" Max="*" Datatype="XPN_IZ_ST" MinLength="1" MaxLength="250" ItemNo="00109"/>
            <Field Name="Nationality" Usage="O" Min="0" Max="1" Datatype="CE" MinLength="1" MaxLength="250" Table="0212" ItemNo="00739"/>
            <Field Name="Ethnic Group" Usage="O" Min="0" Max="*" Datatype="CE" MinLength="1" MaxLength="250" Table="0189" ItemNo="00125"/>
            <Field Name="Contact Reason" Usage="O" Min="0" Max="*" Datatype="CE" MinLength="1" MaxLength="250" Table="0222" ItemNo="00747"/>
            <Field Name="Contact Person's Name" Usage="O" Min="0" Max="*" Datatype="XPN_IZ_ST" MinLength="1" MaxLength="250" ItemNo="00748"/>
            <Field Name="Contact Person's Telephone Number" Usage="O" Min="0" Max="*" Datatype="XTN" MinLength="1" MaxLength="250" ItemNo="00749"/>
            <Field Name="Contact Person's Address" Usage="O" Min="0" Max="*" Datatype="XAD_IZ_ST" MinLength="1" MaxLength="250" ItemNo="00750"/>
            <Field Name="Next of Kin/Associated Party's Identifiers" Usage="O" Min="0" Max="*" Datatype="CX_IZ" MinLength="1" MaxLength="250" ItemNo="00751"/>
            <Field Name="Job Status" Usage="O" Min="0" Max="1" Datatype="IS" MinLength="1" MaxLength="2" Table="0311" ItemNo="00752"/>
            <Field Name="Race" Usage="O" Min="0" Max="*" Datatype="CE" MinLength="1" MaxLength="250" Table="0005" ItemNo="00113"/>
            <Field Name="Handicap" Usage="O" Min="0" Max="1" Datatype="IS" MinLength="1" MaxLength="2" Table="0295" ItemNo="00753"/>
            <Field Name="Contact Person Social Security Number" Usage="O" Min="0" Max="1" Datatype="ST" MinLength="1" MaxLength="16" ItemNo="00754"/>
            <Field Name="Next of Kin Birth Place" Usage="O" Min="0" Max="1" Datatype="ST" MinLength="1" MaxLength="250" ItemNo="01905"/>
            <Field Name="VIP Indicator" Usage="O" Min="0" Max="1" Datatype="IS" MinLength="1" MaxLength="2" Table="0099" ItemNo="00146"/>
        </Segment>
    </Segments>
    <Datatypes>
        <Datatype ID="TS_Z" Name="TS" Description="Time Stamp">
            <Component Name="Time" Usage="R" Datatype="DTM" MinLength="1" MaxLength="24"/>
            <Component Name="Degree of Precision" Usage="X" Datatype="ID" MinLength="1" MaxLength="1" Table="0529"/>
        </Datatype>
        <Datatype ID="CX_IZ" Name="CX" Description="Extended Composite ID with Check Digit">
            <Component Name="ID Number" Usage="R" Datatype="ST" MinLength="1" MaxLength="15"/>
            <Component Name="Check Digit" Usage="O" Datatype="ST" MinLength="1" MaxLength="1"/>
            <Component Name="Check Digit Scheme" Usage="C" Datatype="ID" MinLength="1" MaxLength="3" Table="HL70061_IZ"/>
            <Component Name="Assigning Authority" Usage="R" Datatype="HD_IZ" MinLength="1" MaxLength="227" Table="HL70363_IZ"/>
            <Component Name="Identifier Type Code" Usage="R" Datatype="ID" MinLength="2" MaxLength="5" Table="HL70203_IZ"/>
            <Component Name="Assigning Facility" Usage="O" Datatype="HD" MinLength="1" MaxLength="227"/>
            <Component Name="Effective Date" Usage="O" Datatype="DT" MinLength="1" MaxLength="8"/>
            <Component Name="Expiration Date" Usage="O" Datatype="DT" MinLength="1" MaxLength="8"/>
            <Component Name="Assigning Jurisdiction" Usage="O" Datatype="CWE" MinLength="1" MaxLength="705"/>
            <Component Name="Assigning Agency or Department" Usage="O" Datatype="CWE" MinLength="1" MaxLength="705"/>
        </Datatype>
        <Datatype ID="DT" Name="DT" Description="Date"/>
        <Datatype ID="XON" Name="XON" Description="Extended Composite Name and Identification Number for Organizations">
            <Component Name="Organization Name" Usage="O" Datatype="ST" MinLength="1" MaxLength="50"/>
            <Component Name="Organization Name Type Code" Usage="O" Datatype="IS" MinLength="1" MaxLength="20" Table="0204"/>
            <Component Name="ID Number" Usage="X" Datatype="NM" MinLength="1" MaxLength="4"/>
            <Component Name="Check Digit" Usage="O" Datatype="NM" MinLength="1" MaxLength="1"/>
            <Component Name="Check Digit Scheme" Usage="O" Datatype="ID" MinLength="1" MaxLength="3" Table="0061"/>
            <Component Name="Assigning Authority" Usage="O" Datatype="HD" MinLength="1" MaxLength="227" Table="0363"/>
            <Component Name="Identifier Type Code" Usage="O" Datatype="ID" MinLength="1" MaxLength="5" Table="0203"/>
            <Component Name="Assigning Facility" Usage="O" Datatype="HD" MinLength="1" MaxLength="227"/>
            <Component Name="Name Representation Code" Usage="O" Datatype="ID" MinLength="1" MaxLength="1" Table="0465"/>
            <Component Name="Organization Identifier" Usage="O" Datatype="ST" MinLength="1" MaxLength="20"/>
        </Datatype>
        <Datatype ID="DLN" Name="DLN" Description="Driver's License Number">
            <Component Name="License Number" Usage="R" Datatype="ST" MinLength="1" MaxLength="20"/>
            <Component Name="Issuing State, Province, Country" Usage="O" Datatype="IS" MinLength="1" MaxLength="20" Table="0333"/>
            <Component Name="Expiration Date" Usage="O" Datatype="DT" MinLength="1" MaxLength="24"/>
        </Datatype>
        <Datatype ID="EI_IZ_RSP_Z31" Name="EI" Description="Entity Identifier">
            <Component Name="Entity Identifier" Usage="R" Datatype="ST" MinLength="1" MaxLength="199"/>
            <Component Name="Namespace ID" Usage="C" Datatype="IS" MinLength="1" MaxLength="20" Table="HL70363_IZ"/>
            <Component Name="Universal ID" Usage="C" Datatype="ST" MinLength="1" MaxLength="199"/>
            <Component Name="Universal ID Type" Usage="C" Datatype="ID" MinLength="1" MaxLength="6" Table="HL70301_IZ"/>
        </Datatype>
        <Datatype ID="TS" Name="TS" Description="Time Stamp">
            <Component Name="Time" Usage="R" Datatype="DTM" MinLength="1" MaxLength="24"/>
            <Component Name="Degree of Precision" Usage="B" Datatype="ID" MinLength="1" MaxLength="1" Table="0529"/>
        </Datatype>
        <Datatype ID="PT_IZ" Name="PT" Description="Processing Type">
            <Component Name="Processing ID" Usage="R" Datatype="ID" MinLength="1" MaxLength="1" Table="HL70103_IZ"/>
            <Component Name="Processing Mode" Usage="O" Datatype="ID" MinLength="1" MaxLength="1" Table="0207"/>
        </Datatype>
        <Datatype ID="VID_IZ" Name="VID" Description="Version Identifier">
            <Component Name="Version ID" Usage="R" Datatype="ID" MinLength="5" MaxLength="5"/>
            <Component Name="Internationalization Code" Usage="O" Datatype="CE" MinLength="1" MaxLength="483" Table="0399"/>
            <Component Name="International Version ID" Usage="O" Datatype="CE" MinLength="1" MaxLength="483"/>
        </Datatype>
        <Datatype ID="ST" Name="ST" Description="String Data"/>
        <Datatype ID="DR_IZ_ST" Name="DR" Description="Date/Time Range">
            <Component Name="Range Start Date/Time" Usage="O" Datatype="DTM" MinLength="1" MaxLength="26"/>
            <Component Name="Range End Date/Time" Usage="O" Datatype="DTM" MinLength="1" MaxLength="26"/>
        </Datatype>
        <Datatype ID="CWE_IZ" Name="CWE" Description="Coded with Exceptions">
            <Component Name="Identifier" Usage="R" Datatype="ST" MinLength="1" MaxLength="999"/>
            <Component Name="Text" Usage="RE" Datatype="ST" MinLength="1" MaxLength="999"/>
            <Component Name="Name of Coding System" Usage="C" Datatype="ID" MinLength="1" MaxLength="20" Table="HL70396_IZ"/>
            <Component Name="Alternate Identifier" Usage="O" Datatype="ST" MinLength="1" MaxLength="999"/>
            <Component Name="Alternate Text" Usage="C" Datatype="ST" MinLength="1" MaxLength="999"/>
            <Component Name="Name of Alternate Coding System" Usage="C" Datatype="ID" MinLength="1" MaxLength="20" Table="HL70396_IZ"/>
            <Component Name="Coding System Version ID" Usage="O" Datatype="ST" MinLength="1" MaxLength="10"/>
            <Component Name="Alternate Coding System Version ID" Usage="O" Datatype="ST" MinLength="1" MaxLength="10"/>
            <Component Name="Original Text" Usage="O" Datatype="ST" MinLength="1" MaxLength="199"/>
        </Datatype>
        <Datatype ID="FN" Name="FN" Description="Family Name">
            <Component Name="Surname" Usage="R" Datatype="ST" MinLength="1" MaxLength="50"/>
            <Component Name="Own Surname Prefix" Usage="O" Datatype="ST" MinLength="1" MaxLength="20"/>
            <Component Name="Own Surname" Usage="O" Datatype="ST" MinLength="1" MaxLength="50"/>
            <Component Name="Surname Prefix From Partner/Spouse" Usage="O" Datatype="ST" MinLength="1" MaxLength="20"/>
            <Component Name="Surname From Partner/Spouse" Usage="O" Datatype="ST" MinLength="1" MaxLength="50"/>
        </Datatype>
        <Datatype ID="DR" Name="DR" Description="Date/Time Range">
            <Component Name="Range Start Date/Time" Usage="O" Datatype="TS" MinLength="1" MaxLength="26"/>
            <Component Name="Range End Date/Time" Usage="O" Datatype="TS" MinLength="1" MaxLength="26"/>
        </Datatype>
        <Datatype ID="ID" Name="ID" Description="String Data"/>
        <Datatype ID="RCD" Name="RCD" Description="Row Column Definition">
            <Component Name="Segment Field Name" Usage="O" Datatype="ST" MinLength="1" MaxLength="12"/>
            <Component Name="HL7 Data Type" Usage="O" Datatype="ID" MinLength="1" MaxLength="3" Table="0440"/>
            <Component Name="Maximum Column Width" Usage="O" Datatype="NM" MinLength="1" MaxLength="2"/>
        </Datatype>
        <Datatype ID="NUL" Name="NUL" Description="#FIXME#"/>
        <Datatype ID="ERL_IZ" Name="ERL" Description="Error Location">
            <Component Name="Segment ID" Usage="R" Datatype="ST" MinLength="3" MaxLength="3"/>
            <Component Name="Segment Sequence" Usage="R" Datatype="NM" MinLength="1" MaxLength="2"/>
            <Component Name="Field Position" Usage="RE" Datatype="NM" MinLength="1" MaxLength="2"/>
            <Component Name="Field Repetition" Usage="C" Datatype="NM" MinLength="1" MaxLength="2"/>
            <Component Name="Component Number" Usage="C" Datatype="NM" MinLength="1" MaxLength="2"/>
            <Component Name="Sub-Component Number" Usage="C" Datatype="NM" MinLength="1" MaxLength="2"/>
        </Datatype>
        <Datatype ID="SAD" Name="SAD" Description="Street Address">
            <Component Name="Street or Mailing Address" Usage="O" Datatype="ST" MinLength="1" MaxLength="120"/>
            <Component Name="Street Name" Usage="O" Datatype="ST" MinLength="1" MaxLength="50"/>
            <Component Name="Dwelling Number" Usage="O" Datatype="ST" MinLength="1" MaxLength="12"/>
        </Datatype>
        <Datatype ID="CX" Name="CX" Description="Extended Composite ID with Check Digit">
            <Component Name="ID Number" Usage="R" Datatype="ST" MinLength="1" MaxLength="15"/>
            <Component Name="Check Digit" Usage="O" Datatype="ST" MinLength="1" MaxLength="1"/>
            <Component Name="Check Digit Scheme" Usage="O" Datatype="ID" MinLength="1" MaxLength="3" Table="0061"/>
            <Component Name="Assigning Authority" Usage="O" Datatype="HD" MinLength="1" MaxLength="227" Table="0363"/>
            <Component Name="Identifier Type Code" Usage="O" Datatype="ID" MinLength="1" MaxLength="5" Table="0203"/>
            <Component Name="Assigning Facility" Usage="O" Datatype="HD" MinLength="1" MaxLength="227"/>
            <Component Name="Effective Date" Usage="O" Datatype="DT" MinLength="1" MaxLength="8"/>
            <Component Name="Expiration Date" Usage="O" Datatype="DT" MinLength="1" MaxLength="8"/>
            <Component Name="Assigning Jurisdiction" Usage="O" Datatype="CWE" MinLength="1" MaxLength="705"/>
            <Component Name="Assigning Agency or Department" Usage="O" Datatype="CWE" MinLength="1" MaxLength="705"/>
        </Datatype>
        <Datatype ID="HD" Name="HD" Description="Hierarchic Designator">
            <Component Name="Namespace ID" Usage="O" Datatype="IS" MinLength="1" MaxLength="20" Table="0300"/>
            <Component Name="Universal ID" Usage="C" Datatype="ST" MinLength="1" MaxLength="199"/>
            <Component Name="Universal ID Type" Usage="C" Datatype="ID" MinLength="1" MaxLength="6" Table="0301"/>
        </Datatype>
        <Datatype ID="XTN" Name="XTN" Description="Extended Telecommunication Number">
            <Component Name="Telephone Number" Usage="B" Datatype="ST" MinLength="1" MaxLength="199"/>
            <Component Name="Telecommunication Use Code" Usage="O" Datatype="ID" MinLength="1" MaxLength="3" Table="0201"/>
            <Component Name="Telecommunication Equipment Type" Usage="O" Datatype="ID" MinLength="1" MaxLength="8" Table="0202"/>
            <Component Name="Email Address" Usage="O" Datatype="ST" MinLength="1" MaxLength="199"/>
            <Component Name="Country Code" Usage="O" Datatype="NM" MinLength="1" MaxLength="3"/>
            <Component Name="Area/City Code" Usage="O" Datatype="NM" MinLength="1" MaxLength="5"/>
            <Component Name="Local Number" Usage="O" Datatype="NM" MinLength="1" MaxLength="9"/>
            <Component Name="Extension" Usage="O" Datatype="NM" MinLength="1" MaxLength="5"/>
            <Component Name="Any Text" Usage="O" Datatype="ST" MinLength="1" MaxLength="199"/>
            <Component Name="Extension Prefix" Usage="O" Datatype="ST" MinLength="1" MaxLength="4"/>
            <Component Name="Speed Dial Code" Usage="O" Datatype="ST" MinLength="1" MaxLength="6"/>
            <Component Name="Unformatted Telephone number" Usage="C" Datatype="ST" MinLength="1" MaxLength="199"/>
        </Datatype>
        <Datatype ID="JCC" Name="JCC" Description="Job Code/Class">
            <Component Name="Job Code" Usage="O" Datatype="IS" MinLength="1" MaxLength="20" Table="0327"/>
            <Component Name="Job Class" Usage="O" Datatype="IS" MinLength="1" MaxLength="20" Table="0328"/>
            <Component Name="Job Description Text" Usage="O" Datatype="TX" MinLength="1" MaxLength="250"/>
        </Datatype>
        <Datatype ID="DTM" Name="DTM" Description="Date/Time"/>
        <Datatype ID="SI" Name="SI" Description="Sequence ID"/>
        <Datatype ID="CWE" Name="CWE" Description="Coded with Exceptions">
            <Component Name="Identifier" Usage="O" Datatype="ST" MinLength="1" MaxLength="20"/>
            <Component Name="Text" Usage="O" Datatype="ST" MinLength="1" MaxLength="199"/>
            <Component Name="Name of Coding System" Usage="O" Datatype="ID" MinLength="1" MaxLength="20" Table="0396"/>
            <Component Name="Alternate Identifier" Usage="O" Datatype="ST" MinLength="1" MaxLength="20"/>
            <Component Name="Alternate Text" Usage="O" Datatype="ST" MinLength="1" MaxLength="199"/>
            <Component Name="Name of Alternate Coding System" Usage="O" Datatype="ID" MinLength="1" MaxLength="20" Table="0396"/>
            <Component Name="Coding System Version ID" Usage="C" Datatype="ST" MinLength="1" MaxLength="10"/>
            <Component Name="Alternate Coding System Version ID" Usage="O" Datatype="ST" MinLength="1" MaxLength="10"/>
            <Component Name="Original Text" Usage="O" Datatype="ST" MinLength="1" MaxLength="199"/>
        </Datatype>
        <Datatype ID="IS" Name="IS" Description="String Data"/>
        <Datatype ID="XPN_IZ" Name="XPN" Description="Extended Person Name">
            <Component Name="Family Name" Usage="R" Datatype="FN" MinLength="1" MaxLength="194"/>
            <Component Name="Given Name" Usage="R" Datatype="ST" MinLength="1" MaxLength="30"/>
            <Component Name="Second and Further Given Names or Initials Thereof" Usage="RE" Datatype="ST" MinLength="1" MaxLength="30"/>
            <Component Name="Suffix (e.g., JR or III)" Usage="O" Datatype="ST" MinLength="1" MaxLength="20"/>
            <Component Name="Prefix (e.g., DR)" Usage="O" Datatype="ST" MinLength="1" MaxLength="20"/>
            <Component Name="Degree (e.g., MD)" Usage="X" Datatype="IS" MinLength="1" MaxLength="6" Table="0360"/>
            <Component Name="Name Type Code" Usage="RE" Datatype="ID" MinLength="1" MaxLength="1"/>
            <Component Name="Name Representation Code" Usage="O" Datatype="ID" MinLength="1" MaxLength="1" Table="0465"/>
            <Component Name="Name Context" Usage="O" Datatype="CE" MinLength="1" MaxLength="483" Table="0448"/>
            <Component Name="Name Validity Range" Usage="X" Datatype="DR_IZ_ST" MinLength="1" MaxLength="53"/>
            <Component Name="Name Assembly Order" Usage="O" Datatype="ID" MinLength="1" MaxLength="1" Table="0444"/>
            <Component Name="Effective Date" Usage="O" Datatype="TS" MinLength="1" MaxLength="26"/>
            <Component Name="Expiration Date" Usage="O" Datatype="TS" MinLength="1" MaxLength="26"/>
            <Component Name="Professional Suffix" Usage="O" Datatype="ST" MinLength="1" MaxLength="199"/>
        </Datatype>
        <Datatype ID="XAD_IZ_ST" Name="XAD" Description="Extended Address">
            <Component Name="Street Address" Usage="O" Datatype="SAD" MinLength="1" MaxLength="184"/>
            <Component Name="Other Designation" Usage="O" Datatype="ST" MinLength="1" MaxLength="120"/>
            <Component Name="City" Usage="O" Datatype="ST" MinLength="1" MaxLength="50"/>
            <Component Name="State or Province" Usage="O" Datatype="ST" MinLength="1" MaxLength="50"/>
            <Component Name="Zip or Postal Code" Usage="O" Datatype="ST" MinLength="1" MaxLength="12"/>
            <Component Name="Country" Usage="O" Datatype="ID" MinLength="1" MaxLength="3" Table="0399"/>
            <Component Name="Address Type" Usage="O" Datatype="ID" MinLength="1" MaxLength="3" Table="HL70190_IZ"/>
            <Component Name="Other Geographic Designation" Usage="O" Datatype="ST" MinLength="1" MaxLength="50"/>
            <Component Name="County/Parish Code" Usage="O" Datatype="IS" MinLength="1" MaxLength="20" Table="0289"/>
            <Component Name="Census Tract" Usage="O" Datatype="IS" MinLength="1" MaxLength="20" Table="0288"/>
            <Component Name="Address Representation Code" Usage="O" Datatype="ID" MinLength="1" MaxLength="1" Table="0465"/>
            <Component Name="Address Validity Range" Usage="X" Datatype="DR_IZ_ST" MinLength="1" MaxLength="53"/>
            <Component Name="Effective Date" Usage="O" Datatype="TS" MinLength="1" MaxLength="26"/>
            <Component Name="Expiration Date" Usage="O" Datatype="TS" MinLength="1" MaxLength="26"/>
        </Datatype>
        <Datatype ID="varies" Name="varies" Description="varies"/>
        <Datatype ID="TS_NZ" Name="TS" Description="Time Stamp">
            <Component Name="Time" Usage="R" Datatype="DTM" MinLength="1" MaxLength="24"/>
            <Component Name="Degree of Precision" Usage="X" Datatype="ID" MinLength="1" MaxLength="1" Table="0529"/>
        </Datatype>
        <Datatype ID="MSG_IZ_RSP" Name="MSG" Description="Message Type">
            <Component Name="Message Code" Usage="R" Datatype="ID" MinLength="3" MaxLength="3" Table="HL70076_IZ"/>
            <Component Name="Trigger Event" Usage="R" Datatype="ID" MinLength="3" MaxLength="3" Table="HL70003_IZ"/>
            <Component Name="Message Structure" Usage="R" Datatype="ID" MinLength="3" MaxLength="7" Table="HL70354_IZ"/>
        </Datatype>
        <Datatype ID="ELD" Name="ELD" Description="Error Location and Description">
            <Component Name="Segment ID" Usage="O" Datatype="ST" MinLength="1" MaxLength="3"/>
            <Component Name="Segment Sequence" Usage="O" Datatype="NM" MinLength="1" MaxLength="2"/>
            <Component Name="Field Position" Usage="O" Datatype="NM" MinLength="1" MaxLength="2"/>
            <Component Name="Code Identifying Error" Usage="O" Datatype="CE" MinLength="1" MaxLength="483" Table="0357"/>
        </Datatype>
        <Datatype ID="CE_IZ" Name="CE" Description="Coded Element">
            <Component Name="Identifier" Usage="R" Datatype="ST" MinLength="1" MaxLength="50"/>
            <Component Name="Text" Usage="RE" Datatype="ST" MinLength="1" MaxLength="999"/>
            <Component Name="Name of Coding System" Usage="R" Datatype="ID" MinLength="1" MaxLength="20" Table="HL70396_IZ"/>
            <Component Name="Alternate Identifier" Usage="O" Datatype="ST" MinLength="1" MaxLength="50"/>
            <Component Name="Alternate Text" Usage="C" Datatype="ST" MinLength="1" MaxLength="999"/>
            <Component Name="Name of Alternate Coding System" Usage="C" Datatype="ID" MinLength="1" MaxLength="20" Table="HL70396_IZ"/>
        </Datatype>
        <Datatype ID="XPN_IZ_ST" Name="XPN" Description="Extended Person Name">
            <Component Name="Family Name" Usage="O" Datatype="FN" MinLength="1" MaxLength="194"/>
            <Component Name="Given Name" Usage="O" Datatype="ST" MinLength="1" MaxLength="30"/>
            <Component Name="Second and Further Given Names or Initials Thereof" Usage="O" Datatype="ST" MinLength="1" MaxLength="30"/>
            <Component Name="Suffix (e.g., JR or III)" Usage="O" Datatype="ST" MinLength="1" MaxLength="20"/>
            <Component Name="Prefix (e.g., DR)" Usage="O" Datatype="ST" MinLength="1" MaxLength="20"/>
            <Component Name="Degree (e.g., MD)" Usage="X" Datatype="IS" MinLength="1" MaxLength="6" Table="0360"/>
            <Component Name="Name Type Code" Usage="O" Datatype="ID" MinLength="1" MaxLength="1" Table="0200"/>
            <Component Name="Name Representation Code" Usage="O" Datatype="ID" MinLength="1" MaxLength="1" Table="0465"/>
            <Component Name="Name Context" Usage="O" Datatype="CE" MinLength="1" MaxLength="483" Table="0448"/>
            <Component Name="Name Validity Range" Usage="X" Datatype="DR_IZ_ST" MinLength="1" MaxLength="53"/>
            <Component Name="Name Assembly Order" Usage="O" Datatype="ID" MinLength="1" MaxLength="1" Table="0444"/>
            <Component Name="Effective Date" Usage="O" Datatype="TS" MinLength="1" MaxLength="26"/>
            <Component Name="Expiration Date" Usage="O" Datatype="TS" MinLength="1" MaxLength="26"/>
            <Component Name="Professional Suffix" Usage="O" Datatype="ST" MinLength="1" MaxLength="199"/>
        </Datatype>
        <Datatype ID="CE" Name="CE" Description="Coded Element">
            <Component Name="Identifier" Usage="O" Datatype="ST" MinLength="1" MaxLength="20"/>
            <Component Name="Text" Usage="O" Datatype="ST" MinLength="1" MaxLength="199"/>
            <Component Name="Name of Coding System" Usage="O" Datatype="ID" MinLength="1" MaxLength="20" Table="0396"/>
            <Component Name="Alternate Identifier" Usage="O" Datatype="ST" MinLength="1" MaxLength="20"/>
            <Component Name="Alternate Text" Usage="O" Datatype="ST" MinLength="1" MaxLength="199"/>
            <Component Name="Name of Alternate Coding System" Usage="O" Datatype="ID" MinLength="1" MaxLength="20" Table="0396"/>
        </Datatype>
        <Datatype ID="XAD_IZ" Name="XAD" Description="Extended Address">
            <Component Name="Street Address" Usage="RE" Datatype="SAD" MinLength="1" MaxLength="184"/>
            <Component Name="Other Designation" Usage="RE" Datatype="ST" MinLength="1" MaxLength="120"/>
            <Component Name="City" Usage="RE" Datatype="ST" MinLength="1" MaxLength="50"/>
            <Component Name="State or Province" Usage="RE" Datatype="ST" MinLength="1" MaxLength="50"/>
            <Component Name="Zip or Postal Code" Usage="RE" Datatype="ST" MinLength="1" MaxLength="12"/>
            <Component Name="Country" Usage="RE" Datatype="ID" MinLength="3" MaxLength="3" Table="0399"/>
            <Component Name="Address Type" Usage="R" Datatype="ID" MinLength="1" MaxLength="3" Table="HL70190_IZ"/>
            <Component Name="Other Geographic Designation" Usage="O" Datatype="ST" MinLength="1" MaxLength="50"/>
            <Component Name="County/Parish Code" Usage="O" Datatype="IS" MinLength="1" MaxLength="20" Table="0289"/>
            <Component Name="Census Tract" Usage="O" Datatype="IS" MinLength="1" MaxLength="20" Table="0288"/>
            <Component Name="Address Representation Code" Usage="O" Datatype="ID" MinLength="1" MaxLength="1" Table="0465"/>
            <Component Name="Address Validity Range" Usage="X" Datatype="DR_IZ_ST" MinLength="1" MaxLength="53"/>
            <Component Name="Effective Date" Usage="O" Datatype="TS" MinLength="1" MaxLength="26"/>
            <Component Name="Expiration Date" Usage="O" Datatype="TS" MinLength="1" MaxLength="26"/>
        </Datatype>
        <Datatype ID="NM" Name="NM" Description="Numeric"/>
        <Datatype ID="XPN_M" Name="XPN" Description="Extended Person Name">
            <Component Name="Family Name" Usage="R" Datatype="FN" MinLength="1" MaxLength="194"/>
            <Component Name="Given Name" Usage="RE" Datatype="ST" MinLength="1" MaxLength="30"/>
            <Component Name="Second and Further Given Names or Initials Thereof" Usage="O" Datatype="ST" MinLength="1" MaxLength="30"/>
            <Component Name="Suffix (e.g., JR or III)" Usage="O" Datatype="ST" MinLength="1" MaxLength="20"/>
            <Component Name="Prefix (e.g., DR)" Usage="O" Datatype="ST" MinLength="1" MaxLength="20"/>
            <Component Name="Degree (e.g., MD)" Usage="X" Datatype="IS" MinLength="1" MaxLength="6" Table="0360"/>
            <Component Name="Name Type Code" Usage="R" Datatype="ID" MinLength="1" MaxLength="1"/>
            <Component Name="Name Representation Code" Usage="O" Datatype="ID" MinLength="1" MaxLength="1" Table="0465"/>
            <Component Name="Name Context" Usage="O" Datatype="CE" MinLength="1" MaxLength="483" Table="0448"/>
            <Component Name="Name Validity Range" Usage="X" Datatype="DR_IZ_ST" MinLength="1" MaxLength="53"/>
            <Component Name="Name Assembly Order" Usage="O" Datatype="ID" MinLength="1" MaxLength="1" Table="0444"/>
            <Component Name="Effective Date" Usage="O" Datatype="TS" MinLength="1" MaxLength="26"/>
            <Component Name="Expiration Date" Usage="O" Datatype="TS" MinLength="1" MaxLength="26"/>
            <Component Name="Professional Suffix" Usage="O" Datatype="ST" MinLength="1" MaxLength="199"/>
        </Datatype>
        <Datatype ID="HD_IZ" Name="HD" Description="Hierarchic Designator">
            <Component Name="Namespace ID" Usage="C" Datatype="IS" MinLength="1" MaxLength="20" Table="HL70363_IZ"/>
            <Component Name="Universal ID" Usage="C" Datatype="ST" MinLength="1" MaxLength="199"/>
            <Component Name="Universal ID Type" Usage="C" Datatype="ID" MinLength="1" MaxLength="6" Table="HL70301_IZ"/>
        </Datatype>
        <Datatype ID="XON_IZ" Name="XON" Description="Extended Composite Name and Identification Number for Organizations">
            <Component Name="Organization Name" Usage="RE" Datatype="ST" MinLength="1" MaxLength="50"/>
            <Component Name="Organization Name Type Code" Usage="O" Datatype="IS" MinLength="1" MaxLength="20" Table="0204"/>
            <Component Name="ID Number" Usage="X" Datatype="NM" MinLength="1" MaxLength="4"/>
            <Component Name="Check Digit" Usage="O" Datatype="NM" MinLength="1" MaxLength="1"/>
            <Component Name="Check Digit Scheme" Usage="O" Datatype="ID" MinLength="1" MaxLength="3" Table="0061"/>
            <Component Name="Assigning Authority" Usage="C" Datatype="HD_IZ" MinLength="1" MaxLength="227" Table="0363"/>
            <Component Name="Identifier Type Code" Usage="C" Datatype="ID" MinLength="2" MaxLength="5" Table="HL70203_IZ"/>
            <Component Name="Assigning Facility" Usage="O" Datatype="HD" MinLength="1" MaxLength="227"/>
            <Component Name="Name Representation Code" Usage="O" Datatype="ID" MinLength="1" MaxLength="1" Table="0465"/>
            <Component Name="Organization Identifier" Usage="C" Datatype="ST" MinLength="1" MaxLength="20"/>
        </Datatype>
        <Datatype ID="TX" Name="TX" Description="Text Data"/>
        <Datatype ID="XCN_IZ_ST" Name="XCN" Description="Extended Composite ID Number and Name for Persons">
            <Component Name="ID Number" Usage="O" Datatype="ST" MinLength="1" MaxLength="15"/>
            <Component Name="Family Name" Usage="O" Datatype="FN" MinLength="1" MaxLength="194"/>
            <Component Name="Given Name" Usage="O" Datatype="ST" MinLength="1" MaxLength="30"/>
            <Component Name="Second and Further Given Names or Initials Thereof" Usage="O" Datatype="ST" MinLength="1" MaxLength="30"/>
            <Component Name="Suffix (e.g., JR or III)" Usage="O" Datatype="ST" MinLength="1" MaxLength="20"/>
            <Component Name="Prefix (e.g., DR)" Usage="O" Datatype="ST" MinLength="1" MaxLength="20"/>
            <Component Name="Degree (e.g., MD)" Usage="X" Datatype="IS" MinLength="1" MaxLength="5" Table="0360"/>
            <Component Name="Source Table" Usage="C" Datatype="IS" MinLength="1" MaxLength="4" Table="0297"/>
            <Component Name="Assigning Authority" Usage="O" Datatype="HD" MinLength="1" MaxLength="227" Table="HL70363_IZ"/>
            <Component Name="Name Type Code" Usage="O" Datatype="ID" MinLength="1" MaxLength="1" Table="0200"/>
            <Component Name="Identifier Check Digit" Usage="O" Datatype="ST" MinLength="1" MaxLength="1"/>
            <Component Name="Check Digit Scheme" Usage="C" Datatype="ID" MinLength="1" MaxLength="3" Table="0061"/>
            <Component Name="Identifier Type Code" Usage="O" Datatype="ID" MinLength="1" MaxLength="5" Table="0203"/>
            <Component Name="Assigning Facility" Usage="O" Datatype="HD" MinLength="1" MaxLength="227"/>
            <Component Name="Name Representation Code" Usage="O" Datatype="ID" MinLength="1" MaxLength="1" Table="0465"/>
            <Component Name="Name Context" Usage="O" Datatype="CE" MinLength="1" MaxLength="483" Table="0448"/>
            <Component Name="Name Validity Range" Usage="X" Datatype="DR_IZ_ST" MinLength="1" MaxLength="53"/>
            <Component Name="Name Assembly Order" Usage="O" Datatype="ID" MinLength="1" MaxLength="1" Table="0444"/>
            <Component Name="Effective Date" Usage="O" Datatype="TS" MinLength="1" MaxLength="26"/>
            <Component Name="Expiration Date" Usage="O" Datatype="TS" MinLength="1" MaxLength="26"/>
            <Component Name="Professional Suffix" Usage="O" Datatype="ST" MinLength="1" MaxLength="199"/>
            <Component Name="Assigning Jurisdiction" Usage="O" Datatype="CWE" MinLength="1" MaxLength="705"/>
            <Component Name="Assigning Agency or Department" Usage="O" Datatype="CWE" MinLength="1" MaxLength="705"/>
        </Datatype>
        <Datatype ID="XTN_IZ" Name="XTN" Description="Extended Telecommunication Number">
            <Component Name="Telephone Number" Usage="X" Datatype="ST" MinLength="1" MaxLength="199"/>
            <Component Name="Telecommunication Use Code" Usage="R" Datatype="ID" MinLength="1" MaxLength="3" Table="HL70201_IZ"/>
            <Component Name="Telecommunication Equipment Type" Usage="RE" Datatype="ID" MinLength="1" MaxLength="8" Table="HL70202_IZ"/>
            <Component Name="Email Address" Usage="C" Datatype="ST" MinLength="1" MaxLength="199"/>
            <Component Name="Country Code" Usage="O" Datatype="NM" MinLength="1" MaxLength="3"/>
            <Component Name="Area/City Code" Usage="C" Datatype="NM" MinLength="1" MaxLength="5"/>
            <Component Name="Local Number" Usage="C" Datatype="NM" MinLength="1" MaxLength="9"/>
            <Component Name="Extension" Usage="O" Datatype="NM" MinLength="1" MaxLength="5"/>
            <Component Name="Any Text" Usage="O" Datatype="ST" MinLength="1" MaxLength="199"/>
            <Component Name="Extension Prefix" Usage="O" Datatype="ST" MinLength="1" MaxLength="4"/>
            <Component Name="Speed Dial Code" Usage="O" Datatype="ST" MinLength="1" MaxLength="6"/>
            <Component Name="Unformatted Telephone number" Usage="O" Datatype="ST" MinLength="1" MaxLength="199"/>
        </Datatype>
    </Datatypes>
</ConformanceProfile>
