<?xml version="1.0" encoding="UTF-8"?>
<ConformanceContext UUID="5b9243e7-3c13-4608-9d53-c95ac7a6ccf4" xsi:noNamespaceSchemaLocation="../ConformanceContext.xsd" xmlns:xsi="http://www.w3.org/2001/XMLSchema-instance">
    <MetaData>
        <Description>Conformance context for RSP_K11</Description>
    </MetaData>
    <Predicates>
        <Datatype>
            <ByID ID="CX_IZ">
                <Predicate ID="[CX_IZ]3[1]" Target="3[1]" TrueUsage="O" FalseUsage="X">
                    <Description>If CX.2 (Check Digit) is valued.</Description>
                    <Condition>
                        <Presence Path="2[1]"/>
                    </Condition>
                </Predicate>
            </ByID>
            <ByID ID="CWE_IZ">
                <Predicate ID="[CWE_IZ]3[1]" Target="3[1]" TrueUsage="R" FalseUsage="X">
                    <Description>If CWE.1 (Identifier) is valued.</Description>
                    <Condition>
                        <Presence Path="1[1]"/>
                    </Condition>
                </Predicate>
                <Predicate ID="[CWE_IZ]5[1]" Target="5[1]" TrueUsage="RE" FalseUsage="X">
                    <Description>If CWE.4 (Alternate Identifier) is valued.</Description>
                    <Condition>
                        <Presence Path="4[1]"/>
                    </Condition>
                </Predicate>
                <Predicate ID="[CWE_IZ]6[1]" Target="6[1]" TrueUsage="R" FalseUsage="X">
                    <Description>If CWE.4 (Alternate Identifier) is valued.</Description>
                    <Condition>
                        <Presence Path="4[1]"/>
                    </Condition>
                </Predicate>
            </ByID>
            <ByID ID="ERL_IZ">
                <Predicate ID="[ERL_IZ]4[1]" Target="4[1]" TrueUsage="R" FalseUsage="RE">
                    <Description>If ERL.4 (Field Repetition) is valued.</Description>
                    <Condition>
                        <Presence Path="4[1]"/>
                    </Condition>
                </Predicate>
                <Predicate ID="[ERL_IZ]5[1]" Target="5[1]" TrueUsage="R" FalseUsage="RE">
                    <Description>If ERL.5 (Component Number) is valued.</Description>
                    <Condition>
                        <Presence Path="5[1]"/>
                    </Condition>
                </Predicate>
                <Predicate ID="[ERL_IZ]6[1]" Target="6[1]" TrueUsage="R" FalseUsage="RE">
                    <Description>If ERL.6 (Sub-Component Number) is valued.</Description>
                    <Condition>
                        <Presence Path="6[1]"/>
                    </Condition>
                </Predicate>
            </ByID>
            <ByID ID="EI_IZ_RSP_Z42">
                <Predicate ID="[EI_IZ_RSP_Z42]2[1]" Target="2[1]" TrueUsage="R" FalseUsage="O">
                    <Description>If EI.3 (Universal ID) is not valued.</Description>
                    <Condition>
                        <NOT>
                            <Presence Path="3[1]"/>
                        </NOT>
                    </Condition>
                </Predicate>
                <Predicate ID="[EI_IZ_RSP_Z42]3[1]" Target="3[1]" TrueUsage="R" FalseUsage="O">
                    <Description>If EI.2 (Namespace ID) is not valued.</Description>
                    <Condition>
                        <NOT>
                            <Presence Path="2[1]"/>
                        </NOT>
                    </Condition>
                </Predicate>
                <Predicate ID="[EI_IZ_RSP_Z42]4[1]" Target="4[1]" TrueUsage="R" FalseUsage="X">
                    <Description>If EI.3 (Universal ID) is valued.</Description>
                    <Condition>
                        <Presence Path="3[1]"/>
                    </Condition>
                </Predicate>
            </ByID>
            <ByID ID="CE_IZ">
                <Predicate ID="[CE_IZ]5[1]" Target="5[1]" TrueUsage="RE" FalseUsage="X">
                    <Description>If CE.4 (Alternate Identifier) is valued.</Description>
                    <Condition>
                        <Presence Path="4[1]"/>
                    </Condition>
                </Predicate>
                <Predicate ID="[CE_IZ]6[1]" Target="6[1]" TrueUsage="R" FalseUsage="X">
                    <Description>If CE.4 (Alternate Identifier) is valued.</Description>
                    <Condition>
                        <Presence Path="4[1]"/>
                    </Condition>
                </Predicate>
            </ByID>
            <ByID ID="HD_IZ">
                <Predicate ID="[HD_IZ]1[1]" Target="1[1]" TrueUsage="R" FalseUsage="O">
                    <Description>If HD.2 (Universal ID) is not valued.</Description>
                    <Condition>
                        <NOT>
                            <Presence Path="2[1]"/>
                        </NOT>
                    </Condition>
                </Predicate>
                <Predicate ID="[HD_IZ]2[1]" Target="2[1]" TrueUsage="R" FalseUsage="O">
                    <Description>If HD.1 (Namespace ID) is not valued.</Description>
                    <Condition>
                        <NOT>
                            <Presence Path="1[1]"/>
                        </NOT>
                    </Condition>
                </Predicate>
                <Predicate ID="[HD_IZ]3[1]" Target="3[1]" TrueUsage="R" FalseUsage="X">
                    <Description>If HD.2 (Universal ID) is valued.</Description>
                    <Condition>
                        <Presence Path="2[1]"/>
                    </Condition>
                </Predicate>
            </ByID>
            <ByID ID="XON_IZ">
                <Predicate ID="[XON_IZ]6[1]" Target="6[1]" TrueUsage="R" FalseUsage="O">
                    <Description>If XON.10 (Organization Identifier) is valued.</Description>
                    <Condition>
                        <Presence Path="10[1]"/>
                    </Condition>
                </Predicate>
                <Predicate ID="[XON_IZ]7[1]" Target="7[1]" TrueUsage="R" FalseUsage="X">
                    <Description>If XON.10 (Organization Identifier) is valued.</Description>
                    <Condition>
                        <Presence Path="10[1]"/>
                    </Condition>
                </Predicate>
                <Predicate ID="[XON_IZ]10[1]" Target="10[1]" TrueUsage="R" FalseUsage="RE">
                    <Description>If XON.1 (Organization Name) is valued.</Description>
                    <Condition>
                        <Presence Path="1[1]"/>
                    </Condition>
                </Predicate>
            </ByID>
            <ByID ID="XTN_IZ">
                <Predicate ID="[XTN_IZ]4[1]" Target="4[1]" TrueUsage="R" FalseUsage="X">
                    <Description>If the value of XTN.2 (Telecommunication Use Code) is 'NET'.</Description>
                    <Condition>
                        <PlainText Path="2[1]" Text="NET" IgnoreCase="false"/>
                    </Condition>
                </Predicate>
                <Predicate ID="[XTN_IZ]6[1]" Target="6[1]" TrueUsage="RE" FalseUsage="X">
                    <Description>If the value of XTN.2 (Telecommunication Use Code) is not 'NET'.</Description>
                    <Condition>
                        <NOT>
                            <PlainText Path="2[1]" Text="NET" IgnoreCase="false"/>
                        </NOT>
                    </Condition>
                </Predicate>
                <Predicate ID="[XTN_IZ]7[1]" Target="7[1]" TrueUsage="R" FalseUsage="X">
                    <Description>If the value of XTN.2 (Telecommunication Use Code) is not 'NET'.</Description>
                    <Condition>
                        <NOT>
                            <PlainText Path="2[1]" Text="NET" IgnoreCase="false"/>
                        </NOT>
                    </Condition>
                </Predicate>
            </ByID>
        </Datatype>
        <Segment>
            <ByID ID="RXA_IZ 1_5">
                <Predicate ID="[RXA_IZ 1_5]7[1]" Target="7[1]" TrueUsage="R" FalseUsage="X">
                    <Description>If the value of RXA.6 (Administered Amount) is not '999'.</Description>
                    <Condition>
                        <NOT>
                            <PlainText Path="6[1]" Text="999" IgnoreCase="false"/>
                        </NOT>
                    </Condition>
                </Predicate>
                <Predicate ID="[RXA_IZ 1_5]9[1]" Target="9[1]" TrueUsage="R" FalseUsage="O">
                    <Description>If the value of RXA.20 (Completion Status) is one of List Values: 'CP','PA'.</Description>
                    <Condition>
                        <StringList Path="20[1]" CSV="CP,PA"/>
                    </Condition>
                </Predicate>
                <Predicate ID="[RXA_IZ 1_5]10[1]" Target="10[1]" TrueUsage="RE" FalseUsage="O">
                    <Description>If the value of RXA.9[1].1 (Identifier) is '00' AND if the value of RXA.20 (Completion Status) is one of List Values: 'CP','PA'.</Description>
                    <Condition>
                        <AND>
                            <PlainText Path="9[1].1[1]" Text="00" IgnoreCase="false"/>
                            <StringList Path="20[1]" CSV="CP,PA"/>
                        </AND>
                    </Condition>
                </Predicate>
                <Predicate ID="[RXA_IZ 1_5]11[1]" Target="11[1]" TrueUsage="RE" FalseUsage="O">
                    <Description>If the value of RXA.9[1].1 (Identifier) is '00' AND if the value of RXA.20 (Completion Status) is one of List Values: 'CP','PA'.</Description>
                    <Condition>
                        <AND>
                            <PlainText Path="9[1].1[1]" Text="00" IgnoreCase="false"/>
                            <StringList Path="20[1]" CSV="CP,PA"/>
                        </AND>
                    </Condition>
                </Predicate>
                <Predicate ID="[RXA_IZ 1_5]18[1]" Target="18[1]" TrueUsage="R" FalseUsage="X">
                    <Description>If the value of RXA.20 (Completion Status) is 'RE'.</Description>
                    <Condition>
                        <PlainText Path="20[1]" Text="RE" IgnoreCase="false"/>
                    </Condition>
                </Predicate>
            </ByID>
            <ByID ID="OBX_IZ 1_5">
                <Predicate ID="[OBX_IZ 1_5]6[1]" Target="6[1]" TrueUsage="R" FalseUsage="O">
                    <Description>If the value of OBX.2 (Value Type) is one of List Values: 'NM','SN'.</Description>
                    <Condition>
                        <StringList Path="2[1]" CSV="NM,SN"/>
                    </Condition>
                </Predicate>
            </ByID>
        </Segment>
        <Group/>
    </Predicates>
    <Constraints>
        <Datatype>
            <ByID ID="EI_IZ_RSP_Z42">
                <Constraint ID="IZ-3" Target="3[1]">
                    <Description>The value of EI.3 (Universal ID) SHALL be formatted with ISO-compliant OID.</Description>
                    <Assertion>
                        <Format Path="3[1]" Regex="[0-2](\.(0|[1-9][0-9]*))*"/>
                    </Assertion>
                </Constraint>
                <Constraint ID="IZ-4" Target="4[1]">
                    <Description>The value of EI.4 (Universal ID Type) SHALL be 'ISO'.</Description>
                    <Assertion>
                        <PlainText Path="4[1]" Text="ISO" IgnoreCase="false"/>
                    </Assertion>
                </Constraint>
            </ByID>
            <ByID ID="CQ_IZ">
                <Constraint ID="IZ-2" Target="2[1]">
                    <Description>The value of CQ.2 (Units) SHALL be 'RD'.</Description>
                    <Assertion>
                        <PlainText Path="2[1]" Text="RD" IgnoreCase="false"/>
                    </Assertion>
                </Constraint>
            </ByID>
            <ByID ID="HD_IZ">
                <Constraint ID="IZ-5" Target="2[1]">
                    <Description>The value of HD.2 (Universal ID) SHALL be formatted with ISO-compliant OID.</Description>
                    <Assertion>
                        <Format Path="2[1]" Regex="[0-2](\.(0|[1-9][0-9]*))*"/>
                    </Assertion>
                </Constraint>
                <Constraint ID="IZ-6" Target="3[1]">
                    <Description>The value of HD.3 (Universal ID Type) SHALL be 'ISO'.</Description>
                    <Assertion>
                        <PlainText Path="3[1]" Text="ISO" IgnoreCase="false"/>
                    </Assertion>
                </Constraint>
            </ByID>
        </Datatype>
        <Segment>
            <ByID ID="MSH_IZ 1_5_Z42">
                <Constraint ID="IZ-12" Target="1[1]">
                    <Description>The value of MSH.1 (Field Separator) SHALL be '|'.</Description>
                    <Assertion>
                        <PlainText Path="1[1]" Text="|" IgnoreCase="false"/>
                    </Assertion>
                </Constraint>
                <Constraint ID="IZ-13" Target="2[1]">
                    <Description>The value of MSH.2 (Encoding Characters) SHALL be '^~\&amp;'.</Description>
                    <Assertion>
                        <PlainText Path="2[1]" Text="^~\&amp;" IgnoreCase="false"/>
                    </Assertion>
                </Constraint>
                <Constraint ID="IZ-TS_Z" Target="7[1]">
                    <Description>The value of MSH.7.1 (Time) SHALL be formatted with YYYYMMDDHHMMSS+-ZZZZ.</Description>
                    <Assertion>
                        <Format Path="7[1].1[1]" Regex="([0-9]{4})((0[1-9])|(1[0-2]))((0[1-9])|([1-2][0-9])|(3[0-1]))(([0-1][0-9])|(2[0-3]))([0-5][0-9])([0-5][0-9]).*((\+|\-)[0-9]{4})"/>
                    </Assertion>
                </Constraint>
                <Constraint ID="IZ-55" Target="9[1]">
                    <Description>The value of MSH.9 (Message Type) SHALL be 'RSP^K11^RSP_K11'.</Description>
                    <Assertion>
                        <AND>
                            <PlainText Path="9[1].1[1]" Text="RSP" IgnoreCase="false"/>
                            <AND>
                                <PlainText Path="9[1].2[1]" Text="K11" IgnoreCase="false"/>
                                <PlainText Path="9[1].3[1]" Text="RSP_K11" IgnoreCase="false"/>
                            </AND>
                        </AND>
                    </Assertion>
                </Constraint>
                <Constraint ID="IZ-15" Target="12[1]">
                    <Description>The value of MSH.12.1 (Version ID) SHALL be '2.5.1'.</Description>
                    <Assertion>
                        <PlainText Path="12[1].1[1]" Text="2.5.1" IgnoreCase="false"/>
                    </Assertion>
                </Constraint>
                <Constraint ID="IZ-53" Target="15[1]">
                    <Description>The value of MSH.15 (Accept Acknowledgment Type) SHALL be 'NE'.</Description>
                    <Assertion>
                        <PlainText Path="15[1]" Text="NE" IgnoreCase="false"/>
                    </Assertion>
                </Constraint>
                <Constraint ID="IZ-52" Target="16[1]">
                    <Description>The value of MSH.16 (Application Acknowledgment Type) SHALL be 'NE'.</Description>
                    <Assertion>
                        <PlainText Path="16[1]" Text="NE" IgnoreCase="false"/>
                    </Assertion>
                </Constraint>
                <Constraint ID="IZ-65" Target="21[1]">
                    <Description>The value of MSH.21 (Message Profile Identifier) SHALL be 'Z42^CDCPHINVS'.</Description>
                    <Assertion>
                        <AND>
                            <PlainText Path="21[1].1[1]" Text="Z42" IgnoreCase="false"/>
                            <PlainText Path="21[1].2[1]" Text="CDCPHINVS" IgnoreCase="false"/>
                        </AND>
                    </Assertion>
                </Constraint>
            </ByID>
            <ByID ID="QPD_IZ1_5">
                <Constraint ID="IZ-68" Target="1[1]">
                    <Description>The value of QPD.1 (Message Query Name) SHALL be 'Z44^Request Evaluated History and Forecast^CDCPHINVS'.</Description>
                    <Assertion>
                        <AND>
                            <PlainText Path="1[1].1[1]" Text="Z44" IgnoreCase="false"/>
                            <AND>
                                <PlainText Path="1[1].2[1]" Text="Request Evaluated History and Forecast" IgnoreCase="false"/>
                                <PlainText Path="1[1].3[1]" Text="CDCPHINVS" IgnoreCase="false"/>
                            </AND>
                        </AND>
                    </Assertion>
                </Constraint>
                <Constraint ID="IZ-TS_NZ" Target="6[1]">
                    <Description>The value of QPD.6.1 (Time) SHALL be formatted with YYYYMMDD.</Description>
                    <Assertion>
                        <Format Path="6[1].1[1]" Regex="((([0-9]{4})((0[1-9])|(1[0-2]))((0[1-9])|([1-2][0-9])|(3[0-1])))|(([0-9]{4})((0[1-9])|(1[0-2]))((0[1-9])|([1-2][0-9])|(3[0-1]))(([0-1][0-9])|(2[0-3])))|(([0-9]{4})((0[1-9])|(1[0-2]))((0[1-9])|([1-2][0-9])|(3[0-1]))(([0-1][0-9])|(2[0-3]))([0-5][0-9]))|(([0-9]{4})((0[1-9])|(1[0-2]))((0[1-9])|([1-2][0-9])|(3[0-1]))(([0-1][0-9])|(2[0-3]))([0-5][0-9])([0-5][0-9]))|(([0-9]{4})((0[1-9])|(1[0-2]))((0[1-9])|([1-2][0-9])|(3[0-1]))(([0-1][0-9])|(2[0-3]))([0-5][0-9])([0-5][0-9])\.[0-9][0-9][0-9][0-9]))"/>
                    </Assertion>
                </Constraint>
                <Constraint ID="IZ-TS" Target="12[1]">
                    <Description>The value of QPD.12.1 (Time) SHALL be formatted with YYYYMMDD.</Description>
                    <Assertion>
                        <Format Path="12[1].1[1]" Regex="((([0-9]{4})((0[1-9])|(1[0-2]))((0[1-9])|([1-2][0-9])|(3[0-1])))|(([0-9]{4})((0[1-9])|(1[0-2]))((0[1-9])|([1-2][0-9])|(3[0-1]))(([0-1][0-9])|(2[0-3])))|(([0-9]{4})((0[1-9])|(1[0-2]))((0[1-9])|([1-2][0-9])|(3[0-1]))(([0-1][0-9])|(2[0-3]))([0-5][0-9]))|(([0-9]{4})((0[1-9])|(1[0-2]))((0[1-9])|([1-2][0-9])|(3[0-1]))(([0-1][0-9])|(2[0-3]))([0-5][0-9])([0-5][0-9]))|(([0-9]{4})((0[1-9])|(1[0-2]))((0[1-9])|([1-2][0-9])|(3[0-1]))(([0-1][0-9])|(2[0-3]))([0-5][0-9])([0-5][0-9])\.[0-9][0-9][0-9][0-9]))"/>
                    </Assertion>
                </Constraint>
            </ByID>
            <ByID ID="PID_IZ_1_5_Z42">
                <Constraint ID="IZ-46" Target="1[1]">
                    <Description>The value of PID.1 (Set ID - PID) SHALL be '1'.</Description>
                    <Assertion>
                        <PlainText Path="1[1]" Text="1" IgnoreCase="false"/>
                    </Assertion>
                </Constraint>
                <Constraint ID="IZ-XX" Target="5[1]">
                    <Description>The value of PID.5[1].7 (Name Type Code) SHALL be 'L'.</Description>
                    <Assertion>
                        <PlainText Path="5[1].7[1]" Text="L" IgnoreCase="false"/>
                    </Assertion>
                </Constraint>
                <Constraint ID="IZ-XX2" Target="7[1]">
                    <Description>The value of PID.7.1 (Time) SHALL be formatted with YYYYMMDD.</Description>
                    <Assertion>
                        <Format Path="7[1].1[1]" Regex="((([0-9]{4})((0[1-9])|(1[0-2]))((0[1-9])|([1-2][0-9])|(3[0-1])))|(([0-9]{4})((0[1-9])|(1[0-2]))((0[1-9])|([1-2][0-9])|(3[0-1]))(([0-1][0-9])|(2[0-3])))|(([0-9]{4})((0[1-9])|(1[0-2]))((0[1-9])|([1-2][0-9])|(3[0-1]))(([0-1][0-9])|(2[0-3]))([0-5][0-9]))|(([0-9]{4})((0[1-9])|(1[0-2]))((0[1-9])|([1-2][0-9])|(3[0-1]))(([0-1][0-9])|(2[0-3]))([0-5][0-9])([0-5][0-9]))|(([0-9]{4})((0[1-9])|(1[0-2]))((0[1-9])|([1-2][0-9])|(3[0-1]))(([0-1][0-9])|(2[0-3]))([0-5][0-9])([0-5][0-9])\.[0-9][0-9][0-9][0-9]))"/>
                    </Assertion>
                </Constraint>
                <Constraint ID="IZ-XX" Target="13[1]">
                    <Description>The value of PID.13[1].2 (Telecommunication Use Code) SHALL be 'PRN'.</Description>
                    <Assertion>
                        <PlainText Path="13[1].2[1]" Text="PRN" IgnoreCase="false"/>
                    </Assertion>
                </Constraint>
            </ByID>
            <ByID ID="RXA_IZ 1_5">
                <Constraint ID="IZ-28" Target="1[1]">
                    <Description>The value of RXA.1 (Give Sub-ID Counter) SHALL be '0'.</Description>
                    <Assertion>
                        <PlainText Path="1[1]" Text="0" IgnoreCase="false"/>
                    </Assertion>
                </Constraint>
                <Constraint ID="IZ-29" Target="2[1]">
                    <Description>The value of RXA.2 (Administration Sub-ID Counter) SHALL be '1'.</Description>
                    <Assertion>
                        <PlainText Path="2[1]" Text="1" IgnoreCase="false"/>
                    </Assertion>
                </Constraint>
                <Constraint ID="IZ-TS_NZ" Target="3[1]">
                    <Description>The value of RXA.3.1 (Time) SHALL be formatted with YYYYMMDD.</Description>
                    <Assertion>
                        <Format Path="3[1].1[1]" Regex="((([0-9]{4})((0[1-9])|(1[0-2]))((0[1-9])|([1-2][0-9])|(3[0-1])))|(([0-9]{4})((0[1-9])|(1[0-2]))((0[1-9])|([1-2][0-9])|(3[0-1]))(([0-1][0-9])|(2[0-3])))|(([0-9]{4})((0[1-9])|(1[0-2]))((0[1-9])|([1-2][0-9])|(3[0-1]))(([0-1][0-9])|(2[0-3]))([0-5][0-9]))|(([0-9]{4})((0[1-9])|(1[0-2]))((0[1-9])|([1-2][0-9])|(3[0-1]))(([0-1][0-9])|(2[0-3]))([0-5][0-9])([0-5][0-9]))|(([0-9]{4})((0[1-9])|(1[0-2]))((0[1-9])|([1-2][0-9])|(3[0-1]))(([0-1][0-9])|(2[0-3]))([0-5][0-9])([0-5][0-9])\.[0-9][0-9][0-9][0-9]))"/>
                    </Assertion>
                </Constraint>
                <Constraint ID="IZ-30" Target="4[1]">
                    <Description>If RXA.4.1 (Time) is valued, then RXA.4.1 (Time) SHALL be identical to the RXA.3.1 (Time).</Description>
                    <Assertion>
                        <OR>
                            <NOT>
                                <Presence Path="4[1].1[1]"/>
                            </NOT>
                            <PathValue Path1="4[1].1[1]" Operator="EQ" Path2="3[1].1[1]"/>
                        </OR>
                    </Assertion>
                </Constraint>
                <Constraint ID="IZ-48" Target="6[1]">
                    <Description>If the value of RXA.20 (Completion Status) is 'RE', then the value of RXA.6 (Administered Amount) SHALL be '999'.</Description>
                    <Assertion>
                        <OR>
                            <NOT>
                                <PlainText Path="20[1]" Text="RE" IgnoreCase="false"/>
                            </NOT>
                            <PlainText Path="6[1]" Text="999" IgnoreCase="false"/>
                        </OR>
                    </Assertion>
                </Constraint>
                <Constraint ID="IZ_50" Target="6[1]">
                    <Description>If the value of RXA.9[1].1 (Identifier) is not '00', then the value of RXA.6 (Administered Amount) SHALL be '999'.</Description>
                    <Assertion>
                        <OR>
                            <NOT>
                                <NOT>
                                    <PlainText Path="9[1].1[1]" Text="00" IgnoreCase="false"/>
                                </NOT>
                            </NOT>
                            <PlainText Path="6[1]" Text="999" IgnoreCase="false"/>
                        </OR>
                    </Assertion>
                </Constraint>
                <Constraint ID="IZ-49" Target="6[1]">
                    <Description>If RXA.5.1 (Identifier) is valued and the value of RXA.5.1 (Identifier) is '998' then the value of RXA.6 (Administered Amount) SHALL be '999'.</Description>
                    <Assertion>
                        <OR>
                            <NOT>
                                <AND>
                                    <Presence Path="5[1].1[1]"/>
                                    <PlainText Path="5[1].1[1]" Text="998" IgnoreCase="false"/>
                                </AND>
                            </NOT>
                            <PlainText Path="6[1]" Text="999" IgnoreCase="false"/>
                        </OR>
                    </Assertion>
                </Constraint>
                <Constraint ID="IZ-31" Target="9[1]">
                    <Description>If the value of RXA.20 (Completion Status) is one of List Values: 'CP','PA', then the value of RXA.9[1].1 (Identifier) SHALL be one of codes listed in the Value Set: NIP001.</Description>
                    <Assertion>
                        <OR>
                            <NOT>
                                <StringList Path="20[1]" CSV="CP,PA"/>
                            </NOT>
                            <StringList Path="9[1].1[1]" CSV="00,01,02,03,04,05,06,07,08"/>
                        </OR>
                    </Assertion>
                </Constraint>
                <Constraint ID="IZ-47" Target="9[1]">
                    <Description>If the value of RXA.20 (Completion Status) is not one of List Values: 'CP','PA', then RXA.9[1].1 (Identifier) SHALL NOT be valued.</Description>
                    <Assertion>
                        <OR>
                            <NOT>
                                <NOT>
                                    <StringList Path="20[1]" CSV="CP,PA"/>
                                </NOT>
                            </NOT>
                            <NOT>
                                <Presence Path="9[1].1[1]"/>
                            </NOT>
                        </OR>
                    </Assertion>
                </Constraint>
                <Constraint ID="IZ-TS_M" Target="16[1]">
                    <Description>The value of RXA.16.1 (Time) SHALL be formatted with YYYYMM.</Description>
                    <Assertion>
                        <Format Path="16[1].1[1]" Regex="((([0-9]{4})((0[1-9])|(1[0-2])))|(([0-9]{4})((0[1-9])|(1[0-2]))((0[1-9])|([1-2][0-9])|(3[0-1])))|(([0-9]{4})((0[1-9])|(1[0-2]))((0[1-9])|([1-2][0-9])|(3[0-1]))(([0-1][0-9])|(2[0-3])))|(([0-9]{4})((0[1-9])|(1[0-2]))((0[1-9])|([1-2][0-9])|(3[0-1]))(([0-1][0-9])|(2[0-3]))([0-5][0-9]))|(([0-9]{4})((0[1-9])|(1[0-2]))((0[1-9])|([1-2][0-9])|(3[0-1]))(([0-1][0-9])|(2[0-3]))([0-5][0-9])([0-5][0-9]))|(([0-9]{4})((0[1-9])|(1[0-2]))((0[1-9])|([1-2][0-9])|(3[0-1]))(([0-1][0-9])|(2[0-3]))([0-5][0-9])([0-5][0-9])\.[0-9][0-9][0-9][0-9]))"/>
                    </Assertion>
                </Constraint>
                <Constraint ID="IZ-32" Target="20[1]">
                    <Description>If RXA.18[1] (Substance/Treatment Refusal Reason) is valued, then the value of RXA.20 (Completion Status) SHALL be 'RE'.</Description>
                    <Assertion>
                        <OR>
                            <NOT>
                                <Presence Path="18[1]"/>
                            </NOT>
                            <PlainText Path="20[1]" Text="RE" IgnoreCase="false"/>
                        </OR>
                    </Assertion>
                </Constraint>
            </ByID>
            <ByID ID="OBX_IZ 1_5">
                <Constraint ID="IZ-21" Target="2[1]">
                    <Description>The value of OBX.2 (Value Type) SHALL be one of List Values: 'CE','NM','ST','DT','ID','TS'.</Description>
                    <Assertion>
                        <StringList Path="2[1]" CSV="CE,NM,ST,DT,ID,TS"/>
                    </Assertion>
                </Constraint>
                <Constraint ID="IZ-37" Target="5[1]">
                    <Description> If The value of OBX.3.1 (Identifier) is '30956-7' and the value of OBX.2 (Value Type) is 'CE' then the value of OBX.5.1 (Observation Value) SHALL be one of codes listed in the Value Set: CVX.</Description>
                    <Assertion>
                        <OR>
                            <NOT>
                                <AND>
                                    <PlainText Path="3[1].1[1]" Text="30956-7" IgnoreCase="false"/>
                                    <PlainText Path="2[1]" Text="CE" IgnoreCase="false"/>
                                </AND>
                            </NOT>
                            <StringList Path="5[1].1[1]" CSV="99,998,999,143,54,55,82,24,801,19,27,26,29,56,12,28,20,106,107,146,110,50,120,130,132,01,22,102,57,30,52,154,83,84,31,85,104,08,42,43,44,45,58,59,60,47,46,49,48,17,51,61,118,62,137,86,14,87,160,151,123,135,153,158,150,111,149,155,141,140,144,15,88,16,10,134,39,129,63,64,65,66,04,67,05,68,103,148,147,136,114,32,108,03,94,07,127,128,125,126,02,69,11,23,133,100,152,33,109,89,70,40,18,90,72,159,157,156,73,34,119,116,74,122,71,93,145,06,38,76,138,113,09,139,115,35,142,112,77,13,98,95,96,97,78,25,41,53,91,101,131,75,105,79,21,81,80,92,36,117,37,121"/>
                        </OR>
                    </Assertion>
                </Constraint>
                <Constraint ID="IZ-22" Target="11[1]">
                    <Description>The value of OBX.11 (Observation Result Status) SHALL be 'F'.</Description>
                    <Assertion>
                        <PlainText Path="11[1]" Text="F" IgnoreCase="false"/>
                    </Assertion>
                </Constraint>
                <Constraint ID="IZ-TS_NZ" Target="14[1]">
                    <Description>The value of OBX.14.1 (Time) SHALL be formatted with YYYYMMDD.</Description>
                    <Assertion>
                        <Format Path="14[1].1[1]" Regex="((([0-9]{4})((0[1-9])|(1[0-2]))((0[1-9])|([1-2][0-9])|(3[0-1])))|(([0-9]{4})((0[1-9])|(1[0-2]))((0[1-9])|([1-2][0-9])|(3[0-1]))(([0-1][0-9])|(2[0-3])))|(([0-9]{4})((0[1-9])|(1[0-2]))((0[1-9])|([1-2][0-9])|(3[0-1]))(([0-1][0-9])|(2[0-3]))([0-5][0-9]))|(([0-9]{4})((0[1-9])|(1[0-2]))((0[1-9])|([1-2][0-9])|(3[0-1]))(([0-1][0-9])|(2[0-3]))([0-5][0-9])([0-5][0-9]))|(([0-9]{4})((0[1-9])|(1[0-2]))((0[1-9])|([1-2][0-9])|(3[0-1]))(([0-1][0-9])|(2[0-3]))([0-5][0-9])([0-5][0-9])\.[0-9][0-9][0-9][0-9]))"/>
                    </Assertion>
                </Constraint>
            </ByID>
        </Segment>
        <Group/>
    </Constraints>
</ConformanceContext>
