<?xml version="1.0" encoding="UTF-8"?>

<TableLibrary xsi:noNamespaceSchemaLocation="../ValueSets.xsd"  xmlns:xsi="http://www.w3.org/2001/XMLSchema-instance" Description="Automatically generated vacab for RSP_K11" Name="Vocab for RSP_K11" OrganizationName="HL7 NIST" Status="Active" TableLibraryIdentifier="" TableLibraryVersion="1.0">
  <TableDefinition AlternateId="0480" Codesys="" Id="0480" Name="Pharmacy Order Types" Oid="" Type="HL7" Version="">
    <TableElement Code="M" Codesys="0480" DisplayName="Medication" Source="Local"/>
    <TableElement Code="O" Codesys="0480" DisplayName="Other solution as medication orders" Source="Local"/>
    <TableElement Code="S" Codesys="0480" DisplayName="IV Large Volume Solutions" Source="Local"/>
  </TableDefinition>
  <TableDefinition AlternateId="0482" Codesys="" Id="0482" Name="Order Type" Oid="" Type="HL7" Version="">
    <TableElement Code="I" Codesys="0482" DisplayName="Inpatient Order" Source="Local"/>
    <TableElement Code="O" Codesys="0482" DisplayName="Outpatient Order" Source="Local"/>
  </TableDefinition>
  <TableDefinition AlternateId="0483" Codesys="" Id="0483" Name="Authorization Mode" Oid="" Type="HL7" Version="">
    <TableElement Code="EL" Codesys="0483" DisplayName="Electronic" Source="Local"/>
    <TableElement Code="EM" Codesys="0483" DisplayName="E-mail" Source="Local"/>
    <TableElement Code="FX" Codesys="0483" DisplayName="Fax" Source="Local"/>
    <TableElement Code="IP" Codesys="0483" DisplayName="In Person" Source="Local"/>
    <TableElement Code="MA" Codesys="0483" DisplayName="Mail" Source="Local"/>
    <TableElement Code="PA" Codesys="0483" DisplayName="Paper" Source="Local"/>
    <TableElement Code="PH" Codesys="0483" DisplayName="Phone" Source="Local"/>
    <TableElement Code="RE" Codesys="0483" DisplayName="Reflexive (Automated system)" Source="Local"/>
    <TableElement Code="VC" Codesys="0483" DisplayName="Video-conference" Source="Local"/>
    <TableElement Code="VO" Codesys="0483" DisplayName="Voice" Source="Local"/>
  </TableDefinition>
  <TableDefinition AlternateId="0064" Codesys="" Id="0064" Name="Financial class" Oid="" Type="HL7" Version="">
    <TableElement Code="..." Codesys="0064" DisplayName="no suggested values" Source="Local"/>
  </TableDefinition>
  <TableDefinition AlternateId="0061" Codesys="" Id="0061" Name="Check digit scheme" Oid="" Type="HL7" Version="">
    <TableElement Code="ISO" Codesys="0061" DisplayName="ISO 7064: 1983" Source="Local"/>
    <TableElement Code="M10" Codesys="0061" DisplayName="Mod 10 algorithm" Source="Local"/>
    <TableElement Code="M11" Codesys="0061" DisplayName="Mod 11 algorithm" Source="Local"/>
    <TableElement Code="NPI" Codesys="0061" DisplayName="Check digit algorithm in the US National Provider Identifier" Source="Local"/>
  </TableDefinition>
  <TableDefinition AlternateId="0164" Codesys="" Id="0164" Name="Administration Device" Oid="" Type="HL7" Version="">
    <TableElement Code="AP" Codesys="0164" DisplayName="Applicator" Source="Local"/>
    <TableElement Code="BT" Codesys="0164" DisplayName="Buretrol" Source="Local"/>
    <TableElement Code="HL" Codesys="0164" DisplayName="Heparin Lock" Source="Local"/>
    <TableElement Code="IPPB" Codesys="0164" DisplayName="IPPB" Source="Local"/>
    <TableElement Code="IVP" Codesys="0164" DisplayName="IV Pump" Source="Local"/>
    <TableElement Code="IVS" Codesys="0164" DisplayName="IV Soluset" Source="Local"/>
    <TableElement Code="MI" Codesys="0164" DisplayName="Metered Inhaler" Source="Local"/>
    <TableElement Code="NEB" Codesys="0164" DisplayName="Nebulizer" Source="Local"/>
    <TableElement Code="PCA" Codesys="0164" DisplayName="PCA Pump" Source="Local"/>
  </TableDefinition>
  <TableDefinition AlternateId="0471" Codesys="" Id="0471" Name="Query name" Oid="" Type="HL7" Version="">
    <TableElement Code="..." Codesys="0471" DisplayName="No suggested values defined" Source="Local"/>
  </TableDefinition>
  <TableDefinition AlternateId="0472" Codesys="" Id="0472" Name="TQ conjunction ID" Oid="" Type="HL7" Version="">
    <TableElement Code="A" Codesys="0472" DisplayName="Asynchronous" Source="Local"/>
    <TableElement Code="C" Codesys="0472" DisplayName="Actuation Time" Source="Local"/>
    <TableElement Code="S" Codesys="0472" DisplayName="Synchronous" Source="Local"/>
  </TableDefinition>
  <TableDefinition AlternateId="0044" Codesys="" Id="0044" Name="Contract Code" Oid="" Type="HL7" Version="">
    <TableElement Code="..." Codesys="0044" DisplayName="no suggested values" Source="Local"/>
  </TableDefinition>
  <TableDefinition AlternateId="0045" Codesys="" Id="0045" Name="Courtesy Code" Oid="" Type="HL7" Version="">
    <TableElement Code="..." Codesys="0045" DisplayName="no suggested values" Source="Local"/>
  </TableDefinition>
  <TableDefinition AlternateId="0046" Codesys="" Id="0046" Name="Credit Rating" Oid="" Type="HL7" Version="">
    <TableElement Code="..." Codesys="0046" DisplayName="no suggested values" Source="Local"/>
  </TableDefinition>
  <TableDefinition AlternateId="0465" Codesys="" Id="0465" Name="Name/address representation" Oid="" Type="HL7" Version="">
    <TableElement Code="A" Codesys="0465" DisplayName="Alphabetic (i.e., Default or some single-byte)" Source="Local"/>
    <TableElement Code="I" Codesys="0465" DisplayName="Ideographic (i.e., Kanji)" Source="Local"/>
    <TableElement Code="P" Codesys="0465" DisplayName="Phonetic (i.e., ASCII, Katakana, Hiragana, etc.)" Source="Local"/>
  </TableDefinition>
  <TableDefinition AlternateId="0131" Codesys="" Id="0131" Name="Contact Role" Oid="" Type="HL7" Version="">
    <TableElement Code="C" Codesys="0131" DisplayName="Emergency Contact" Source="Local"/>
    <TableElement Code="E" Codesys="0131" DisplayName="Employer" Source="Local"/>
    <TableElement Code="F" Codesys="0131" DisplayName="Federal Agency" Source="Local"/>
    <TableElement Code="I" Codesys="0131" DisplayName="Insurance Company" Source="Local"/>
    <TableElement Code="N" Codesys="0131" DisplayName="Next-of-Kin" Source="Local"/>
    <TableElement Code="O" Codesys="0131" DisplayName="Other" Source="Local"/>
    <TableElement Code="S" Codesys="0131" DisplayName="State Agency" Source="Local"/>
    <TableElement Code="U" Codesys="0131" DisplayName="Unknown" Source="Local"/>
  </TableDefinition>
  <TableDefinition AlternateId="0519" Codesys="" Id="0519" Name="Override reason" Oid="" Type="HL7" Version="">
    <TableElement Code="..." Codesys="0519" DisplayName="No suggested values" Source="Local"/>
  </TableDefinition>
  <TableDefinition AlternateId="0315" Codesys="" Id="0315" Name="Living Will Code" Oid="" Type="HL7" Version="">
    <TableElement Code="F" Codesys="0315" DisplayName="Yes, patient has a living will but it is not on file" Source="Local"/>
    <TableElement Code="I" Codesys="0315" DisplayName="No, patient does not have a living will but information was provided" Source="Local"/>
    <TableElement Code="N" Codesys="0315" DisplayName="No, patient does not have a living will and no information was provided" Source="Local"/>
    <TableElement Code="U" Codesys="0315" DisplayName="Unknown" Source="Local"/>
    <TableElement Code="Y" Codesys="0315" DisplayName="Yes, patient has a living will" Source="Local"/>
  </TableDefinition>
  <TableDefinition AlternateId="0518" Codesys="" Id="0518" Name="Override type" Oid="" Type="HL7" Version="">
    <TableElement Code="EQV" Codesys="0518" DisplayName="Equivalence Override" Source="Local"/>
    <TableElement Code="EXTN" Codesys="0518" DisplayName="Extension Override" Source="Local"/>
    <TableElement Code="INLV" Codesys="0518" DisplayName="Interval Override" Source="Local"/>
  </TableDefinition>
  <TableDefinition AlternateId="0517" Codesys="" Id="0517" Name="Inform person code" Oid="" Type="HL7" Version="">
    <TableElement Code="HD" Codesys="0517" DisplayName="Inform help desk" Source="Local"/>
    <TableElement Code="NPAT" Codesys="0517" DisplayName="Do NOT inform patient" Source="Local"/>
    <TableElement Code="PAT" Codesys="0517" DisplayName="Inform patient" Source="Local"/>
    <TableElement Code="USR" Codesys="0517" DisplayName="Inform User" Source="Local"/>
  </TableDefinition>
  <TableDefinition AlternateId="0311" Codesys="" Id="0311" Name="Job Status" Oid="" Type="HL7" Version="">
    <TableElement Code="O" Codesys="0311" DisplayName="Other" Source="Local"/>
    <TableElement Code="P" Codesys="0311" DisplayName="Permanent" Source="Local"/>
    <TableElement Code="T" Codesys="0311" DisplayName="Temporary" Source="Local"/>
    <TableElement Code="U" Codesys="0311" DisplayName="Unknown" Source="Local"/>
  </TableDefinition>
  <TableDefinition AlternateId="0078" Codesys="" Id="0078" Name="Abnormal flags" Oid="" Type="HL7" Version="">
    <TableElement Code="&lt;" Codesys="0078" DisplayName="Below absolute low-off instrument scale" Source="Local"/>
    <TableElement Code="&gt;" Codesys="0078" DisplayName="Above absolute high-off instrument scale" Source="Local"/>
    <TableElement Code="A" Codesys="0078" DisplayName="Abnormal (applies to non-numeric results)" Source="Local"/>
    <TableElement Code="AA" Codesys="0078" DisplayName="Very abnormal (applies to non-numeric units, analogous to panic limits for numeric units)" Source="Local"/>
    <TableElement Code="B" Codesys="0078" DisplayName="Better--use when direction not relevant" Source="Local"/>
    <TableElement Code="D" Codesys="0078" DisplayName="Significant change down" Source="Local"/>
    <TableElement Code="H" Codesys="0078" DisplayName="Above high normal" Source="Local"/>
    <TableElement Code="HH" Codesys="0078" DisplayName="Above upper panic limits" Source="Local"/>
    <TableElement Code="I" Codesys="0078" DisplayName="Intermediate. Indicates for microbiology susceptibilities only." Source="Local"/>
    <TableElement Code="L" Codesys="0078" DisplayName="Below low normal" Source="Local"/>
    <TableElement Code="LL" Codesys="0078" DisplayName="Below lower panic limits" Source="Local"/>
    <TableElement Code="MS" Codesys="0078" DisplayName="Moderately susceptible. Indicates for microbiology susceptibilities only." Source="Local"/>
    <TableElement Code="N" Codesys="0078" DisplayName="Normal (applies to non-numeric results)" Source="Local"/>
    <TableElement Code="null" Codesys="0078" DisplayName="No range defined, or normal ranges don't apply" Source="Local"/>
    <TableElement Code="R" Codesys="0078" DisplayName="Resistant. Indicates for microbiology susceptibilities only." Source="Local"/>
    <TableElement Code="S" Codesys="0078" DisplayName="Susceptible. Indicates for microbiology susceptibilities only." Source="Local"/>
    <TableElement Code="U" Codesys="0078" DisplayName="Significant change up" Source="Local"/>
    <TableElement Code="VS" Codesys="0078" DisplayName="Very susceptible. Indicates for microbiology susceptibilities only." Source="Local"/>
    <TableElement Code="W" Codesys="0078" DisplayName="Worse--use when direction not relevant" Source="Local"/>
  </TableDefinition>
  <TableDefinition AlternateId="0316" Codesys="" Id="0316" Name="Organ Donor Code" Oid="" Type="HL7" Version="">
    <TableElement Code="F" Codesys="0316" DisplayName="Yes, patient is a documented donor, but documentation is not on file" Source="Local"/>
    <TableElement Code="I" Codesys="0316" DisplayName="No, patient is not a documented donor, but information was provided" Source="Local"/>
    <TableElement Code="N" Codesys="0316" DisplayName="No, patient has not agreed to be a donor" Source="Local"/>
    <TableElement Code="P" Codesys="0316" DisplayName="Patient leaves organ donation decision to a specific person" Source="Local"/>
    <TableElement Code="R" Codesys="0316" DisplayName="Patient leaves organ donation decision to relatives" Source="Local"/>
    <TableElement Code="U" Codesys="0316" DisplayName="Unknown" Source="Local"/>
    <TableElement Code="Y" Codesys="0316" DisplayName="Yes, patient is a documented donor and documentation is on file" Source="Local"/>
  </TableDefinition>
  <TableDefinition AlternateId="0080" Codesys="" Id="0080" Name="Nature of Abnormal Testing" Oid="" Type="HL7" Version="">
    <TableElement Code="A" Codesys="0080" DisplayName="An age-based population" Source="Local"/>
    <TableElement Code="B" Codesys="0080" DisplayName="Breed" Source="Local"/>
    <TableElement Code="N" Codesys="0080" DisplayName="None - generic normal range" Source="Local"/>
    <TableElement Code="R" Codesys="0080" DisplayName="A race-based population" Source="Local"/>
    <TableElement Code="S" Codesys="0080" DisplayName="A sex-based population" Source="Local"/>
    <TableElement Code="SP" Codesys="0080" DisplayName="Species" Source="Local"/>
    <TableElement Code="ST" Codesys="0080" DisplayName="Strain" Source="Local"/>
  </TableDefinition>
  <TableDefinition AlternateId="0087" Codesys="" Id="0087" Name="Pre-Admit Test Indicator" Oid="" Type="HL7" Version="">
    <TableElement Code="..." Codesys="0087" DisplayName="no suggested values" Source="Local"/>
  </TableDefinition>
  <TableDefinition AlternateId="0086" Codesys="" Id="0086" Name="Plan ID" Oid="" Type="HL7" Version="">
    <TableElement Code="..." Codesys="0086" DisplayName="No suggested values defined" Source="Local"/>
  </TableDefinition>
  <TableDefinition AlternateId="0105" Codesys="" Id="0105" Name="Source of comment" Oid="" Type="HL7" Version="">
    <TableElement Code="L" Codesys="0105" DisplayName="Ancillary (filler) department is source of comment" Source="Local"/>
    <TableElement Code="O" Codesys="0105" DisplayName="Other system is source of comment" Source="Local"/>
    <TableElement Code="P" Codesys="0105" DisplayName="Orderer (placer) is source of comment" Source="Local"/>
  </TableDefinition>
  <TableDefinition AlternateId="0121" Codesys="" Id="0121" Name="Response flag" Oid="" Type="HL7" Version="">
    <TableElement Code="D" Codesys="0121" DisplayName="Same as R, also other associated segments" Source="Local"/>
    <TableElement Code="E" Codesys="0121" DisplayName="Report exceptions only" Source="Local"/>
    <TableElement Code="F" Codesys="0121" DisplayName="Same as D, plus confirmations explicitly" Source="Local"/>
    <TableElement Code="N" Codesys="0121" DisplayName="Only the MSA segment is returned" Source="Local"/>
    <TableElement Code="R" Codesys="0121" DisplayName="Same as E, also Replacement and Parent-Child" Source="Local"/>
  </TableDefinition>
  <TableDefinition AlternateId="0142" Codesys="" Id="0142" Name="Military Status" Oid="" Type="HL7" Version="">
    <TableElement Code="ACT" Codesys="0142" DisplayName="Active duty" Source="Local"/>
    <TableElement Code="DEC" Codesys="0142" DisplayName="Deceased" Source="Local"/>
    <TableElement Code="RET" Codesys="0142" DisplayName="Retired" Source="Local"/>
  </TableDefinition>
  <TableDefinition AlternateId="0303" Codesys="" Id="0303" Name="Room" Oid="" Type="HL7" Version="">
    <TableElement Code="..." Codesys="0303" DisplayName="No suggested values defined" Source="Local"/>
  </TableDefinition>
  <TableDefinition AlternateId="0141" Codesys="" Id="0141" Name="Military Rank/Grade" Oid="" Type="HL7" Version="">
    <TableElement Code="E1... E9" Codesys="0141" DisplayName="Enlisted" Source="Local"/>
    <TableElement Code="O1 ... O9" Codesys="0141" DisplayName="Officers" Source="Local"/>
    <TableElement Code="W1 ... W4" Codesys="0141" DisplayName="Warrant Officers" Source="Local"/>
  </TableDefinition>
  <TableDefinition AlternateId="0304" Codesys="" Id="0304" Name="Bed" Oid="" Type="HL7" Version="">
    <TableElement Code="..." Codesys="0304" DisplayName="No suggested values defined" Source="Local"/>
  </TableDefinition>
  <TableDefinition AlternateId="0140" Codesys="" Id="0140" Name="Military Service" Oid="" Type="HL7" Version="">
    <TableElement Code="AUSA" Codesys="0140" DisplayName="Australian Army" Source="Local"/>
    <TableElement Code="AUSAF" Codesys="0140" DisplayName="Australian Air Force" Source="Local"/>
    <TableElement Code="AUSN" Codesys="0140" DisplayName="Australian Navy" Source="Local"/>
    <TableElement Code="NATO" Codesys="0140" DisplayName="North Atlantic Treaty Organization" Source="Local"/>
    <TableElement Code="NOAA" Codesys="0140" DisplayName="National Oceanic and Atmospheric Administration" Source="Local"/>
    <TableElement Code="USA" Codesys="0140" DisplayName="US Army" Source="Local"/>
    <TableElement Code="USAF" Codesys="0140" DisplayName="US Air Force" Source="Local"/>
    <TableElement Code="USCG" Codesys="0140" DisplayName="US Coast Guard" Source="Local"/>
    <TableElement Code="USMC" Codesys="0140" DisplayName="US Marine Corps" Source="Local"/>
    <TableElement Code="USN" Codesys="0140" DisplayName="US Navy" Source="Local"/>
    <TableElement Code="USPHS" Codesys="0140" DisplayName="US Public Health Service" Source="Local"/>
  </TableDefinition>
  <TableDefinition AlternateId="0301" Codesys="" Id="0301" Name="Universal ID type" Oid="" Type="HL7" Version="">
    <TableElement Code="DNS" Codesys="0301" DisplayName="An Internet dotted name. Either in ASCII or as integers" Source="Local"/>
    <TableElement Code="GUID" Codesys="0301" DisplayName="Same as UUID." Source="Local"/>
    <TableElement Code="HCD" Codesys="0301" DisplayName="The CEN Healthcare Coding Scheme Designator. (Identifiers used in DICOM follow this assignment scheme.)" Source="Local"/>
    <TableElement Code="HL7" Codesys="0301" DisplayName="Reserved for future HL7 registration schemes" Source="Local"/>
    <TableElement Code="ISO" Codesys="0301" DisplayName="An International Standards Organization Object Identifier" Source="Local"/>
    <TableElement Code="L,M,N" Codesys="0301" DisplayName="These are reserved for locally defined coding schemes." Source="Local"/>
    <TableElement Code="Random" Codesys="0301" DisplayName="Usually a base64 encoded string of random bits.&lt;p&gt;The uniqueness depends on the length of the bits. Mail systems often generate ASCII string 占�?unique names,&quot; from a combination of random bits and system names. Obviously, such identifiers will not be cons" Source="Local"/>
    <TableElement Code="URI" Codesys="0301" DisplayName="Uniform Resource Identifier" Source="Local"/>
    <TableElement Code="UUID" Codesys="0301" DisplayName="The DCE Universal Unique Identifier" Source="Local"/>
    <TableElement Code="x400" Codesys="0301" DisplayName="An X.400 MHS format identifier" Source="Local"/>
    <TableElement Code="x500" Codesys="0301" DisplayName="An X.500 directory name" Source="Local"/>
  </TableDefinition>
  <TableDefinition AlternateId="0302" Codesys="" Id="0302" Name="Point of care" Oid="" Type="HL7" Version="">
    <TableElement Code="..." Codesys="0302" DisplayName="No suggested values defined" Source="Local"/>
  </TableDefinition>
  <TableDefinition AlternateId="0300" Codesys="" Id="0300" Name="Namespace ID" Oid="" Type="HL7" Version="">
    <TableElement Code="..." Codesys="0300" DisplayName="No suggested values defined" Source="Local"/>
  </TableDefinition>
  <TableDefinition AlternateId="0066" Codesys="" Id="0066" Name="Employment Status" Oid="" Type="HL7" Version="">
    <TableElement Code="1" Codesys="0066" DisplayName="Full time employed" Source="Local"/>
    <TableElement Code="2" Codesys="0066" DisplayName="Part time employed" Source="Local"/>
    <TableElement Code="3" Codesys="0066" DisplayName="Unemployed" Source="Local"/>
    <TableElement Code="4" Codesys="0066" DisplayName="Self-employed," Source="Local"/>
    <TableElement Code="5" Codesys="0066" DisplayName="Retired" Source="Local"/>
    <TableElement Code="6" Codesys="0066" DisplayName="On active military duty" Source="Local"/>
    <TableElement Code="9" Codesys="0066" DisplayName="Unknown" Source="Local"/>
    <TableElement Code="C" Codesys="0066" DisplayName="Contract, per diem" Source="Local"/>
    <TableElement Code="L" Codesys="0066" DisplayName="Leave of absence (e.g. Family leave, sabbatical, etc.)" Source="Local"/>
    <TableElement Code="O" Codesys="0066" DisplayName="Other" Source="Local"/>
    <TableElement Code="T" Codesys="0066" DisplayName="Temporarily unemployed" Source="Local"/>
  </TableDefinition>
  <TableDefinition AlternateId="0309" Codesys="" Id="0309" Name="Coverage Type" Oid="" Type="HL7" Version="">
    <TableElement Code="B" Codesys="0309" DisplayName="Both hospital and physician" Source="Local"/>
    <TableElement Code="H" Codesys="0309" DisplayName="Hospital/institutional" Source="Local"/>
    <TableElement Code="P" Codesys="0309" DisplayName="Physician/professional" Source="Local"/>
  </TableDefinition>
  <TableDefinition AlternateId="0069" Codesys="" Id="0069" Name="Hospital Service" Oid="" Type="HL7" Version="">
    <TableElement Code="CAR" Codesys="0069" DisplayName="Cardiac Service" Source="Local"/>
    <TableElement Code="MED" Codesys="0069" DisplayName="Medical Service" Source="Local"/>
    <TableElement Code="PUL" Codesys="0069" DisplayName="Pulmonary Service" Source="Local"/>
    <TableElement Code="SUR" Codesys="0069" DisplayName="Surgical Service" Source="Local"/>
    <TableElement Code="URO" Codesys="0069" DisplayName="Urology Service" Source="Local"/>
  </TableDefinition>
  <TableDefinition AlternateId="0307" Codesys="" Id="0307" Name="Building" Oid="" Type="HL7" Version="">
    <TableElement Code="..." Codesys="0307" DisplayName="No suggested values defined" Source="Local"/>
  </TableDefinition>
  <TableDefinition AlternateId="0308" Codesys="" Id="0308" Name="Floor" Oid="" Type="HL7" Version="">
    <TableElement Code="..." Codesys="0308" DisplayName="No suggested values defined." Source="Local"/>
  </TableDefinition>
  <TableDefinition AlternateId="0305" Codesys="" Id="0305" Name="Person location type" Oid="" Type="HL7" Version="">
    <TableElement Code="C" Codesys="0305" DisplayName="Clinic" Source="Local"/>
    <TableElement Code="D" Codesys="0305" DisplayName="Department" Source="Local"/>
    <TableElement Code="H" Codesys="0305" DisplayName="Home" Source="Local"/>
    <TableElement Code="N" Codesys="0305" DisplayName="Nursing Unit" Source="Local"/>
    <TableElement Code="O" Codesys="0305" DisplayName="Provider's Office" Source="Local"/>
    <TableElement Code="P" Codesys="0305" DisplayName="Phone" Source="Local"/>
    <TableElement Code="S" Codesys="0305" DisplayName="SNF" Source="Local"/>
  </TableDefinition>
  <TableDefinition AlternateId="0306" Codesys="" Id="0306" Name="Location status" Oid="" Type="HL7" Version="">
    <TableElement Code="..." Codesys="0306" DisplayName="No suggested values defined" Source="Local"/>
  </TableDefinition>
  <TableDefinition AlternateId="0072" Codesys="" Id="0072" Name="Insurance Plan ID" Oid="" Type="HL7" Version="">
    <TableElement Code="..." Codesys="0072" DisplayName="No suggested values defined" Source="Local"/>
  </TableDefinition>
  <TableDefinition AlternateId="0447" Codesys="" Id="0447" Name="Breed Code" Oid="" Type="HL7" Version="">
    <TableElement Code="..." Codesys="0447" DisplayName="no suggested values" Source="Local"/>
  </TableDefinition>
  <TableDefinition AlternateId="0446" Codesys="" Id="0446" Name="Species Code" Oid="" Type="HL7" Version="">
    <TableElement Code="..." Codesys="0446" DisplayName="no suggested values" Source="Local"/>
  </TableDefinition>
  <TableDefinition AlternateId="0073" Codesys="" Id="0073" Name="Interest Rate Code" Oid="" Type="HL7" Version="">
    <TableElement Code="..." Codesys="0073" DisplayName="no suggested values" Source="Local"/>
  </TableDefinition>
  <TableDefinition AlternateId="0445" Codesys="" Id="0445" Name="Identity Reliability Code" Oid="" Type="HL7" Version="">
    <TableElement Code="AL" Codesys="0445" DisplayName="Patient/Person Name is an Alias" Source="Local"/>
    <TableElement Code="UA" Codesys="0445" DisplayName="Unknown/Default Address" Source="Local"/>
    <TableElement Code="UD" Codesys="0445" DisplayName="Unknown/Default Date of Birth" Source="Local"/>
    <TableElement Code="US" Codesys="0445" DisplayName="Unknown/Default Social Security Number" Source="Local"/>
  </TableDefinition>
  <TableDefinition AlternateId="0444" Codesys="" Id="0444" Name="Name assembly order" Oid="" Type="HL7" Version="">
    <TableElement Code="F" Codesys="0444" DisplayName="Prefix Family Middle Given Suffix" Source="Local"/>
    <TableElement Code="G" Codesys="0444" DisplayName="Prefix Given Middle Family Suffix" Source="Local"/>
  </TableDefinition>
  <TableDefinition AlternateId="0114" Codesys="" Id="0114" Name="Diet Type" Oid="" Type="HL7" Version="">
    <TableElement Code="..." Codesys="0114" DisplayName="no suggested values" Source="Local"/>
  </TableDefinition>
  <TableDefinition AlternateId="0115" Codesys="" Id="0115" Name="Servicing Facility" Oid="" Type="HL7" Version="">
    <TableElement Code="..." Codesys="0115" DisplayName="no suggested values" Source="Local"/>
  </TableDefinition>
  <TableDefinition AlternateId="0136" Codesys="" Id="0136" Name="Yes/no indicator" Oid="" Type="HL7" Version="">
    <TableElement Code="N" Codesys="0136" DisplayName="No" Source="Local"/>
    <TableElement Code="Y" Codesys="0136" DisplayName="Yes" Source="Local"/>
  </TableDefinition>
  <TableDefinition AlternateId="0116" Codesys="" Id="0116" Name="Bed Status" Oid="" Type="HL7" Version="">
    <TableElement Code="C" Codesys="0116" DisplayName="Closed" Source="Local"/>
    <TableElement Code="H" Codesys="0116" DisplayName="Housekeeping" Source="Local"/>
    <TableElement Code="I" Codesys="0116" DisplayName="Isolated" Source="Local"/>
    <TableElement Code="K" Codesys="0116" DisplayName="Contaminated" Source="Local"/>
    <TableElement Code="O" Codesys="0116" DisplayName="Occupied" Source="Local"/>
    <TableElement Code="U" Codesys="0116" DisplayName="Unoccupied" Source="Local"/>
  </TableDefinition>
  <TableDefinition AlternateId="0448" Codesys="" Id="0448" Name="Name context" Oid="" Type="HL7" Version="">
    <TableElement Code="..." Codesys="0448" DisplayName="No suggested values defined" Source="Local"/>
  </TableDefinition>
  <TableDefinition AlternateId="0117" Codesys="" Id="0117" Name="Account Status" Oid="" Type="HL7" Version="">
    <TableElement Code="..." Codesys="0117" DisplayName="no suggested values" Source="Local"/>
  </TableDefinition>
  <TableDefinition AlternateId="0110" Codesys="" Id="0110" Name="Transfer to Bad Debt Code" Oid="" Type="HL7" Version="">
    <TableElement Code="..." Codesys="0110" DisplayName="no suggested values" Source="Local"/>
  </TableDefinition>
  <TableDefinition AlternateId="0111" Codesys="" Id="0111" Name="Delete Account Code" Oid="" Type="HL7" Version="">
    <TableElement Code="..." Codesys="0111" DisplayName="no suggested values" Source="Local"/>
  </TableDefinition>
  <TableDefinition AlternateId="0135" Codesys="" Id="0135" Name="Assignment of Benefits" Oid="" Type="HL7" Version="">
    <TableElement Code="M" Codesys="0135" DisplayName="Modified assignment" Source="Local"/>
    <TableElement Code="N" Codesys="0135" DisplayName="No" Source="Local"/>
    <TableElement Code="Y" Codesys="0135" DisplayName="Yes" Source="Local"/>
  </TableDefinition>
  <TableDefinition AlternateId="0112" Codesys="" Id="0112" Name="Discharge Disposition" Oid="" Type="HL7" Version="">
    <TableElement Code="01" Codesys="0112" DisplayName="Discharged to home or self care (routine discharge)" Source="Local"/>
    <TableElement Code="02" Codesys="0112" DisplayName="Discharged/transferred to another short term general hospital for inpatient care" Source="Local"/>
    <TableElement Code="03" Codesys="0112" DisplayName="Discharged/transferred to skilled nursing facility (SNF)" Source="Local"/>
    <TableElement Code="04" Codesys="0112" DisplayName="Discharged/transferred to an intermediate care facility (ICF)" Source="Local"/>
    <TableElement Code="05" Codesys="0112" DisplayName="Discharged/transferred to another type of institution for inpatient care or referred for outpatient services to another institution" Source="Local"/>
    <TableElement Code="06" Codesys="0112" DisplayName="Discharged/transferred to home under care of organized home health service organization" Source="Local"/>
    <TableElement Code="07" Codesys="0112" DisplayName="Left against medical advice or discontinued care" Source="Local"/>
    <TableElement Code="08" Codesys="0112" DisplayName="Discharged/transferred to home under care of Home IV provider" Source="Local"/>
    <TableElement Code="09" Codesys="0112" DisplayName="Admitted as an inpatient to this hospital" Source="Local"/>
    <TableElement Code="10 ...19" Codesys="0112" DisplayName="Discharge to be defined at state level, if necessary" Source="Local"/>
    <TableElement Code="20" Codesys="0112" DisplayName="Expired (i.e. dead)" Source="Local"/>
    <TableElement Code="21 ... 29" Codesys="0112" DisplayName="Expired to be defined at state level, if necessary" Source="Local"/>
    <TableElement Code="30" Codesys="0112" DisplayName="Still patient or expected to return for outpatient services (i.e. still a patient)" Source="Local"/>
    <TableElement Code="31 ... 39" Codesys="0112" DisplayName="Still patient to be defined at state level, if necessary  (i.e. still a patient)" Source="Local"/>
    <TableElement Code="40" Codesys="0112" DisplayName="Expired (i.e. died) at home" Source="Local"/>
    <TableElement Code="41" Codesys="0112" DisplayName="Expired (i.e. died) in a medical facility; e.g., hospital, SNF, ICF, or free standing hospice" Source="Local"/>
    <TableElement Code="42" Codesys="0112" DisplayName="Expired (i.e. died)  - place unknown" Source="Local"/>
  </TableDefinition>
  <TableDefinition AlternateId="0113" Codesys="" Id="0113" Name="Discharged to location" Oid="" Type="HL7" Version="">
    <TableElement Code="..." Codesys="0113" DisplayName="no suggested values" Source="Local"/>
  </TableDefinition>
  <TableDefinition AlternateId="0339" Codesys="" Id="0339" Name="Advanced Beneficiary Notice Code" Oid="" Type="HL7" Version="">
    <TableElement Code="1" Codesys="0339" DisplayName="Service is subject to medical necessity procedures" Source="Local"/>
    <TableElement Code="2" Codesys="0339" DisplayName="Patient has been informed of responsibility, and agrees to pay for service" Source="Local"/>
    <TableElement Code="3" Codesys="0339" DisplayName="Patient has been informed of responsibility, and asks that the payer be billed" Source="Local"/>
    <TableElement Code="4" Codesys="0339" DisplayName="Advanced Beneficiary Notice has not been signed" Source="Local"/>
  </TableDefinition>
  <TableDefinition AlternateId="0018" Codesys="" Id="0018" Name="Patient Type" Oid="" Type="HL7" Version="">
    <TableElement Code="..." Codesys="0018" DisplayName="no suggested values" Source="Local"/>
  </TableDefinition>
  <TableDefinition AlternateId="0295" Codesys="" Id="0295" Name="Handicap" Oid="" Type="HL7" Version="">
    <TableElement Code="..." Codesys="0295" DisplayName="No suggested values defined" Source="Local"/>
  </TableDefinition>
  <TableDefinition AlternateId="0296" Codesys="" Id="0296" Name="Primary Language" Oid="" Type="HL7" Version="">
    <TableElement Code="..." Codesys="0296" DisplayName="no suggested values" Source="Local"/>
  </TableDefinition>
  <TableDefinition AlternateId="0231" Codesys="" Id="0231" Name="Student Status" Oid="" Type="HL7" Version="">
    <TableElement Code="F" Codesys="0231" DisplayName="Full-time student" Source="Local"/>
    <TableElement Code="N" Codesys="0231" DisplayName="Not a student" Source="Local"/>
    <TableElement Code="P" Codesys="0231" DisplayName="Part-time student" Source="Local"/>
  </TableDefinition>
  <TableDefinition AlternateId="0190" Codesys="" Id="0190" Name="Address type" Oid="" Type="HL7" Version="">
    <TableElement Code="B" Codesys="0190" DisplayName="Firm/Business" Source="Local"/>
    <TableElement Code="BA" Codesys="0190" DisplayName="Bad address" Source="Local"/>
    <TableElement Code="BDL" Codesys="0190" DisplayName="Birth delivery location (address where birth occurred)" Source="Local"/>
    <TableElement Code="BR" Codesys="0190" DisplayName="Residence at birth (home address at time of birth)" Source="Local"/>
    <TableElement Code="C" Codesys="0190" DisplayName="Current Or Temporary" Source="Local"/>
    <TableElement Code="F" Codesys="0190" DisplayName="Country Of Origin" Source="Local"/>
    <TableElement Code="H" Codesys="0190" DisplayName="Home" Source="Local"/>
    <TableElement Code="L" Codesys="0190" DisplayName="Legal Address" Source="Local"/>
    <TableElement Code="M" Codesys="0190" DisplayName="Mailing" Source="Local"/>
    <TableElement Code="N" Codesys="0190" DisplayName="Birth (nee) (birth address, not otherwise specified)" Source="Local"/>
    <TableElement Code="O" Codesys="0190" DisplayName="Office" Source="Local"/>
    <TableElement Code="P" Codesys="0190" DisplayName="Permanent" Source="Local"/>
    <TableElement Code="RH" Codesys="0190" DisplayName="Registry home. Refers to the information system, typically managed by a public health agency, that stores patient information such as immunization histories or cancer data, regardless of where the patient obtains services." Source="Local"/>
  </TableDefinition>
  <TableDefinition AlternateId="0333" Codesys="" Id="0333" Name="Driver's license issuing authority" Oid="" Type="HL7" Version="">
    <TableElement Code="..." Codesys="0333" DisplayName="No suggested values defined" Source="Local"/>
  </TableDefinition>
  <TableDefinition AlternateId="0335" Codesys="" Id="0335" Name="Repeat pattern" Oid="" Type="HL7" Version="">
    <TableElement Code="A" Codesys="0335" DisplayName="Ante (before)" Source="Local"/>
    <TableElement Code="BID" Codesys="0335" DisplayName="twice a day at institution-specified times" Source="Local"/>
    <TableElement Code="C" Codesys="0335" DisplayName="service is provided continuously between start time and stop time" Source="Local"/>
    <TableElement Code="D" Codesys="0335" DisplayName="Cibus Diurnus (lunch)" Source="Local"/>
    <TableElement Code="I" Codesys="0335" DisplayName="Inter" Source="Local"/>
    <TableElement Code="M" Codesys="0335" DisplayName="Cibus Matutinus (breakfast)" Source="Local"/>
    <TableElement Code="Meal Related Timings" Codesys="0335" DisplayName="&lt;timing&gt;C (창??cum창??)&lt;meal&gt;" Source="Local"/>
    <TableElement Code="Once" Codesys="0335" DisplayName="one time only." Source="Local"/>
    <TableElement Code="P" Codesys="0335" DisplayName="Post (after)" Source="Local"/>
    <TableElement Code="PRN" Codesys="0335" DisplayName="given as needed" Source="Local"/>
    <TableElement Code="PRNxxx" Codesys="0335" DisplayName="where xxx is some frequency code" Source="Local"/>
    <TableElement Code="Q&lt;integer&gt;D" Codesys="0335" DisplayName="every &lt;integer&gt; days" Source="Local"/>
    <TableElement Code="Q&lt;integer&gt;H" Codesys="0335" DisplayName="every &lt;integer&gt; hours" Source="Local"/>
    <TableElement Code="Q&lt;integer&gt;J&lt;day#&gt;" Codesys="0335" DisplayName="repeats on a particular day of the week," Source="Local"/>
    <TableElement Code="Q&lt;integer&gt;L" Codesys="0335" DisplayName="every &lt;integer&gt; months (Lunar cycle)" Source="Local"/>
    <TableElement Code="Q&lt;integer&gt;M" Codesys="0335" DisplayName="every &lt;integer&gt; minutes" Source="Local"/>
    <TableElement Code="Q&lt;integer&gt;S" Codesys="0335" DisplayName="every &lt;integer&gt; seconds" Source="Local"/>
    <TableElement Code="Q&lt;integer&gt;W" Codesys="0335" DisplayName="every &lt;integer&gt; weeks" Source="Local"/>
    <TableElement Code="QAM" Codesys="0335" DisplayName="in the morning at institution-specified time" Source="Local"/>
    <TableElement Code="QHS" Codesys="0335" DisplayName="every day before the hour of sleep" Source="Local"/>
    <TableElement Code="QID" Codesys="0335" DisplayName="four times a day at institution-specified times" Source="Local"/>
    <TableElement Code="QOD" Codesys="0335" DisplayName="every other day" Source="Local"/>
    <TableElement Code="QPM" Codesys="0335" DisplayName="in the evening at institution-specified time" Source="Local"/>
    <TableElement Code="QSHIFT" Codesys="0335" DisplayName="during each of three eight-hour shifts at institution-specified times" Source="Local"/>
    <TableElement Code="TID" Codesys="0335" DisplayName="three times a day at institution-specified times" Source="Local"/>
    <TableElement Code="U &lt;spec&gt;" Codesys="0335" DisplayName="for future use, where &lt;spec&gt; is an interval specification as defined by the UNIX cron specification." Source="Local"/>
    <TableElement Code="V" Codesys="0335" DisplayName="Cibus Vespertinus (dinner)" Source="Local"/>
    <TableElement Code="xID" Codesys="0335" DisplayName="창??X창?? times per day at institution-specified times, where X is a numeral 5 or greater." Source="Local"/>
  </TableDefinition>
  <TableDefinition AlternateId="0189" Codesys="" Id="0189" Name="Ethnic Group" Oid="" Type="HL7" Version="">
    <TableElement Code="H" Codesys="0189" DisplayName="Hispanic or Latino" Source="Local"/>
    <TableElement Code="N" Codesys="0189" DisplayName="Not Hispanic or Latino" Source="Local"/>
    <TableElement Code="U" Codesys="0189" DisplayName="Unknown" Source="Local"/>
  </TableDefinition>
  <TableDefinition AlternateId="0099" Codesys="" Id="0099" Name="VIP Indicator" Oid="" Type="HL7" Version="">
    <TableElement Code="..." Codesys="0099" DisplayName="no suggested values" Source="Local"/>
  </TableDefinition>
  <TableDefinition AlternateId="0535" Codesys="" Id="0535" Name="Signature Code" Oid="" Type="HL7" Version="">
    <TableElement Code="C" Codesys="0535" DisplayName="Signed CMS-1500 claim form on file, e.g. authorization for release of any medical or other information necessary to process this claim and assignment of benefits." Source="Local"/>
    <TableElement Code="M" Codesys="0535" DisplayName="Signed authorization for assignment of benefits on file." Source="Local"/>
    <TableElement Code="P" Codesys="0535" DisplayName="Signature generated by provider because the patient was not physically present for services." Source="Local"/>
    <TableElement Code="S" Codesys="0535" DisplayName="Signed authorization for release of any medical or other information necessary to process this claim on file." Source="Local"/>
  </TableDefinition>
  <TableDefinition AlternateId="0021" Codesys="" Id="0021" Name="Bad Debt Agency Code" Oid="" Type="HL7" Version="">
    <TableElement Code="..." Codesys="0021" DisplayName="no suggested values" Source="Local"/>
  </TableDefinition>
  <TableDefinition AlternateId="0435" Codesys="" Id="0435" Name="Advance Directive Code" Oid="" Type="HL7" Version="">
    <TableElement Code="DNR" Codesys="0435" DisplayName="Do not resuscitate" Source="Local"/>
  </TableDefinition>
  <TableDefinition AlternateId="0289" Codesys="" Id="0289" Name="County/parish" Oid="" Type="HL7" Version="">
    <TableElement Code="..." Codesys="0289" DisplayName="No suggested values defined" Source="Local"/>
  </TableDefinition>
  <TableDefinition AlternateId="0288" Codesys="" Id="0288" Name="Census tract" Oid="" Type="HL7" Version="">
    <TableElement Code="..." Codesys="0288" DisplayName="No suggested values defined" Source="Local"/>
  </TableDefinition>
  <TableDefinition AlternateId="0004" Codesys="" Id="0004" Name="Patient Class" Oid="" Type="HL7" Version="">
    <TableElement Code="B" Codesys="0004" DisplayName="Obstetrics" Source="Local"/>
    <TableElement Code="C" Codesys="0004" DisplayName="Commercial Account" Source="Local"/>
    <TableElement Code="E" Codesys="0004" DisplayName="Emergency" Source="Local"/>
    <TableElement Code="I" Codesys="0004" DisplayName="Inpatient" Source="Local"/>
    <TableElement Code="N" Codesys="0004" DisplayName="Not Applicable" Source="Local"/>
    <TableElement Code="O" Codesys="0004" DisplayName="Outpatient" Source="Local"/>
    <TableElement Code="P" Codesys="0004" DisplayName="Preadmit" Source="Local"/>
    <TableElement Code="R" Codesys="0004" DisplayName="Recurring patient" Source="Local"/>
    <TableElement Code="U" Codesys="0004" DisplayName="Unknown" Source="Local"/>
  </TableDefinition>
  <TableDefinition AlternateId="0328" Codesys="" Id="0328" Name="Employee classification" Oid="" Type="HL7" Version="">
    <TableElement Code="..." Codesys="0328" DisplayName="No suggested values defined" Source="Local"/>
  </TableDefinition>
  <TableDefinition AlternateId="0007" Codesys="" Id="0007" Name="Admission Type" Oid="" Type="HL7" Version="">
    <TableElement Code="A" Codesys="0007" DisplayName="Accident" Source="Local"/>
    <TableElement Code="C" Codesys="0007" DisplayName="Elective" Source="Local"/>
    <TableElement Code="E" Codesys="0007" DisplayName="Emergency" Source="Local"/>
    <TableElement Code="L" Codesys="0007" DisplayName="Labor and Delivery" Source="Local"/>
    <TableElement Code="N" Codesys="0007" DisplayName="Newborn (Birth in healthcare facility)" Source="Local"/>
    <TableElement Code="R" Codesys="0007" DisplayName="Routine" Source="Local"/>
    <TableElement Code="U" Codesys="0007" DisplayName="Urgent" Source="Local"/>
  </TableDefinition>
  <TableDefinition AlternateId="0006" Codesys="" Id="0006" Name="Religion" Oid="" Type="HL7" Version="">
    <TableElement Code="ABC" Codesys="0006" DisplayName="Christian: American Baptist Church" Source="Local"/>
    <TableElement Code="AGN" Codesys="0006" DisplayName="Agnostic" Source="Local"/>
    <TableElement Code="AME" Codesys="0006" DisplayName="Christian: African Methodist Episcopal Zion" Source="Local"/>
    <TableElement Code="AMT" Codesys="0006" DisplayName="Christian: African Methodist Episcopal" Source="Local"/>
    <TableElement Code="ANG" Codesys="0006" DisplayName="Christian: Anglican" Source="Local"/>
    <TableElement Code="AOG" Codesys="0006" DisplayName="Christian: Assembly of God" Source="Local"/>
    <TableElement Code="ATH" Codesys="0006" DisplayName="Atheist" Source="Local"/>
    <TableElement Code="BAH" Codesys="0006" DisplayName="Baha'i" Source="Local"/>
    <TableElement Code="BAP" Codesys="0006" DisplayName="Christian: Baptist" Source="Local"/>
    <TableElement Code="BMA" Codesys="0006" DisplayName="Buddhist: Mahayana" Source="Local"/>
    <TableElement Code="BOT" Codesys="0006" DisplayName="Buddhist: Other" Source="Local"/>
    <TableElement Code="BTA" Codesys="0006" DisplayName="Buddhist: Tantrayana" Source="Local"/>
    <TableElement Code="BTH" Codesys="0006" DisplayName="Buddhist: Theravada" Source="Local"/>
    <TableElement Code="BUD" Codesys="0006" DisplayName="Buddhist" Source="Local"/>
    <TableElement Code="CAT" Codesys="0006" DisplayName="Christian: Roman Catholic" Source="Local"/>
    <TableElement Code="CFR" Codesys="0006" DisplayName="Chinese Folk Religionist" Source="Local"/>
    <TableElement Code="CHR" Codesys="0006" DisplayName="Christian" Source="Local"/>
    <TableElement Code="CHS" Codesys="0006" DisplayName="Christian: Christian Science" Source="Local"/>
    <TableElement Code="CMA" Codesys="0006" DisplayName="Christian: Christian Missionary Alliance" Source="Local"/>
    <TableElement Code="CNF" Codesys="0006" DisplayName="Confucian" Source="Local"/>
    <TableElement Code="COC" Codesys="0006" DisplayName="Christian: Church of Christ" Source="Local"/>
    <TableElement Code="COG" Codesys="0006" DisplayName="Christian: Church of God" Source="Local"/>
    <TableElement Code="COI" Codesys="0006" DisplayName="Christian: Church of God in Christ" Source="Local"/>
    <TableElement Code="COL" Codesys="0006" DisplayName="Christian: Congregational" Source="Local"/>
    <TableElement Code="COM" Codesys="0006" DisplayName="Christian: Community" Source="Local"/>
    <TableElement Code="COP" Codesys="0006" DisplayName="Christian: Other Pentecostal" Source="Local"/>
    <TableElement Code="COT" Codesys="0006" DisplayName="Christian: Other" Source="Local"/>
    <TableElement Code="CRR" Codesys="0006" DisplayName="Christian: Christian Reformed" Source="Local"/>
    <TableElement Code="EOT" Codesys="0006" DisplayName="Christian: Eastern Orthodox" Source="Local"/>
    <TableElement Code="EPI" Codesys="0006" DisplayName="Christian: Episcopalian" Source="Local"/>
    <TableElement Code="ERL" Codesys="0006" DisplayName="Ethnic Religionist" Source="Local"/>
    <TableElement Code="EVC" Codesys="0006" DisplayName="Christian: Evangelical Church" Source="Local"/>
    <TableElement Code="FRQ" Codesys="0006" DisplayName="Christian: Friends" Source="Local"/>
    <TableElement Code="FWB" Codesys="0006" DisplayName="Christian: Free Will Baptist" Source="Local"/>
    <TableElement Code="GRE" Codesys="0006" DisplayName="Christian: Greek Orthodox" Source="Local"/>
    <TableElement Code="HIN" Codesys="0006" DisplayName="Hindu" Source="Local"/>
    <TableElement Code="HOT" Codesys="0006" DisplayName="Hindu: Other" Source="Local"/>
    <TableElement Code="HSH" Codesys="0006" DisplayName="Hindu: Shaivites" Source="Local"/>
    <TableElement Code="HVA" Codesys="0006" DisplayName="Hindu: Vaishnavites" Source="Local"/>
    <TableElement Code="JAI" Codesys="0006" DisplayName="Jain" Source="Local"/>
    <TableElement Code="JCO" Codesys="0006" DisplayName="Jewish: Conservative" Source="Local"/>
    <TableElement Code="JEW" Codesys="0006" DisplayName="Jewish" Source="Local"/>
    <TableElement Code="JOR" Codesys="0006" DisplayName="Jewish: Orthodox" Source="Local"/>
    <TableElement Code="JOT" Codesys="0006" DisplayName="Jewish: Other" Source="Local"/>
    <TableElement Code="JRC" Codesys="0006" DisplayName="Jewish: Reconstructionist" Source="Local"/>
    <TableElement Code="JRF" Codesys="0006" DisplayName="Jewish: Reform" Source="Local"/>
    <TableElement Code="JRN" Codesys="0006" DisplayName="Jewish: Renewal" Source="Local"/>
    <TableElement Code="JWN" Codesys="0006" DisplayName="Christian: Jehovah's Witness" Source="Local"/>
    <TableElement Code="LMS" Codesys="0006" DisplayName="Christian: Lutheran Missouri Synod" Source="Local"/>
    <TableElement Code="LUT" Codesys="0006" DisplayName="Christian: Lutheran" Source="Local"/>
    <TableElement Code="MEN" Codesys="0006" DisplayName="Christian: Mennonite" Source="Local"/>
    <TableElement Code="MET" Codesys="0006" DisplayName="Christian: Methodist" Source="Local"/>
    <TableElement Code="MOM" Codesys="0006" DisplayName="Christian: Latter-day Saints" Source="Local"/>
    <TableElement Code="MOS" Codesys="0006" DisplayName="Muslim" Source="Local"/>
    <TableElement Code="MOT" Codesys="0006" DisplayName="Muslim: Other" Source="Local"/>
    <TableElement Code="MSH" Codesys="0006" DisplayName="Muslim: Shiite" Source="Local"/>
    <TableElement Code="MSU" Codesys="0006" DisplayName="Muslim: Sunni" Source="Local"/>
    <TableElement Code="NAM" Codesys="0006" DisplayName="Native American" Source="Local"/>
    <TableElement Code="NAZ" Codesys="0006" DisplayName="Christian: Church of the Nazarene" Source="Local"/>
    <TableElement Code="NOE" Codesys="0006" DisplayName="Nonreligious" Source="Local"/>
    <TableElement Code="NRL" Codesys="0006" DisplayName="New Religionist" Source="Local"/>
    <TableElement Code="ORT" Codesys="0006" DisplayName="Christian: Orthodox" Source="Local"/>
    <TableElement Code="OTH" Codesys="0006" DisplayName="Other" Source="Local"/>
    <TableElement Code="PEN" Codesys="0006" DisplayName="Christian: Pentecostal" Source="Local"/>
    <TableElement Code="PRC" Codesys="0006" DisplayName="Christian: Other Protestant" Source="Local"/>
    <TableElement Code="PRE" Codesys="0006" DisplayName="Christian: Presbyterian" Source="Local"/>
    <TableElement Code="PRO" Codesys="0006" DisplayName="Christian: Protestant" Source="Local"/>
    <TableElement Code="QUA" Codesys="0006" DisplayName="Christian: Friends" Source="Local"/>
    <TableElement Code="REC" Codesys="0006" DisplayName="Christian: Reformed Church" Source="Local"/>
    <TableElement Code="REO" Codesys="0006" DisplayName="Christian: Reorganized Church of Jesus Christ-LDS" Source="Local"/>
    <TableElement Code="SAA" Codesys="0006" DisplayName="Christian: Salvation Army" Source="Local"/>
    <TableElement Code="SEV" Codesys="0006" DisplayName="Christian: Seventh Day Adventist" Source="Local"/>
    <TableElement Code="SHN" Codesys="0006" DisplayName="Shintoist" Source="Local"/>
    <TableElement Code="SIK" Codesys="0006" DisplayName="Sikh" Source="Local"/>
    <TableElement Code="SOU" Codesys="0006" DisplayName="Christian: Southern Baptist" Source="Local"/>
    <TableElement Code="SPI" Codesys="0006" DisplayName="Spiritist" Source="Local"/>
    <TableElement Code="UCC" Codesys="0006" DisplayName="Christian: United Church of Christ" Source="Local"/>
    <TableElement Code="UMD" Codesys="0006" DisplayName="Christian: United Methodist" Source="Local"/>
    <TableElement Code="UNI" Codesys="0006" DisplayName="Christian: Unitarian" Source="Local"/>
    <TableElement Code="UNU" Codesys="0006" DisplayName="Christian: Unitarian Universalist" Source="Local"/>
    <TableElement Code="VAR" Codesys="0006" DisplayName="Unknown" Source="Local"/>
    <TableElement Code="WES" Codesys="0006" DisplayName="Christian: Wesleyan" Source="Local"/>
    <TableElement Code="WMC" Codesys="0006" DisplayName="Christian: Wesleyan Methodist" Source="Local"/>
  </TableDefinition>
  <TableDefinition AlternateId="0327" Codesys="" Id="0327" Name="Job code" Oid="" Type="HL7" Version="">
    <TableElement Code="..." Codesys="0327" DisplayName="No suggested values defined" Source="Local"/>
  </TableDefinition>
  <TableDefinition AlternateId="0223" Codesys="" Id="0223" Name="Living Dependency" Oid="" Type="HL7" Version="">
    <TableElement Code="C" Codesys="0223" DisplayName="Small Children Dependent" Source="Local"/>
    <TableElement Code="M" Codesys="0223" DisplayName="Medical Supervision Required" Source="Local"/>
    <TableElement Code="O" Codesys="0223" DisplayName="Other" Source="Local"/>
    <TableElement Code="S" Codesys="0223" DisplayName="Spouse Dependent" Source="Local"/>
    <TableElement Code="U" Codesys="0223" DisplayName="Unknown" Source="Local"/>
  </TableDefinition>
  <TableDefinition AlternateId="0001" Codesys="" Id="0001" Name="Administrative Sex" Oid="" Type="HL7" Version="">
    <TableElement Code="A" Codesys="0001" DisplayName="Ambiguous" Source="Local"/>
    <TableElement Code="F" Codesys="0001" DisplayName="Female" Source="Local"/>
    <TableElement Code="M" Codesys="0001" DisplayName="Male" Source="Local"/>
    <TableElement Code="N" Codesys="0001" DisplayName="Not applicable" Source="Local"/>
    <TableElement Code="O" Codesys="0001" DisplayName="Other" Source="Local"/>
    <TableElement Code="U" Codesys="0001" DisplayName="Unknown" Source="Local"/>
  </TableDefinition>
  <TableDefinition AlternateId="0222" Codesys="" Id="0222" Name="Contact Reason" Oid="" Type="HL7" Version="">
    <TableElement Code="..." Codesys="0222" DisplayName="No suggested values defined" Source="Local"/>
  </TableDefinition>
  <TableDefinition AlternateId="0495" Codesys="" Id="0495" Name="Body Site Modifier" Oid="" Type="HL7" Version="">
    <TableElement Code="ANT" Codesys="0495" DisplayName="Anterior" Source="Local"/>
    <TableElement Code="BIL" Codesys="0495" DisplayName="Bilateral" Source="Local"/>
    <TableElement Code="DIS" Codesys="0495" DisplayName="Distal" Source="Local"/>
    <TableElement Code="EXT" Codesys="0495" DisplayName="External" Source="Local"/>
    <TableElement Code="L" Codesys="0495" DisplayName="Left" Source="Local"/>
    <TableElement Code="LAT" Codesys="0495" DisplayName="Lateral" Source="Local"/>
    <TableElement Code="LLQ" Codesys="0495" DisplayName="Quadrant, Left Lower" Source="Local"/>
    <TableElement Code="LOW" Codesys="0495" DisplayName="Lower" Source="Local"/>
    <TableElement Code="LUQ" Codesys="0495" DisplayName="Quadrant, Left Upper" Source="Local"/>
    <TableElement Code="MED" Codesys="0495" DisplayName="Medial" Source="Local"/>
    <TableElement Code="POS" Codesys="0495" DisplayName="Posterior" Source="Local"/>
    <TableElement Code="PRO" Codesys="0495" DisplayName="Proximal" Source="Local"/>
    <TableElement Code="R" Codesys="0495" DisplayName="Right" Source="Local"/>
    <TableElement Code="RLQ" Codesys="0495" DisplayName="Quadrant, Right Lower" Source="Local"/>
    <TableElement Code="RUQ" Codesys="0495" DisplayName="Quadrant, Right Upper" Source="Local"/>
    <TableElement Code="UPP" Codesys="0495" DisplayName="Upper" Source="Local"/>
  </TableDefinition>
  <TableDefinition AlternateId="0220" Codesys="" Id="0220" Name="Living Arrangement" Oid="" Type="HL7" Version="">
    <TableElement Code="A" Codesys="0220" DisplayName="Alone" Source="Local"/>
    <TableElement Code="F" Codesys="0220" DisplayName="Family" Source="Local"/>
    <TableElement Code="I" Codesys="0220" DisplayName="Institution" Source="Local"/>
    <TableElement Code="R" Codesys="0220" DisplayName="Relative" Source="Local"/>
    <TableElement Code="S" Codesys="0220" DisplayName="Spouse Only" Source="Local"/>
    <TableElement Code="U" Codesys="0220" DisplayName="Unknown" Source="Local"/>
  </TableDefinition>
  <TableDefinition AlternateId="0002" Codesys="" Id="0002" Name="Marital Status" Oid="" Type="HL7" Version="">
    <TableElement Code="A" Codesys="0002" DisplayName="Separated" Source="Local"/>
    <TableElement Code="B" Codesys="0002" DisplayName="Unmarried" Source="Local"/>
    <TableElement Code="C" Codesys="0002" DisplayName="Common law" Source="Local"/>
    <TableElement Code="D" Codesys="0002" DisplayName="Divorced" Source="Local"/>
    <TableElement Code="E" Codesys="0002" DisplayName="Legally Separated" Source="Local"/>
    <TableElement Code="G" Codesys="0002" DisplayName="Living together" Source="Local"/>
    <TableElement Code="I" Codesys="0002" DisplayName="Interlocutory" Source="Local"/>
    <TableElement Code="M" Codesys="0002" DisplayName="Married" Source="Local"/>
    <TableElement Code="N" Codesys="0002" DisplayName="Annulled" Source="Local"/>
    <TableElement Code="O" Codesys="0002" DisplayName="Other" Source="Local"/>
    <TableElement Code="P" Codesys="0002" DisplayName="Domestic partner" Source="Local"/>
    <TableElement Code="R" Codesys="0002" DisplayName="Registered domestic partner" Source="Local"/>
    <TableElement Code="S" Codesys="0002" DisplayName="Single" Source="Local"/>
    <TableElement Code="T" Codesys="0002" DisplayName="Unreported" Source="Local"/>
    <TableElement Code="U" Codesys="0002" DisplayName="Unknown" Source="Local"/>
    <TableElement Code="W" Codesys="0002" DisplayName="Widowed" Source="Local"/>
  </TableDefinition>
  <TableDefinition AlternateId="0398" Codesys="" Id="0398" Name="Continuation style code" Oid="" Type="HL7" Version="">
    <TableElement Code="F" Codesys="0398" DisplayName="Fragmentation" Source="Local"/>
    <TableElement Code="I" Codesys="0398" DisplayName="Interactive Continuation" Source="Local"/>
  </TableDefinition>
  <TableDefinition AlternateId="0399" Codesys="" Id="0399" Name="Country code" Oid="" Type="HL7" Version="">
    <TableElement Code="..." Codesys="0399" DisplayName="use 3-character (alphabetic) form of ISO 3166" Source="Local"/>
  </TableDefinition>
  <TableDefinition AlternateId="0098" Codesys="" Id="0098" Name="Type of Agreement" Oid="" Type="HL7" Version="">
    <TableElement Code="M" Codesys="0098" DisplayName="Maternity" Source="Local"/>
    <TableElement Code="S" Codesys="0098" DisplayName="Standard" Source="Local"/>
    <TableElement Code="U" Codesys="0098" DisplayName="Unified" Source="Local"/>
  </TableDefinition>
  <TableDefinition AlternateId="0396" Codesys="" Id="0396" Name="Coding system" Oid="" Type="HL7" Version="">
    <TableElement Code="99zzz or L" Codesys="0396" DisplayName="Local general code (where z is an alphanumeric character)" Source="Local"/>
    <TableElement Code="ACR" Codesys="0396" DisplayName="American College of Radiology finding codes" Source="Local"/>
    <TableElement Code="ANS+" Codesys="0396" DisplayName="HL7 set of units of measure" Source="Local"/>
    <TableElement Code="ART" Codesys="0396" DisplayName="WHO Adverse Reaction Terms" Source="Local"/>
    <TableElement Code="AS4" Codesys="0396" DisplayName="ASTM E1238/ E1467 Universal" Source="Local"/>
    <TableElement Code="AS4E" Codesys="0396" DisplayName="AS4 Neurophysiology Codes" Source="Local"/>
    <TableElement Code="ATC" Codesys="0396" DisplayName="American Type Culture Collection" Source="Local"/>
    <TableElement Code="C4" Codesys="0396" DisplayName="CPT-4" Source="Local"/>
    <TableElement Code="C5" Codesys="0396" DisplayName="CPT-5" Source="Local"/>
    <TableElement Code="CAS" Codesys="0396" DisplayName="Chemical abstract codes" Source="Local"/>
    <TableElement Code="CD2" Codesys="0396" DisplayName="CDT-2 Codes" Source="Local"/>
    <TableElement Code="CDCA" Codesys="0396" DisplayName="CDC Analyte Codes" Source="Local"/>
    <TableElement Code="CDCM" Codesys="0396" DisplayName="CDC Methods/Instruments Codes" Source="Local"/>
    <TableElement Code="CDS" Codesys="0396" DisplayName="CDC Surveillance" Source="Local"/>
    <TableElement Code="CE" Codesys="0396" DisplayName="CEN ECG diagnostic codes" Source="Local"/>
    <TableElement Code="CLP" Codesys="0396" DisplayName="CLIP" Source="Local"/>
    <TableElement Code="CPTM" Codesys="0396" DisplayName="CPT Modifier Code" Source="Local"/>
    <TableElement Code="CST" Codesys="0396" DisplayName="COSTART" Source="Local"/>
    <TableElement Code="CVX" Codesys="0396" DisplayName="CDC Vaccine Codes" Source="Local"/>
    <TableElement Code="DCM" Codesys="0396" DisplayName="DICOM Controlled Terminology" Source="Local"/>
    <TableElement Code="E" Codesys="0396" DisplayName="EUCLIDES" Source="Local"/>
    <TableElement Code="E5" Codesys="0396" DisplayName="Euclides  quantity codes" Source="Local"/>
    <TableElement Code="E6" Codesys="0396" DisplayName="Euclides Lab method codes" Source="Local"/>
    <TableElement Code="E7" Codesys="0396" DisplayName="Euclides Lab equipment codes" Source="Local"/>
    <TableElement Code="ENZC" Codesys="0396" DisplayName="Enzyme Codes" Source="Local"/>
    <TableElement Code="FDDC" Codesys="0396" DisplayName="First DataBank Drug Codes" Source="Local"/>
    <TableElement Code="FDDX" Codesys="0396" DisplayName="First DataBank Diagnostic Codes" Source="Local"/>
    <TableElement Code="FDK" Codesys="0396" DisplayName="FDA K10" Source="Local"/>
    <TableElement Code="HB" Codesys="0396" DisplayName="HIBCC" Source="Local"/>
    <TableElement Code="HCPCS" Codesys="0396" DisplayName="CMS (formerly HCFA)  Common Procedure Coding System" Source="Local"/>
    <TableElement Code="HCPT" Codesys="0396" DisplayName="Health Care Provider Taxonomy" Source="Local"/>
    <TableElement Code="HHC" Codesys="0396" DisplayName="Home Health Care" Source="Local"/>
    <TableElement Code="HI" Codesys="0396" DisplayName="Health Outcomes" Source="Local"/>
    <TableElement Code="HL7nnnn" Codesys="0396" DisplayName="HL7 Defined Codes where nnnn is the HL7 table number" Source="Local"/>
    <TableElement Code="HOT" Codesys="0396" DisplayName="Japanese Nationwide Medicine Code" Source="Local"/>
    <TableElement Code="HPC" Codesys="0396" DisplayName="CMS (formerly HCFA )Procedure Codes (HCPCS)" Source="Local"/>
    <TableElement Code="I10" Codesys="0396" DisplayName="ICD-10" Source="Local"/>
    <TableElement Code="I10P" Codesys="0396" DisplayName="ICD-10  Procedure Codes" Source="Local"/>
    <TableElement Code="I9" Codesys="0396" DisplayName="ICD9" Source="Local"/>
    <TableElement Code="I9C" Codesys="0396" DisplayName="ICD-9CM" Source="Local"/>
    <TableElement Code="IBT" Codesys="0396" DisplayName="ISBT" Source="Local"/>
    <TableElement Code="IBTnnnn" Codesys="0396" DisplayName="ISBT 128 codes where nnnn  specifies a specific table within ISBT 128." Source="Local"/>
    <TableElement Code="IC2" Codesys="0396" DisplayName="ICHPPC-2" Source="Local"/>
    <TableElement Code="ICD10AM" Codesys="0396" DisplayName="ICD-10 Australian modification" Source="Local"/>
    <TableElement Code="ICD10CA" Codesys="0396" DisplayName="ICD-10 Canada" Source="Local"/>
    <TableElement Code="ICDO" Codesys="0396" DisplayName="International Classification of Diseases for Oncology" Source="Local"/>
    <TableElement Code="ICS" Codesys="0396" DisplayName="ICCS" Source="Local"/>
    <TableElement Code="ICSD" Codesys="0396" DisplayName="International Classification of Sleep Disorders" Source="Local"/>
    <TableElement Code="ISO+" Codesys="0396" DisplayName="ISO 2955.83 (units of measure) with HL7 extensions" Source="Local"/>
    <TableElement Code="ISOnnnn" Codesys="0396" DisplayName="ISO Defined Codes where nnnn is the ISO table number" Source="Local"/>
    <TableElement Code="IUPC" Codesys="0396" DisplayName="IUPAC/IFCC Component Codes" Source="Local"/>
    <TableElement Code="IUPP" Codesys="0396" DisplayName="IUPAC/IFCC Property Codes" Source="Local"/>
    <TableElement Code="JC10" Codesys="0396" DisplayName="JLAC/JSLM, nationwide laboratory code" Source="Local"/>
    <TableElement Code="JC8" Codesys="0396" DisplayName="Japanese Chemistry" Source="Local"/>
    <TableElement Code="JJ1017" Codesys="0396" DisplayName="Japanese Image Examination Cache" Source="Local"/>
    <TableElement Code="LB" Codesys="0396" DisplayName="Local billing code" Source="Local"/>
    <TableElement Code="LN" Codesys="0396" DisplayName="Logical Observation Identifier Names and Codes (LOINC횂짰)" Source="Local"/>
    <TableElement Code="MCD" Codesys="0396" DisplayName="Medicaid" Source="Local"/>
    <TableElement Code="MCR" Codesys="0396" DisplayName="Medicare" Source="Local"/>
    <TableElement Code="MDDX" Codesys="0396" DisplayName="Medispan Diagnostic Codes" Source="Local"/>
    <TableElement Code="MEDC" Codesys="0396" DisplayName="Medical Economics Drug Codes" Source="Local"/>
    <TableElement Code="MEDR" Codesys="0396" DisplayName="Medical Dictionary for Drug Regulatory Affairs (MEDDRA)" Source="Local"/>
    <TableElement Code="MEDX" Codesys="0396" DisplayName="Medical Economics Diagnostic Codes" Source="Local"/>
    <TableElement Code="MGPI" Codesys="0396" DisplayName="Medispan GPI" Source="Local"/>
    <TableElement Code="MVX" Codesys="0396" DisplayName="CDC Vaccine Manufacturer Codes" Source="Local"/>
    <TableElement Code="NDA" Codesys="0396" DisplayName="NANDA" Source="Local"/>
    <TableElement Code="NDC" Codesys="0396" DisplayName="National drug codes" Source="Local"/>
    <TableElement Code="NIC" Codesys="0396" DisplayName="Nursing Interventions Classification" Source="Local"/>
    <TableElement Code="NPI" Codesys="0396" DisplayName="National Provider Identifier" Source="Local"/>
    <TableElement Code="NUBC" Codesys="0396" DisplayName="National Uniform Billing Committee Code" Source="Local"/>
    <TableElement Code="OHA" Codesys="0396" DisplayName="Omaha System" Source="Local"/>
    <TableElement Code="POS" Codesys="0396" DisplayName="POS Codes" Source="Local"/>
    <TableElement Code="RC" Codesys="0396" DisplayName="Read Classification" Source="Local"/>
    <TableElement Code="SDM" Codesys="0396" DisplayName="SNOMED- DICOM Microglossary" Source="Local"/>
    <TableElement Code="SNM" Codesys="0396" DisplayName="Systemized Nomenclature of Medicine (SNOMED)" Source="Local"/>
    <TableElement Code="SNM3" Codesys="0396" DisplayName="SNOMED International" Source="Local"/>
    <TableElement Code="SNT" Codesys="0396" DisplayName="SNOMED topology codes (anatomic sites)" Source="Local"/>
    <TableElement Code="UC" Codesys="0396" DisplayName="UCDS" Source="Local"/>
    <TableElement Code="UMD" Codesys="0396" DisplayName="MDNS" Source="Local"/>
    <TableElement Code="UML" Codesys="0396" DisplayName="Unified Medical Language" Source="Local"/>
    <TableElement Code="UPC" Codesys="0396" DisplayName="Universal Product Code" Source="Local"/>
    <TableElement Code="UPIN" Codesys="0396" DisplayName="UPIN" Source="Local"/>
    <TableElement Code="USPS" Codesys="0396" DisplayName="United States Postal Service" Source="Local"/>
    <TableElement Code="W1" Codesys="0396" DisplayName="WHO record # drug codes (6 digit)" Source="Local"/>
    <TableElement Code="W2" Codesys="0396" DisplayName="WHO record # drug codes (8 digit)" Source="Local"/>
    <TableElement Code="W4" Codesys="0396" DisplayName="WHO record # code with ASTM extension" Source="Local"/>
    <TableElement Code="WC" Codesys="0396" DisplayName="WHO ATC" Source="Local"/>
  </TableDefinition>
  <TableDefinition AlternateId="0009" Codesys="" Id="0009" Name="Ambulatory Status" Oid="" Type="HL7" Version="">
    <TableElement Code="A0" Codesys="0009" DisplayName="No functional limitations" Source="Local"/>
    <TableElement Code="A1" Codesys="0009" DisplayName="Ambulates with assistive device" Source="Local"/>
    <TableElement Code="A2" Codesys="0009" DisplayName="Wheelchair/stretcher bound" Source="Local"/>
    <TableElement Code="A3" Codesys="0009" DisplayName="Comatose; non-responsive" Source="Local"/>
    <TableElement Code="A4" Codesys="0009" DisplayName="Disoriented" Source="Local"/>
    <TableElement Code="A5" Codesys="0009" DisplayName="Vision impaired" Source="Local"/>
    <TableElement Code="A6" Codesys="0009" DisplayName="Hearing impaired" Source="Local"/>
    <TableElement Code="A7" Codesys="0009" DisplayName="Speech impaired" Source="Local"/>
    <TableElement Code="A8" Codesys="0009" DisplayName="Non-English speaking" Source="Local"/>
    <TableElement Code="A9" Codesys="0009" DisplayName="Functional level unknown" Source="Local"/>
    <TableElement Code="B1" Codesys="0009" DisplayName="Oxygen therapy" Source="Local"/>
    <TableElement Code="B2" Codesys="0009" DisplayName="Special equipment (tubes, IVs, catheters)" Source="Local"/>
    <TableElement Code="B3" Codesys="0009" DisplayName="Amputee" Source="Local"/>
    <TableElement Code="B4" Codesys="0009" DisplayName="Mastectomy" Source="Local"/>
    <TableElement Code="B5" Codesys="0009" DisplayName="Paraplegic" Source="Local"/>
    <TableElement Code="B6" Codesys="0009" DisplayName="Pregnant" Source="Local"/>
  </TableDefinition>
  <TableDefinition AlternateId="0326" Codesys="" Id="0326" Name="Visit Indicator" Oid="" Type="HL7" Version="">
    <TableElement Code="A" Codesys="0326" DisplayName="Account level (default)" Source="Local"/>
    <TableElement Code="V" Codesys="0326" DisplayName="Visit level" Source="Local"/>
  </TableDefinition>
  <TableDefinition AlternateId="0093" Codesys="" Id="0093" Name="Release Information" Oid="" Type="HL7" Version="">
    <TableElement Code="..." Codesys="0093" DisplayName="user-defined codes" Source="Local"/>
    <TableElement Code="N" Codesys="0093" DisplayName="No" Source="Local"/>
    <TableElement Code="Y" Codesys="0093" DisplayName="Yes" Source="Local"/>
  </TableDefinition>
  <TableDefinition AlternateId="0092" Codesys="" Id="0092" Name="Re-Admission Indicator" Oid="" Type="HL7" Version="">
    <TableElement Code="R" Codesys="0092" DisplayName="Re-admission" Source="Local"/>
  </TableDefinition>
  <TableDefinition AlternateId="0524" Codesys="" Id="0524" Name="Sequence condition" Oid="" Type="HL7" Version="">
    <TableElement Code="C" Codesys="0524" DisplayName="Repeating cycle of orders" Source="Local"/>
    <TableElement Code="R" Codesys="0524" DisplayName="Reserved for possible future use" Source="Local"/>
    <TableElement Code="S" Codesys="0524" DisplayName="Sequence conditions" Source="Local"/>
  </TableDefinition>
  <TableDefinition AlternateId="0429" Codesys="" Id="0429" Name="Production Class Code" Oid="" Type="HL7" Version="">
    <TableElement Code="BR" Codesys="0429" DisplayName="Breeding/genetic stock" Source="Local"/>
    <TableElement Code="DA" Codesys="0429" DisplayName="Dairy" Source="Local"/>
    <TableElement Code="DR" Codesys="0429" DisplayName="Draft" Source="Local"/>
    <TableElement Code="DU" Codesys="0429" DisplayName="Dual Purpose" Source="Local"/>
    <TableElement Code="LY" Codesys="0429" DisplayName="Layer, Includes Multiplier flocks" Source="Local"/>
    <TableElement Code="MT" Codesys="0429" DisplayName="Meat" Source="Local"/>
    <TableElement Code="NA" Codesys="0429" DisplayName="Not Applicable" Source="Local"/>
    <TableElement Code="OT" Codesys="0429" DisplayName="Other" Source="Local"/>
    <TableElement Code="PL" Codesys="0429" DisplayName="Pleasure" Source="Local"/>
    <TableElement Code="RA" Codesys="0429" DisplayName="Racing" Source="Local"/>
    <TableElement Code="SH" Codesys="0429" DisplayName="Show" Source="Local"/>
    <TableElement Code="U" Codesys="0429" DisplayName="Unknown" Source="Local"/>
  </TableDefinition>
  <TableDefinition AlternateId="0010" Codesys="" Id="0010" Name="Physician ID" Oid="" Type="HL7" Version="">
    <TableElement Code="..." Codesys="0010" DisplayName="no suggested values" Source="Local"/>
  </TableDefinition>
  <TableDefinition AlternateId="0298" Codesys="" Id="0298" Name="CP range type" Oid="" Type="HL7" Version="">
    <TableElement Code="F" Codesys="0298" DisplayName="Flat-rate. Apply the entire price to this interval, do not pro-rate the price if the full interval has not occurred/been consumed" Source="Local"/>
    <TableElement Code="P" Codesys="0298" DisplayName="Pro-rate. Apply this price to this interval, pro-rated by whatever portion of the interval has occurred/been consumed" Source="Local"/>
  </TableDefinition>
  <TableDefinition AlternateId="0529" Codesys="" Id="0529" Name="Precision" Oid="" Type="HL7" Version="">
    <TableElement Code="D" Codesys="0529" DisplayName="day" Source="Local"/>
    <TableElement Code="H" Codesys="0529" DisplayName="hour" Source="Local"/>
    <TableElement Code="L" Codesys="0529" DisplayName="month" Source="Local"/>
    <TableElement Code="M" Codesys="0529" DisplayName="minute" Source="Local"/>
    <TableElement Code="S" Codesys="0529" DisplayName="second" Source="Local"/>
    <TableElement Code="Y" Codesys="0529" DisplayName="year" Source="Local"/>
  </TableDefinition>
  <TableDefinition AlternateId="0297" Codesys="" Id="0297" Name="CN ID source" Oid="" Type="HL7" Version="">
    <TableElement Code="..." Codesys="0297" DisplayName="No suggested values defined" Source="Local"/>
  </TableDefinition>
  <TableDefinition AlternateId="0212" Codesys="" Id="0212" Name="Nationality" Oid="" Type="HL7" Version="">
    <TableElement Code="..." Codesys="0212" DisplayName="No suggested values defined" Source="Local"/>
  </TableDefinition>
  <TableDefinition AlternateId="0038" Codesys="" Id="0038" Name="Order status" Oid="" Type="HL7" Version="">
    <TableElement Code="A" Codesys="0038" DisplayName="Some, but not all, results available" Source="Local"/>
    <TableElement Code="CA" Codesys="0038" DisplayName="Order was canceled" Source="Local"/>
    <TableElement Code="CM" Codesys="0038" DisplayName="Order is completed" Source="Local"/>
    <TableElement Code="DC" Codesys="0038" DisplayName="Order was discontinued" Source="Local"/>
    <TableElement Code="ER" Codesys="0038" DisplayName="Error, order not found" Source="Local"/>
    <TableElement Code="HD" Codesys="0038" DisplayName="Order is on hold" Source="Local"/>
    <TableElement Code="IP" Codesys="0038" DisplayName="In process, unspecified" Source="Local"/>
    <TableElement Code="RP" Codesys="0038" DisplayName="Order has been replaced" Source="Local"/>
    <TableElement Code="SC" Codesys="0038" DisplayName="In process, scheduled" Source="Local"/>
  </TableDefinition>
  <TableDefinition AlternateId="0215" Codesys="" Id="0215" Name="Publicity Code" Oid="" Type="HL7" Version="">
    <TableElement Code="F" Codesys="0215" DisplayName="Family only" Source="Local"/>
    <TableElement Code="N" Codesys="0215" DisplayName="No Publicity" Source="Local"/>
    <TableElement Code="O" Codesys="0215" DisplayName="Other" Source="Local"/>
    <TableElement Code="U" Codesys="0215" DisplayName="Unknown" Source="Local"/>
  </TableDefinition>
  <TableDefinition AlternateId="0172" Codesys="" Id="0172" Name="Veterans Military Status" Oid="" Type="HL7" Version="">
    <TableElement Code="..." Codesys="0172" DisplayName="no suggested values" Source="Local"/>
  </TableDefinition>
  <TableDefinition AlternateId="0357" Codesys="" Id="0357" Name="Message error condition codes" Oid="" Type="HL7" Version="">
    <TableElement Code="0" Codesys="0357" DisplayName="Message accepted" Source="Local"/>
    <TableElement Code="100" Codesys="0357" DisplayName="Segment sequence error" Source="Local"/>
    <TableElement Code="101" Codesys="0357" DisplayName="Required field missing" Source="Local"/>
    <TableElement Code="102" Codesys="0357" DisplayName="Data type error" Source="Local"/>
    <TableElement Code="103" Codesys="0357" DisplayName="Table value not found" Source="Local"/>
    <TableElement Code="200" Codesys="0357" DisplayName="Unsupported message type" Source="Local"/>
    <TableElement Code="201" Codesys="0357" DisplayName="Unsupported event code" Source="Local"/>
    <TableElement Code="202" Codesys="0357" DisplayName="Unsupported processing id" Source="Local"/>
    <TableElement Code="203" Codesys="0357" DisplayName="Unsupported version id" Source="Local"/>
    <TableElement Code="204" Codesys="0357" DisplayName="Unknown key identifier" Source="Local"/>
    <TableElement Code="205" Codesys="0357" DisplayName="Duplicate key identifier" Source="Local"/>
    <TableElement Code="206" Codesys="0357" DisplayName="Application record locked" Source="Local"/>
    <TableElement Code="207" Codesys="0357" DisplayName="Application internal error" Source="Local"/>
  </TableDefinition>
  <TableDefinition AlternateId="0173" Codesys="" Id="0173" Name="Coordination of Benefits" Oid="" Type="HL7" Version="">
    <TableElement Code="CO" Codesys="0173" DisplayName="Coordination" Source="Local"/>
    <TableElement Code="IN" Codesys="0173" DisplayName="Independent" Source="Local"/>
  </TableDefinition>
  <TableDefinition AlternateId="0363" Codesys="" Id="0363" Name="Assigning authority" Oid="" Type="HL7" Version="">
    <TableElement Code="..." Codesys="0363" DisplayName="No suggested values" Source="Local"/>
  </TableDefinition>
  <TableDefinition AlternateId="0364" Codesys="" Id="0364" Name="Comment type" Oid="" Type="HL7" Version="">
    <TableElement Code="1R" Codesys="0364" DisplayName="Primary Reason" Source="Local"/>
    <TableElement Code="2R" Codesys="0364" DisplayName="Secondary Reason" Source="Local"/>
    <TableElement Code="AI" Codesys="0364" DisplayName="Ancillary Instructions" Source="Local"/>
    <TableElement Code="DR" Codesys="0364" DisplayName="Duplicate/Interaction Reason" Source="Local"/>
    <TableElement Code="GI" Codesys="0364" DisplayName="General Instructions" Source="Local"/>
    <TableElement Code="GR" Codesys="0364" DisplayName="General Reason" Source="Local"/>
    <TableElement Code="PI" Codesys="0364" DisplayName="Patient Instructions" Source="Local"/>
    <TableElement Code="RE" Codesys="0364" DisplayName="Remark" Source="Local"/>
  </TableDefinition>
  <TableDefinition AlternateId="0171" Codesys="" Id="0171" Name="Citizenship" Oid="" Type="HL7" Version="">
    <TableElement Code="..." Codesys="0171" DisplayName="no suggested values" Source="Local"/>
  </TableDefinition>
  <TableDefinition AlternateId="0360" Codesys="" Id="0360" Name="Degree/license/certificate" Oid="" Type="HL7" Version="">
    <TableElement Code="AA" Codesys="0360" DisplayName="Associate of Arts" Source="Local"/>
    <TableElement Code="AAS" Codesys="0360" DisplayName="Associate of Applied Science" Source="Local"/>
    <TableElement Code="ABA" Codesys="0360" DisplayName="Associate of Business Administration" Source="Local"/>
    <TableElement Code="AE" Codesys="0360" DisplayName="Associate of Engineering" Source="Local"/>
    <TableElement Code="AS" Codesys="0360" DisplayName="Associate of Science" Source="Local"/>
    <TableElement Code="BA" Codesys="0360" DisplayName="Bachelor of Arts" Source="Local"/>
    <TableElement Code="BBA" Codesys="0360" DisplayName="Bachelor of Business Administration" Source="Local"/>
    <TableElement Code="BE" Codesys="0360" DisplayName="Bachelor or Engineering" Source="Local"/>
    <TableElement Code="BFA" Codesys="0360" DisplayName="Bachelor of Fine Arts" Source="Local"/>
    <TableElement Code="BN" Codesys="0360" DisplayName="Bachelor of Nursing" Source="Local"/>
    <TableElement Code="BS" Codesys="0360" DisplayName="Bachelor of Science" Source="Local"/>
    <TableElement Code="BSL" Codesys="0360" DisplayName="Bachelor of Science - Law" Source="Local"/>
    <TableElement Code="BSN" Codesys="0360" DisplayName="Bachelor on Science - Nursing" Source="Local"/>
    <TableElement Code="BT" Codesys="0360" DisplayName="Bachelor of Theology" Source="Local"/>
    <TableElement Code="CANP" Codesys="0360" DisplayName="Certified Adult Nurse Practitioner" Source="Local"/>
    <TableElement Code="CER" Codesys="0360" DisplayName="Certificate" Source="Local"/>
    <TableElement Code="CMA" Codesys="0360" DisplayName="Certified Medical Assistant" Source="Local"/>
    <TableElement Code="CNM" Codesys="0360" DisplayName="Certified Nurse Midwife" Source="Local"/>
    <TableElement Code="CNP" Codesys="0360" DisplayName="Certified Nurse Practitioner" Source="Local"/>
    <TableElement Code="CNS" Codesys="0360" DisplayName="Certified Nurse Specialist" Source="Local"/>
    <TableElement Code="CPNP" Codesys="0360" DisplayName="Certified Pediatric Nurse Practitioner" Source="Local"/>
    <TableElement Code="CRN" Codesys="0360" DisplayName="Certified Registered Nurse" Source="Local"/>
    <TableElement Code="DBA" Codesys="0360" DisplayName="Doctor of Business Administration" Source="Local"/>
    <TableElement Code="DED" Codesys="0360" DisplayName="Doctor of Education" Source="Local"/>
    <TableElement Code="DIP" Codesys="0360" DisplayName="Diploma" Source="Local"/>
    <TableElement Code="DO" Codesys="0360" DisplayName="Doctor of Osteopathy" Source="Local"/>
    <TableElement Code="EMT" Codesys="0360" DisplayName="Emergency Medical Technician" Source="Local"/>
    <TableElement Code="EMTP" Codesys="0360" DisplayName="Emergency Medical Technician - Paramedic" Source="Local"/>
    <TableElement Code="FPNP" Codesys="0360" DisplayName="Family Practice Nurse Practitioner" Source="Local"/>
    <TableElement Code="HS" Codesys="0360" DisplayName="High School Graduate" Source="Local"/>
    <TableElement Code="JD" Codesys="0360" DisplayName="Juris Doctor" Source="Local"/>
    <TableElement Code="MA" Codesys="0360" DisplayName="Master of Arts" Source="Local"/>
    <TableElement Code="MBA" Codesys="0360" DisplayName="Master of Business Administration" Source="Local"/>
    <TableElement Code="MCE" Codesys="0360" DisplayName="Master of Civil Engineering" Source="Local"/>
    <TableElement Code="MD" Codesys="0360" DisplayName="Doctor of Medicine" Source="Local"/>
    <TableElement Code="MDA" Codesys="0360" DisplayName="Medical Assistant" Source="Local"/>
    <TableElement Code="MDI" Codesys="0360" DisplayName="Master of Divinity" Source="Local"/>
    <TableElement Code="ME" Codesys="0360" DisplayName="Master of Engineering" Source="Local"/>
    <TableElement Code="MED" Codesys="0360" DisplayName="Master of Education" Source="Local"/>
    <TableElement Code="MEE" Codesys="0360" DisplayName="Master of Electrical Engineering" Source="Local"/>
    <TableElement Code="MFA" Codesys="0360" DisplayName="Master of Fine Arts" Source="Local"/>
    <TableElement Code="MME" Codesys="0360" DisplayName="Master of Mechanical Engineering" Source="Local"/>
    <TableElement Code="MS" Codesys="0360" DisplayName="Master of Science" Source="Local"/>
    <TableElement Code="MSL" Codesys="0360" DisplayName="Master of Science - Law" Source="Local"/>
    <TableElement Code="MSN" Codesys="0360" DisplayName="Master of Science - Nursing" Source="Local"/>
    <TableElement Code="MT" Codesys="0360" DisplayName="Master of Theology" Source="Local"/>
    <TableElement Code="NG" Codesys="0360" DisplayName="Non-Graduate" Source="Local"/>
    <TableElement Code="NP" Codesys="0360" DisplayName="Nurse Practitioner" Source="Local"/>
    <TableElement Code="PA" Codesys="0360" DisplayName="Physician Assistant" Source="Local"/>
    <TableElement Code="PharmD" Codesys="0360" DisplayName="Doctor of Pharmacy" Source="Local"/>
    <TableElement Code="PHD" Codesys="0360" DisplayName="Doctor of Philosophy" Source="Local"/>
    <TableElement Code="PHE" Codesys="0360" DisplayName="Doctor of Engineering" Source="Local"/>
    <TableElement Code="PHS" Codesys="0360" DisplayName="Doctor of Science" Source="Local"/>
    <TableElement Code="PN" Codesys="0360" DisplayName="Advanced Practice Nurse" Source="Local"/>
    <TableElement Code="RMA" Codesys="0360" DisplayName="Registered Medical Assistant" Source="Local"/>
    <TableElement Code="RPH" Codesys="0360" DisplayName="Registered Pharmacist" Source="Local"/>
    <TableElement Code="SEC" Codesys="0360" DisplayName="Secretarial Certificate" Source="Local"/>
    <TableElement Code="TS" Codesys="0360" DisplayName="Trade School Graduate" Source="Local"/>
  </TableDefinition>
  <TableDefinition AlternateId="0165" Codesys="" Id="0165" Name="Administration Method" Oid="" Type="HL7" Version="">
    <TableElement Code="CH" Codesys="0165" DisplayName="Chew" Source="Local"/>
    <TableElement Code="DI" Codesys="0165" DisplayName="Dissolve" Source="Local"/>
    <TableElement Code="DU" Codesys="0165" DisplayName="Dust" Source="Local"/>
    <TableElement Code="IF" Codesys="0165" DisplayName="Infiltrate" Source="Local"/>
    <TableElement Code="IR" Codesys="0165" DisplayName="Irrigate" Source="Local"/>
    <TableElement Code="IS" Codesys="0165" DisplayName="Insert" Source="Local"/>
    <TableElement Code="IVP" Codesys="0165" DisplayName="IV Push" Source="Local"/>
    <TableElement Code="IVPB" Codesys="0165" DisplayName="IV Piggyback" Source="Local"/>
    <TableElement Code="NB" Codesys="0165" DisplayName="Nebulized" Source="Local"/>
    <TableElement Code="PF" Codesys="0165" DisplayName="Perfuse" Source="Local"/>
    <TableElement Code="PT" Codesys="0165" DisplayName="Pain" Source="Local"/>
    <TableElement Code="SH" Codesys="0165" DisplayName="Shampoo" Source="Local"/>
    <TableElement Code="SO" Codesys="0165" DisplayName="Soak" Source="Local"/>
    <TableElement Code="WA" Codesys="0165" DisplayName="Wash" Source="Local"/>
    <TableElement Code="WI" Codesys="0165" DisplayName="Wipe" Source="Local"/>
  </TableDefinition>
  <TableDefinition AlternateId="0552" Codesys="" Id="0552" Name="Advanced beneficiary notice override reason" Oid="" Type="HL7" Version=""/>
  <TableDefinition AlternateId="0042" Codesys="" Id="0042" Name="Company Plan Code" Oid="" Type="HL7" Version="">
    <TableElement Code="..." Codesys="0042" DisplayName="No suggested values defined" Source="Local"/>
  </TableDefinition>
  <TableDefinition AlternateId="0201" Codesys="" Id="0201" Name="Telecommunication use code" Oid="" Type="HL7" Version="">
    <TableElement Code="ASN" Codesys="0201" DisplayName="Answering Service Number" Source="Local"/>
    <TableElement Code="BPN" Codesys="0201" DisplayName="Beeper Number" Source="Local"/>
    <TableElement Code="EMR" Codesys="0201" DisplayName="Emergency Number" Source="Local"/>
    <TableElement Code="NET" Codesys="0201" DisplayName="Network (email) Address" Source="Local"/>
    <TableElement Code="ORN" Codesys="0201" DisplayName="Other Residence Number" Source="Local"/>
    <TableElement Code="PRN" Codesys="0201" DisplayName="Primary Residence Number" Source="Local"/>
    <TableElement Code="VHN" Codesys="0201" DisplayName="Vacation Home Number" Source="Local"/>
    <TableElement Code="WPN" Codesys="0201" DisplayName="Work Number" Source="Local"/>
  </TableDefinition>
  <TableDefinition AlternateId="0023" Codesys="" Id="0023" Name="Admit Source" Oid="" Type="HL7" Version="">
    <TableElement Code="1" Codesys="0023" DisplayName="Physician referral" Source="Local"/>
    <TableElement Code="2" Codesys="0023" DisplayName="Clinic referral" Source="Local"/>
    <TableElement Code="3" Codesys="0023" DisplayName="HMO referral" Source="Local"/>
    <TableElement Code="4" Codesys="0023" DisplayName="Transfer from a hospital" Source="Local"/>
    <TableElement Code="5" Codesys="0023" DisplayName="Transfer from a skilled nursing facility" Source="Local"/>
    <TableElement Code="6" Codesys="0023" DisplayName="Transfer from another health care facility" Source="Local"/>
    <TableElement Code="7" Codesys="0023" DisplayName="Emergency room" Source="Local"/>
    <TableElement Code="8" Codesys="0023" DisplayName="Court/law enforcement" Source="Local"/>
    <TableElement Code="9" Codesys="0023" DisplayName="Information not available" Source="Local"/>
  </TableDefinition>
  <TableDefinition AlternateId="0200" Codesys="" Id="0200" Name="Name type" Oid="" Type="HL7" Version="">
    <TableElement Code="A" Codesys="0200" DisplayName="Alias Name" Source="Local"/>
    <TableElement Code="B" Codesys="0200" DisplayName="Name at Birth" Source="Local"/>
    <TableElement Code="C" Codesys="0200" DisplayName="Adopted Name" Source="Local"/>
    <TableElement Code="D" Codesys="0200" DisplayName="Display Name" Source="Local"/>
    <TableElement Code="I" Codesys="0200" DisplayName="Licensing Name" Source="Local"/>
    <TableElement Code="L" Codesys="0200" DisplayName="Legal Name" Source="Local"/>
    <TableElement Code="M" Codesys="0200" DisplayName="Maiden Name" Source="Local"/>
    <TableElement Code="N" Codesys="0200" DisplayName="Nickname /&quot;Call me&quot; Name/Street Name" Source="Local"/>
    <TableElement Code="P" Codesys="0200" DisplayName="Name of Partner/Spouse (retained for backward compatibility only)" Source="Local"/>
    <TableElement Code="R" Codesys="0200" DisplayName="Registered Name (animals only)" Source="Local"/>
    <TableElement Code="S" Codesys="0200" DisplayName="Coded Pseudo-Name to ensure anonymity" Source="Local"/>
    <TableElement Code="T" Codesys="0200" DisplayName="Indigenous/Tribal/Community Name" Source="Local"/>
    <TableElement Code="U" Codesys="0200" DisplayName="Unspecified" Source="Local"/>
  </TableDefinition>
  <TableDefinition AlternateId="0022" Codesys="" Id="0022" Name="Billing Status" Oid="" Type="HL7" Version="">
    <TableElement Code="..." Codesys="0022" DisplayName="No suggested values defined" Source="Local"/>
  </TableDefinition>
  <TableDefinition AlternateId="0205" Codesys="" Id="0205" Name="Price type" Oid="" Type="HL7" Version="">
    <TableElement Code="AP" Codesys="0205" DisplayName="administrative price or handling fee" Source="Local"/>
    <TableElement Code="DC" Codesys="0205" DisplayName="direct unit cost" Source="Local"/>
    <TableElement Code="IC" Codesys="0205" DisplayName="indirect unit cost" Source="Local"/>
    <TableElement Code="PF" Codesys="0205" DisplayName="professional fee for performing provider" Source="Local"/>
    <TableElement Code="TF" Codesys="0205" DisplayName="technology fee for use of equipment" Source="Local"/>
    <TableElement Code="TP" Codesys="0205" DisplayName="total price" Source="Local"/>
    <TableElement Code="UP" Codesys="0205" DisplayName="unit price, may be based on length of procedure or service" Source="Local"/>
  </TableDefinition>
  <TableDefinition AlternateId="0204" Codesys="" Id="0204" Name="Organizational name type" Oid="" Type="HL7" Version="">
    <TableElement Code="A" Codesys="0204" DisplayName="Alias name" Source="Local"/>
    <TableElement Code="D" Codesys="0204" DisplayName="Display name" Source="Local"/>
    <TableElement Code="L" Codesys="0204" DisplayName="Legal name" Source="Local"/>
    <TableElement Code="SL" Codesys="0204" DisplayName="Stock exchange listing name" Source="Local"/>
  </TableDefinition>
  <TableDefinition AlternateId="0203" Codesys="" Id="0203" Name="Identifier type" Oid="" Type="HL7" Version="">
    <TableElement Code="AM" Codesys="0203" DisplayName="American Express" Source="Local"/>
    <TableElement Code="AN" Codesys="0203" DisplayName="Account number" Source="Local"/>
    <TableElement Code="ANC" Codesys="0203" DisplayName="Account number Creditor" Source="Local"/>
    <TableElement Code="AND" Codesys="0203" DisplayName="Account number debitor" Source="Local"/>
    <TableElement Code="ANON" Codesys="0203" DisplayName="Anonymous identifier" Source="Local"/>
    <TableElement Code="ANT" Codesys="0203" DisplayName="Temporary Account Number" Source="Local"/>
    <TableElement Code="APRN" Codesys="0203" DisplayName="Advanced Practice Registered Nurse number" Source="Local"/>
    <TableElement Code="BA" Codesys="0203" DisplayName="Bank Account Number" Source="Local"/>
    <TableElement Code="BC" Codesys="0203" DisplayName="Bank Card Number" Source="Local"/>
    <TableElement Code="BR" Codesys="0203" DisplayName="Birth registry number" Source="Local"/>
    <TableElement Code="BRN" Codesys="0203" DisplayName="Breed Registry Number" Source="Local"/>
    <TableElement Code="CC" Codesys="0203" DisplayName="Cost Center number" Source="Local"/>
    <TableElement Code="CY" Codesys="0203" DisplayName="County number" Source="Local"/>
    <TableElement Code="DDS" Codesys="0203" DisplayName="Dentist license number" Source="Local"/>
    <TableElement Code="DEA" Codesys="0203" DisplayName="Drug Enforcement Administration registration number" Source="Local"/>
    <TableElement Code="DFN" Codesys="0203" DisplayName="Drug Furnishing or prescriptive authority Number" Source="Local"/>
    <TableElement Code="DI" Codesys="0203" DisplayName="Diner's Club card" Source="Local"/>
    <TableElement Code="DL" Codesys="0203" DisplayName="Driver's license number" Source="Local"/>
    <TableElement Code="DN" Codesys="0203" DisplayName="Doctor number" Source="Local"/>
    <TableElement Code="DO" Codesys="0203" DisplayName="Osteopathic License number" Source="Local"/>
    <TableElement Code="DPM" Codesys="0203" DisplayName="Podiatrist license number" Source="Local"/>
    <TableElement Code="DR" Codesys="0203" DisplayName="Donor Registration Number" Source="Local"/>
    <TableElement Code="DS" Codesys="0203" DisplayName="Discover Card" Source="Local"/>
    <TableElement Code="EI" Codesys="0203" DisplayName="Employee number" Source="Local"/>
    <TableElement Code="EN" Codesys="0203" DisplayName="Employer number" Source="Local"/>
    <TableElement Code="FI" Codesys="0203" DisplayName="Facility ID" Source="Local"/>
    <TableElement Code="GI" Codesys="0203" DisplayName="Guarantor internal identifier" Source="Local"/>
    <TableElement Code="GL" Codesys="0203" DisplayName="General ledger number" Source="Local"/>
    <TableElement Code="GN" Codesys="0203" DisplayName="Guarantor external  identifier" Source="Local"/>
    <TableElement Code="HC" Codesys="0203" DisplayName="Health Card Number" Source="Local"/>
    <TableElement Code="IND" Codesys="0203" DisplayName="Indigenous/Aboriginal" Source="Local"/>
    <TableElement Code="JHN" Codesys="0203" DisplayName="Jurisdictional health number (Canada)" Source="Local"/>
    <TableElement Code="LI" Codesys="0203" DisplayName="Labor and industries number" Source="Local"/>
    <TableElement Code="LN" Codesys="0203" DisplayName="License number" Source="Local"/>
    <TableElement Code="LR" Codesys="0203" DisplayName="Local Registry ID" Source="Local"/>
    <TableElement Code="MA" Codesys="0203" DisplayName="Patient Medicaid number" Source="Local"/>
    <TableElement Code="MB" Codesys="0203" DisplayName="Member Number" Source="Local"/>
    <TableElement Code="MC" Codesys="0203" DisplayName="Patient's Medicare number" Source="Local"/>
    <TableElement Code="MCD" Codesys="0203" DisplayName="Practitioner Medicaid number" Source="Local"/>
    <TableElement Code="MCN" Codesys="0203" DisplayName="Microchip Number" Source="Local"/>
    <TableElement Code="MCR" Codesys="0203" DisplayName="Practitioner Medicare number" Source="Local"/>
    <TableElement Code="MD" Codesys="0203" DisplayName="Medical License number" Source="Local"/>
    <TableElement Code="MI" Codesys="0203" DisplayName="Military ID number" Source="Local"/>
    <TableElement Code="MR" Codesys="0203" DisplayName="Medical record number" Source="Local"/>
    <TableElement Code="MRT" Codesys="0203" DisplayName="Temporary Medical Record Number" Source="Local"/>
    <TableElement Code="MS" Codesys="0203" DisplayName="MasterCard" Source="Local"/>
    <TableElement Code="NE" Codesys="0203" DisplayName="National employer identifier" Source="Local"/>
    <TableElement Code="NH" Codesys="0203" DisplayName="National Health Plan Identifier" Source="Local"/>
    <TableElement Code="NI" Codesys="0203" DisplayName="National unique individual identifier" Source="Local"/>
    <TableElement Code="NII" Codesys="0203" DisplayName="National Insurance Organization Identifier" Source="Local"/>
    <TableElement Code="NIIP" Codesys="0203" DisplayName="National Insurance Payor Identifier (Payor)" Source="Local"/>
    <TableElement Code="NNxxx" Codesys="0203" DisplayName="National Person Identifier where the xxx is the ISO table 3166 3-character (alphabetic) country code" Source="Local"/>
    <TableElement Code="NP" Codesys="0203" DisplayName="Nurse practitioner number" Source="Local"/>
    <TableElement Code="NPI" Codesys="0203" DisplayName="National provider identifier" Source="Local"/>
    <TableElement Code="OD" Codesys="0203" DisplayName="Optometrist license number" Source="Local"/>
    <TableElement Code="PA" Codesys="0203" DisplayName="Physician Assistant number" Source="Local"/>
    <TableElement Code="PCN" Codesys="0203" DisplayName="Penitentiary/correctional institution Number" Source="Local"/>
    <TableElement Code="PE" Codesys="0203" DisplayName="Living Subject Enterprise Number" Source="Local"/>
    <TableElement Code="PEN" Codesys="0203" DisplayName="Pension Number" Source="Local"/>
    <TableElement Code="PI" Codesys="0203" DisplayName="Patient internal identifier" Source="Local"/>
    <TableElement Code="PN" Codesys="0203" DisplayName="Person number" Source="Local"/>
    <TableElement Code="PNT" Codesys="0203" DisplayName="Temporary Living Subject Number" Source="Local"/>
    <TableElement Code="PPN" Codesys="0203" DisplayName="Passport number" Source="Local"/>
    <TableElement Code="PRC" Codesys="0203" DisplayName="Permanent Resident Card Number" Source="Local"/>
    <TableElement Code="PRN" Codesys="0203" DisplayName="Provider number" Source="Local"/>
    <TableElement Code="PT" Codesys="0203" DisplayName="Patient external identifier" Source="Local"/>
    <TableElement Code="QA" Codesys="0203" DisplayName="QA number" Source="Local"/>
    <TableElement Code="RI" Codesys="0203" DisplayName="Resource identifier" Source="Local"/>
    <TableElement Code="RN" Codesys="0203" DisplayName="Registered Nurse Number" Source="Local"/>
    <TableElement Code="RPH" Codesys="0203" DisplayName="Pharmacist license number" Source="Local"/>
    <TableElement Code="RR" Codesys="0203" DisplayName="Railroad Retirement number" Source="Local"/>
    <TableElement Code="RRI" Codesys="0203" DisplayName="Regional registry ID" Source="Local"/>
    <TableElement Code="SL" Codesys="0203" DisplayName="State license" Source="Local"/>
    <TableElement Code="SN" Codesys="0203" DisplayName="Subscriber Number" Source="Local"/>
    <TableElement Code="SR" Codesys="0203" DisplayName="State registry ID" Source="Local"/>
    <TableElement Code="SS" Codesys="0203" DisplayName="Social Security number" Source="Local"/>
    <TableElement Code="TAX" Codesys="0203" DisplayName="Tax ID number" Source="Local"/>
    <TableElement Code="TN" Codesys="0203" DisplayName="Treaty Number/ (Canada)" Source="Local"/>
    <TableElement Code="U" Codesys="0203" DisplayName="Unspecified identifier" Source="Local"/>
    <TableElement Code="UPIN" Codesys="0203" DisplayName="Medicare/CMS (formerly HCFA)'s Universal Physician Identification numbers" Source="Local"/>
    <TableElement Code="VN" Codesys="0203" DisplayName="Visit number" Source="Local"/>
    <TableElement Code="VS" Codesys="0203" DisplayName="VISA" Source="Local"/>
    <TableElement Code="WC" Codesys="0203" DisplayName="WIC identifier" Source="Local"/>
    <TableElement Code="WCN" Codesys="0203" DisplayName="Workers' Comp Number" Source="Local"/>
    <TableElement Code="XX" Codesys="0203" DisplayName="Organization identifier" Source="Local"/>
  </TableDefinition>
  <TableDefinition AlternateId="0202" Codesys="" Id="0202" Name="Telecommunication equipment type" Oid="" Type="HL7" Version="">
    <TableElement Code="BP" Codesys="0202" DisplayName="Beeper" Source="Local"/>
    <TableElement Code="CP" Codesys="0202" DisplayName="Cellular Phone" Source="Local"/>
    <TableElement Code="FX" Codesys="0202" DisplayName="Fax" Source="Local"/>
    <TableElement Code="Internet" Codesys="0202" DisplayName="Internet Address: Use Only If Telecommunication Use Code Is NET" Source="Local"/>
    <TableElement Code="MD" Codesys="0202" DisplayName="Modem" Source="Local"/>
    <TableElement Code="PH" Codesys="0202" DisplayName="Telephone" Source="Local"/>
    <TableElement Code="TDD" Codesys="0202" DisplayName="Telecommunications Device for the Deaf" Source="Local"/>
    <TableElement Code="TTY" Codesys="0202" DisplayName="Teletypewriter" Source="Local"/>
    <TableElement Code="X.400" Codesys="0202" DisplayName="X.400 email address: Use Only If Telecommunication Use Code Is NET" Source="Local"/>
  </TableDefinition>
  <TableDefinition AlternateId="0207" Codesys="" Id="0207" Name="Processing mode" Oid="" Type="HL7" Version="">
    <TableElement Code="A" Codesys="0207" DisplayName="Archive" Source="Local"/>
    <TableElement Code="I" Codesys="0207" DisplayName="Initial load" Source="Local"/>
    <TableElement Code="Not present" Codesys="0207" DisplayName="Not present (the default, meaning current  processing)" Source="Local"/>
    <TableElement Code="R" Codesys="0207" DisplayName="Restore from archive" Source="Local"/>
    <TableElement Code="T" Codesys="0207" DisplayName="Current processing, transmitted at intervals (scheduled or on demand)" Source="Local"/>
  </TableDefinition>
  <TableDefinition AlternateId="0177" Codesys="" Id="0177" Name="Confidentiality code" Oid="" Type="HL7" Version="">
    <TableElement Code="AID" Codesys="0177" DisplayName="AIDS patient" Source="Local"/>
    <TableElement Code="EMP" Codesys="0177" DisplayName="Employee" Source="Local"/>
    <TableElement Code="ETH" Codesys="0177" DisplayName="Alcohol/drug treatment patient" Source="Local"/>
    <TableElement Code="HIV" Codesys="0177" DisplayName="HIV(+) patient" Source="Local"/>
    <TableElement Code="PSY" Codesys="0177" DisplayName="Psychiatric patient" Source="Local"/>
    <TableElement Code="R" Codesys="0177" DisplayName="Restricted" Source="Local"/>
    <TableElement Code="U" Codesys="0177" DisplayName="Usual control" Source="Local"/>
    <TableElement Code="UWM" Codesys="0177" DisplayName="Unwed mother" Source="Local"/>
    <TableElement Code="V" Codesys="0177" DisplayName="Very restricted" Source="Local"/>
    <TableElement Code="VIP" Codesys="0177" DisplayName="Very important person or celebrity" Source="Local"/>
  </TableDefinition>
  <TableDefinition AlternateId="0032" Codesys="" Id="0032" Name="Charge/Price Indicator" Oid="" Type="HL7" Version="">
    <TableElement Code="..." Codesys="0032" DisplayName="no suggested values" Source="Local"/>
  </TableDefinition>
</TableLibrary>
