<?xml version="1.0" encoding="UTF-8"?>
<ConformanceProfile ID="219f37de-f5af-4741-bf66-83d65ef6b251">
    <Messages>
        <Message ID="7f6f0c07-430b-4371-8117-29214666ac8c" Type="RSP" Event="K11" StructID="RSP_K11" Description="Segment pattern response">
            <Segment Ref="23fabb51-3f54-400d-ab3f-e6adff0f7c1b" Usage="R" Min="1" Max="1"/>
            <Segment Ref="aa2077f0-cbbb-418d-bc50-dee021565def" Usage="X" Min="0" Max="*"/>
            <Segment Ref="d1751a82-d97d-4eea-84c3-ef99fb8ac423" Usage="R" Min="1" Max="1"/>
            <Segment Ref="dbc63a24-fe56-4dd2-a5d6-1ba8097e3064" Usage="RE" Min="0" Max="1"/>
            <Segment Ref="1b7dcc93-6f1f-4cae-817a-702da4dcfac7" Usage="R" Min="1" Max="1"/>
            <Segment Ref="4087ba71-92b5-4f6e-8b7d-84b61f8147bd" Usage="R" Min="1" Max="1"/>
            <Group Name="RSP_K11.ROW_DEFINITION" Usage="X" Min="0" Max="1">
                <Segment Ref="932964c1-dd30-48dd-9f60-7a0061383457" Usage="R" Min="1" Max="1"/>
                <Segment Ref="d2474d05-1cca-43d0-b519-960e3056bd65" Usage="O" Min="0" Max="*"/>
            </Group>
            <Segment Ref="dbb1a07b-1022-4c5a-aed7-680a43f90c7f" Usage="X" Min="0" Max="1"/>
            <Group Name="PATIENT" Usage="R" Min="1" Max="*">
                <Segment Ref="e1ecf493-9273-4c49-8a4c-9d4201f8279f" Usage="R" Min="1" Max="1"/>
                <Segment Ref="66e1adc5-f4e6-4b90-89d0-d81ca4b2af6b" Usage="RE" Min="0" Max="1"/>
                <Segment Ref="f17d3a9b-891c-4ea8-8233-edf7ebc110f7" Usage="O" Min="0" Max="*"/>
            </Group>
        </Message>
    </Messages>
    <Segments>
        <Segment ID="23fabb51-3f54-400d-ab3f-e6adff0f7c1b" Name="MSH" Description="Message Header">
            <Field Name="Field Separator" Usage="R" Min="1" Max="1" Datatype="ST" MinLength="1" MaxLength="1" ItemNo="00001"/>
            <Field Name="Encoding Characters" Usage="R" Min="1" Max="1" Datatype="ST" MinLength="4" MaxLength="4" ItemNo="00002"/>
            <Field Name="Sending Application" Usage="RE" Min="0" Max="1" Datatype="727c057d-5bec-49de-95c6-324ca62b22b9" MinLength="1" MaxLength="227" Table="HL70361_IZ" ItemNo="00003"/>
            <Field Name="Sending Facility" Usage="RE" Min="0" Max="1" Datatype="0cb89d64-9da7-4f27-abfb-d0e50fb12fc4" MinLength="1" MaxLength="227" Table="HL70362_IZ" ItemNo="00004"/>
            <Field Name="Receiving Application" Usage="RE" Min="0" Max="1" Datatype="9da1c9d5-a8cc-4b75-8e16-9d8cdcf1ff88" MinLength="1" MaxLength="227" Table="HL70361_IZ" ItemNo="00005"/>
            <Field Name="Receiving Facility" Usage="RE" Min="0" Max="1" Datatype="aca7ff5f-a06e-4e09-af84-f5bb0ecf7e7a" MinLength="1" MaxLength="227" Table="HL70362_IZ" ItemNo="00006"/>
            <Field Name="Date/Time Of Message" Usage="R" Min="1" Max="1" Datatype="d047356d-8a2e-414b-9a17-6c0ea4e4b027" MinLength="1" MaxLength="26" ItemNo="00007"/>
            <Field Name="Security" Usage="O" Min="0" Max="1" Datatype="ST" MinLength="1" MaxLength="40" ItemNo="00008"/>
            <Field Name="Message Type" Usage="R" Min="1" Max="1" Datatype="b8eb61d1-ffe5-4a81-83a6-d2fbf000fea9" MinLength="1" MaxLength="15" ItemNo="00009"/>
            <Field Name="Message Control ID" Usage="R" Min="1" Max="1" Datatype="ST" MinLength="1" MaxLength="199" ItemNo="00010"/>
            <Field Name="Processing ID" Usage="R" Min="1" Max="1" Datatype="e69ec310-ecdd-4691-9501-172b146e02c1" MinLength="1" MaxLength="3" ItemNo="00011"/>
            <Field Name="Version ID" Usage="R" Min="1" Max="1" Datatype="3ba2439c-3a84-4ccc-9747-b6583f12968f" MinLength="1" MaxLength="60" ItemNo="00012"/>
            <Field Name="Sequence Number" Usage="O" Min="0" Max="1" Datatype="NM" MinLength="1" MaxLength="15" ItemNo="00013"/>
            <Field Name="Continuation Pointer" Usage="O" Min="0" Max="1" Datatype="ST" MinLength="1" MaxLength="180" ItemNo="00014"/>
            <Field Name="Accept Acknowledgment Type" Usage="RE" Min="0" Max="1" Datatype="ID" MinLength="1" MaxLength="2" Table="HL70155_IZ" ItemNo="00015"/>
            <Field Name="Application Acknowledgment Type" Usage="RE" Min="0" Max="1" Datatype="ID" MinLength="1" MaxLength="2" Table="HL70155_IZ" ItemNo="00016"/>
            <Field Name="Country Code" Usage="X" Min="0" Max="0" Datatype="ID" MinLength="1" MaxLength="3" Table="0399" ItemNo="00017"/>
            <Field Name="Character Set" Usage="X" Min="0" Max="0" Datatype="ID" MinLength="1" MaxLength="16" Table="0211" ItemNo="00692"/>
            <Field Name="Principal Language Of Message" Usage="X" Min="0" Max="0" Datatype="CE" MinLength="1" MaxLength="250" ItemNo="00693"/>
            <Field Name="Alternate Character Set Handling Scheme" Usage="X" Min="0" Max="0" Datatype="ID" MinLength="1" MaxLength="20" Table="0356" ItemNo="01317"/>
            <Field Name="Message Profile Identifier" Usage="R" Min="1" Max="1" Datatype="bce0751e-4807-4e23-9dbc-74306cce1c4b" MinLength="1" MaxLength="427" Table="PHVS_ImmunizationProfileIdentifier_IIS" ItemNo="01598"/>
            <Field Name="Sending Responsible Organization" Usage="RE" Min="0" Max="1" Datatype="40d13959-d728-4726-a9d4-747d4499adcb" MinLength="1" MaxLength="*" Table="HL70362_IZ"/>
            <Field Name="Receiving Responsible Organization" Usage="RE" Min="0" Max="1" Datatype="c390fb34-80ae-40b5-b40a-082cff55bad0" MinLength="1" MaxLength="*" Table="HL70362_IZ"/>
        </Segment>
        <Segment ID="aa2077f0-cbbb-418d-bc50-dee021565def" Name="SFT" Description="Software Segment">
            <Field Name="Software Vendor Organization" Usage="R" Min="1" Max="1" Datatype="XON" MinLength="1" MaxLength="567" ItemNo="01834"/>
            <Field Name="Software Certified Version or Release Number" Usage="R" Min="1" Max="1" Datatype="ST" MinLength="1" MaxLength="15" ItemNo="01835"/>
            <Field Name="Software Product Name" Usage="R" Min="1" Max="1" Datatype="ST" MinLength="1" MaxLength="20" ItemNo="01836"/>
            <Field Name="Software Binary ID" Usage="R" Min="1" Max="1" Datatype="ST" MinLength="1" MaxLength="20" ItemNo="01837"/>
            <Field Name="Software Product Information" Usage="O" Min="0" Max="1" Datatype="TX" MinLength="1" MaxLength="1024" ItemNo="01838"/>
            <Field Name="Software Install Date" Usage="O" Min="0" Max="1" Datatype="TS" MinLength="1" MaxLength="26" ItemNo="01839"/>
        </Segment>
        <Segment ID="d1751a82-d97d-4eea-84c3-ef99fb8ac423" Name="MSA" Description="Message Acknowledgment">
            <Field Name="Acknowledgment Code" Usage="R" Min="1" Max="1" Datatype="ID" MinLength="1" MaxLength="2" Table="HL70008_IZ" ItemNo="00018"/>
            <Field Name="Message Control ID" Usage="R" Min="1" Max="1" Datatype="ST" MinLength="1" MaxLength="20" ItemNo="00010"/>
            <Field Name="Text Message" Usage="X" Min="0" Max="0" Datatype="ST" MinLength="1" MaxLength="80" ItemNo="00020"/>
            <Field Name="Expected Sequence Number" Usage="O" Min="0" Max="1" Datatype="NM" MinLength="1" MaxLength="15" ItemNo="00021"/>
            <Field Name="Delayed Acknowledgment Type" Usage="X" Min="0" Max="0" Datatype="NUL" MinLength="1" MaxLength="1" ItemNo="00022"/>
            <Field Name="Error Condition" Usage="X" Min="0" Max="0" Datatype="CE" MinLength="1" MaxLength="250" Table="0357" ItemNo="00023"/>
        </Segment>
        <Segment ID="dbc63a24-fe56-4dd2-a5d6-1ba8097e3064" Name="ERR" Description="Error">
            <Field Name="Error Code and Location" Usage="X" Min="0" Max="0" Datatype="ELD" MinLength="1" MaxLength="493" ItemNo="00024"/>
            <Field Name="Error Location" Usage="RE" Min="0" Max="1" Datatype="dd01c90a-5dbd-4b54-8cdf-61832fb427c3" MinLength="1" MaxLength="18" ItemNo="01812"/>
            <Field Name="HL7 Error Code" Usage="R" Min="1" Max="1" Datatype="401715c2-69c9-45b4-a86c-71b34b6a6c09" MinLength="1" MaxLength="705" Table="HL70357_IZ" ItemNo="01813"/>
            <Field Name="Severity" Usage="R" Min="1" Max="1" Datatype="ID" MinLength="1" MaxLength="2" Table="HL70516_IZ" ItemNo="01814"/>
            <Field Name="Application Error Code" Usage="RE" Min="0" Max="1" Datatype="d6f4215c-ed51-4161-886e-d53dee3f64ff" MinLength="1" MaxLength="705" Table="HL70533_IZ" ItemNo="01815"/>
            <Field Name="Application Error Parameter" Usage="O" Min="0" Max="10" Datatype="ST" MinLength="1" MaxLength="80" ItemNo="01816"/>
            <Field Name="Diagnostic Information" Usage="O" Min="0" Max="1" Datatype="TX" MinLength="1" MaxLength="2048" ItemNo="01817"/>
            <Field Name="User Message" Usage="RE" Min="0" Max="1" Datatype="TX" MinLength="1" MaxLength="250" ItemNo="01818"/>
            <Field Name="Inform Person Indicator" Usage="O" Min="0" Max="*" Datatype="IS" MinLength="1" MaxLength="20" Table="0517" ItemNo="01819"/>
            <Field Name="Override Type" Usage="O" Min="0" Max="1" Datatype="CWE" MinLength="1" MaxLength="705" Table="0518" ItemNo="01820"/>
            <Field Name="Override Reason Code" Usage="O" Min="0" Max="*" Datatype="CWE" MinLength="1" MaxLength="705" Table="0519" ItemNo="01821"/>
            <Field Name="Help Desk Contact Point" Usage="O" Min="0" Max="*" Datatype="XTN" MinLength="1" MaxLength="652" ItemNo="01822"/>
        </Segment>
        <Segment ID="1b7dcc93-6f1f-4cae-817a-702da4dcfac7" Name="QAK" Description="Query Acknowledgment">
            <Field Name="Query Tag" Usage="R" Min="1" Max="1" Datatype="ST" MinLength="1" MaxLength="32" ItemNo="00696"/>
            <Field Name="Query Response Status" Usage="R" Min="1" Max="1" Datatype="ID" MinLength="1" MaxLength="2" Table="HL70208_IZ" ItemNo="00708"/>
            <Field Name="Message Query Name" Usage="R" Min="1" Max="1" Datatype="cfff16a3-4c55-4c54-905d-ec01ac997dbe" MinLength="1" MaxLength="250" ItemNo="01375"/>
            <Field Name="Hit Count" Usage="O" Min="0" Max="1" Datatype="NM" MinLength="1" MaxLength="10" ItemNo="01434"/>
            <Field Name="This payload" Usage="O" Min="0" Max="1" Datatype="NM" MinLength="1" MaxLength="10" ItemNo="01622"/>
            <Field Name="Hits remaining" Usage="O" Min="0" Max="1" Datatype="NM" MinLength="1" MaxLength="10" ItemNo="01623"/>
        </Segment>
        <Segment ID="4087ba71-92b5-4f6e-8b7d-84b61f8147bd" Name="QPD" Description="Query Parameter Definition">
            <Field Name="Message Query Name" Usage="R" Min="1" Max="1" Datatype="cfff16a3-4c55-4c54-905d-ec01ac997dbe" MinLength="1" MaxLength="250" Table="0471" ItemNo="01375"/>
            <Field Name="Query Tag" Usage="R" Min="1" Max="1" Datatype="ST" MinLength="1" MaxLength="32" ItemNo="00696"/>
            <Field Name="PatientList" Usage="RE" Min="0" Max="*" Datatype="4a48f501-29bd-467b-aa8d-cca57ccb00ab" MinLength="1" MaxLength="*"/>
            <Field Name="PatientName" Usage="RE" Min="0" Max="1" Datatype="378702a9-d360-4dd1-8634-d46e71acde37" MinLength="1" MaxLength="*"/>
            <Field Name="PatientMotherMaidenName" Usage="RE" Min="0" Max="1" Datatype="e6851e6c-cf50-4d61-9c88-0adbb2ec653f" MinLength="1" MaxLength="*"/>
            <Field Name="PatientDateOfBirth" Usage="RE" Min="0" Max="1" Datatype="TS" MinLength="1" MaxLength="6"/>
            <Field Name="Patient Sex" Usage="RE" Min="0" Max="1" Datatype="IS" MinLength="1" MaxLength="1"/>
            <Field Name="Patient Address" Usage="RE" Min="0" Max="1" Datatype="3877ce7d-c1ad-4615-9a7d-05abc3b49bfa" MinLength="1" MaxLength="*"/>
            <Field Name="Phone" Usage="RE" Min="0" Max="1" Datatype="383b5ac9-b47e-46f9-8660-7a6edcc8c7a0" MinLength="1" MaxLength="*"/>
            <Field Name="Multiple birth indicator" Usage="RE" Min="0" Max="1" Datatype="ID" MinLength="1" MaxLength="*"/>
            <Field Name="Birth order" Usage="RE" Min="0" Max="1" Datatype="NM" MinLength="1" MaxLength="*"/>
            <Field Name="Client last updated date" Usage="RE" Min="0" Max="1" Datatype="b24b9b4c-aec9-496d-95d2-871d4920e2ef" MinLength="1" MaxLength="*"/>
            <Field Name="Client last updated facility" Usage="RE" Min="0" Max="1" Datatype="5d62ecfe-7a05-4d34-b034-361171a92f2f" MinLength="1" MaxLength="*"/>
        </Segment>
        <Segment ID="932964c1-dd30-48dd-9f60-7a0061383457" Name="RDF" Description="Table Row Definition">
            <Field Name="Number of Columns per Row" Usage="R" Min="1" Max="1" Datatype="NM" MinLength="1" MaxLength="3" ItemNo="00701"/>
            <Field Name="Column Description" Usage="R" Min="1" Max="*" Datatype="RCD" MinLength="1" MaxLength="40" Table="0440" ItemNo="00702"/>
        </Segment>
        <Segment ID="d2474d05-1cca-43d0-b519-960e3056bd65" Name="RDT" Description="Table Row Data">
            <Field Name="Column Value" Usage="R" Min="1" Max="1" Datatype="varies" MinLength="1" MaxLength="99999" ItemNo="00703"/>
        </Segment>
        <Segment ID="dbb1a07b-1022-4c5a-aed7-680a43f90c7f" Name="DSC" Description="Continuation Pointer">
            <Field Name="Continuation Pointer" Usage="O" Min="0" Max="1" Datatype="ST" MinLength="1" MaxLength="180" ItemNo="00014"/>
            <Field Name="Continuation Style" Usage="O" Min="0" Max="1" Datatype="ID" MinLength="1" MaxLength="1" Table="0398" ItemNo="01354"/>
        </Segment>
        <Segment ID="e1ecf493-9273-4c49-8a4c-9d4201f8279f" Name="PID" Description="Patient Identification">
            <Field Name="Set ID - PID" Usage="R" Min="1" Max="1" Datatype="SI" MinLength="1" MaxLength="4" ItemNo="00104"/>
            <Field Name="Patient ID" Usage="X" Min="0" Max="0" Datatype="CX" MinLength="1" MaxLength="20" ItemNo="00105"/>
            <Field Name="Patient Identifier List" Usage="R" Min="1" Max="*" Datatype="bf6a9e4f-2ed3-4713-9a6d-f5c37ceb372a" MinLength="1" MaxLength="250" ItemNo="00106"/>
            <Field Name="Alternate Patient ID - PID" Usage="X" Min="0" Max="0" Datatype="CX" MinLength="1" MaxLength="20" ItemNo="00107"/>
            <Field Name="Patient Name" Usage="R" Min="1" Max="*" Datatype="378702a9-d360-4dd1-8634-d46e71acde37" MinLength="1" MaxLength="250" ItemNo="00108"/>
            <Field Name="Mother's Maiden Name" Usage="RE" Min="0" Max="1" Datatype="e6851e6c-cf50-4d61-9c88-0adbb2ec653f" MinLength="1" MaxLength="250" ItemNo="00109"/>
            <Field Name="Date/Time of Birth" Usage="R" Min="1" Max="1" Datatype="b24b9b4c-aec9-496d-95d2-871d4920e2ef" MinLength="1" MaxLength="26" ItemNo="00110"/>
            <Field Name="Administrative Sex" Usage="RE" Min="0" Max="1" Datatype="IS" MinLength="1" MaxLength="1" Table="HL70001_IZ" ItemNo="00111"/>
            <Field Name="Patient Alias" Usage="X" Min="0" Max="0" Datatype="378702a9-d360-4dd1-8634-d46e71acde37" MinLength="1" MaxLength="250" ItemNo="00112"/>
            <Field Name="Race" Usage="RE" Min="0" Max="*" Datatype="cfff16a3-4c55-4c54-905d-ec01ac997dbe" MinLength="1" MaxLength="250" Table="HL70005_IZ" ItemNo="00113"/>
            <Field Name="Patient Address" Usage="RE" Min="0" Max="*" Datatype="3877ce7d-c1ad-4615-9a7d-05abc3b49bfa" MinLength="1" MaxLength="250" ItemNo="00114"/>
            <Field Name="County Code" Usage="X" Min="0" Max="0" Datatype="IS" MinLength="1" MaxLength="4" ItemNo="00115"/>
            <Field Name="Phone Number - Home" Usage="RE" Min="0" Max="*" Datatype="383b5ac9-b47e-46f9-8660-7a6edcc8c7a0" MinLength="1" MaxLength="250" ItemNo="00116"/>
            <Field Name="Phone Number - Business" Usage="O" Min="0" Max="*" Datatype="XTN" MinLength="1" MaxLength="250" ItemNo="00117"/>
            <Field Name="Primary Language" Usage="O" Min="0" Max="1" Datatype="CE" MinLength="1" MaxLength="250" Table="0296" ItemNo="00118"/>
            <Field Name="Marital Status" Usage="O" Min="0" Max="1" Datatype="CE" MinLength="1" MaxLength="250" Table="0002" ItemNo="00119"/>
            <Field Name="Religion" Usage="O" Min="0" Max="1" Datatype="CE" MinLength="1" MaxLength="250" Table="0006" ItemNo="00120"/>
            <Field Name="Patient Account Number" Usage="O" Min="0" Max="1" Datatype="CX" MinLength="1" MaxLength="250" ItemNo="00121"/>
            <Field Name="SSN Number - Patient" Usage="X" Min="0" Max="0" Datatype="ST" MinLength="1" MaxLength="16" ItemNo="00122"/>
            <Field Name="Driver's License Number - Patient" Usage="X" Min="0" Max="0" Datatype="DLN" MinLength="1" MaxLength="25" ItemNo="00123"/>
            <Field Name="Mother's Identifier" Usage="X" Min="0" Max="0" Datatype="CX" MinLength="1" MaxLength="250" ItemNo="00124"/>
            <Field Name="Ethnic Group" Usage="RE" Min="0" Max="1" Datatype="cfff16a3-4c55-4c54-905d-ec01ac997dbe" MinLength="1" MaxLength="250" ItemNo="00125"/>
            <Field Name="Birth Place" Usage="O" Min="0" Max="1" Datatype="ST" MinLength="1" MaxLength="250" ItemNo="00126"/>
            <Field Name="Multiple Birth Indicator" Usage="RE" Min="0" Max="1" Datatype="ID" MinLength="1" MaxLength="1" Table="HL70136_IZ" ItemNo="00127"/>
            <Field Name="Birth Order" Usage="C" Min="0" Max="1" Datatype="NM" MinLength="1" MaxLength="2" ItemNo="00128"/>
            <Field Name="Citizenship" Usage="O" Min="0" Max="*" Datatype="CE" MinLength="1" MaxLength="250" Table="0171" ItemNo="00129"/>
            <Field Name="Veterans Military Status" Usage="O" Min="0" Max="1" Datatype="CE" MinLength="1" MaxLength="250" Table="0172" ItemNo="00130"/>
            <Field Name="Nationality" Usage="O" Min="0" Max="1" Datatype="CE" MinLength="1" MaxLength="250" Table="0212" ItemNo="00739"/>
            <Field Name="Patient Death Date and Time" Usage="C" Min="0" Max="1" Datatype="TS" MinLength="1" MaxLength="26" ItemNo="00740"/>
            <Field Name="Patient Death Indicator" Usage="RE" Min="0" Max="1" Datatype="ID" MinLength="1" MaxLength="1" Table="HL70136_IZ" ItemNo="00741"/>
            <Field Name="Identity Unknown Indicator" Usage="O" Min="0" Max="1" Datatype="ID" MinLength="1" MaxLength="1" Table="0136" ItemNo="01535"/>
            <Field Name="Identity Reliability Code" Usage="O" Min="0" Max="*" Datatype="IS" MinLength="1" MaxLength="20" Table="0445" ItemNo="01536"/>
            <Field Name="Last Update Date/Time" Usage="O" Min="0" Max="1" Datatype="TS" MinLength="1" MaxLength="26" ItemNo="01537"/>
            <Field Name="Last Update Facility" Usage="O" Min="0" Max="1" Datatype="HD" MinLength="1" MaxLength="241" ItemNo="01538"/>
            <Field Name="Species Code" Usage="O" Min="0" Max="1" Datatype="CE" MinLength="1" MaxLength="250" Table="0446" ItemNo="01539"/>
            <Field Name="Breed Code" Usage="O" Min="0" Max="1" Datatype="CE" MinLength="1" MaxLength="250" Table="0447" ItemNo="01540"/>
            <Field Name="Strain" Usage="O" Min="0" Max="1" Datatype="ST" MinLength="1" MaxLength="80" ItemNo="01541"/>
            <Field Name="Production Class Code" Usage="O" Min="0" Max="1" Datatype="CE" MinLength="1" MaxLength="250" Table="0429" ItemNo="01542"/>
            <Field Name="Tribal Citizenship" Usage="O" Min="0" Max="*" Datatype="CWE" MinLength="1" MaxLength="250" Table="0171" ItemNo="01840"/>
        </Segment>
        <Segment ID="66e1adc5-f4e6-4b90-89d0-d81ca4b2af6b" Name="PD1" Description="Patient Additional Demographic">
            <Field Name="Living Dependency" Usage="O" Min="0" Max="*" Datatype="IS" MinLength="1" MaxLength="2" Table="0223" ItemNo="00755"/>
            <Field Name="Living Arrangement" Usage="O" Min="0" Max="1" Datatype="IS" MinLength="1" MaxLength="2" Table="0220" ItemNo="00742"/>
            <Field Name="Patient Primary Facility" Usage="O" Min="0" Max="*" Datatype="XON" MinLength="1" MaxLength="250" ItemNo="00756"/>
            <Field Name="Patient Primary Care Provider Name &amp; ID No." Usage="X" Min="0" Max="0" Datatype="0a70dd71-c71e-40d8-8e32-95fb7be7f5ff" MinLength="1" MaxLength="250" ItemNo="00757"/>
            <Field Name="Student Indicator" Usage="O" Min="0" Max="1" Datatype="IS" MinLength="1" MaxLength="2" Table="0231" ItemNo="00745"/>
            <Field Name="Handicap" Usage="O" Min="0" Max="1" Datatype="IS" MinLength="1" MaxLength="2" Table="0295" ItemNo="00753"/>
            <Field Name="Living Will Code" Usage="O" Min="0" Max="1" Datatype="IS" MinLength="1" MaxLength="2" Table="0315" ItemNo="00759"/>
            <Field Name="Organ Donor Code" Usage="O" Min="0" Max="1" Datatype="IS" MinLength="1" MaxLength="2" Table="0316" ItemNo="00760"/>
            <Field Name="Separate Bill" Usage="O" Min="0" Max="1" Datatype="ID" MinLength="1" MaxLength="1" Table="0136" ItemNo="00761"/>
            <Field Name="Duplicate Patient" Usage="O" Min="0" Max="*" Datatype="CX" MinLength="1" MaxLength="250" ItemNo="00762"/>
            <Field Name="Publicity Code" Usage="RE" Min="0" Max="1" Datatype="cfff16a3-4c55-4c54-905d-ec01ac997dbe" MinLength="1" MaxLength="250" Table="0215" ItemNo="00743"/>
            <Field Name="Protection Indicator" Usage="RE" Min="0" Max="1" Datatype="ID" MinLength="1" MaxLength="1" ItemNo="00744"/>
            <Field Name="Protection Indicator Effective Date" Usage="C" Min="0" Max="1" Datatype="DT" MinLength="1" MaxLength="8" ItemNo="01566"/>
            <Field Name="Place of Worship" Usage="O" Min="0" Max="*" Datatype="XON" MinLength="1" MaxLength="250" ItemNo="01567"/>
            <Field Name="Advance Directive Code" Usage="O" Min="0" Max="*" Datatype="CE" MinLength="1" MaxLength="250" Table="0435" ItemNo="01568"/>
            <Field Name="Immunization Registry Status" Usage="RE" Min="0" Max="1" Datatype="IS" MinLength="1" MaxLength="1" Table="HL70441_IZ" ItemNo="01569"/>
            <Field Name="Immunization Registry Status Effective Date" Usage="C" Min="0" Max="1" Datatype="DT" MinLength="1" MaxLength="8" ItemNo="01570"/>
            <Field Name="Publicity Code Effective Date" Usage="C" Min="0" Max="1" Datatype="DT" MinLength="1" MaxLength="8" ItemNo="01571"/>
            <Field Name="Military Branch" Usage="O" Min="0" Max="1" Datatype="IS" MinLength="1" MaxLength="5" Table="0140" ItemNo="01572"/>
            <Field Name="Military Rank/Grade" Usage="O" Min="0" Max="1" Datatype="IS" MinLength="1" MaxLength="2" Table="0141" ItemNo="00486"/>
            <Field Name="Military Status" Usage="O" Min="0" Max="1" Datatype="IS" MinLength="1" MaxLength="3" Table="0142" ItemNo="01573"/>
        </Segment>
        <Segment ID="f17d3a9b-891c-4ea8-8233-edf7ebc110f7" Name="NK1" Description="Next of Kin / Associated Parties">
            <Field Name="Set ID - NK1" Usage="R" Min="1" Max="1" Datatype="SI" MinLength="1" MaxLength="4" ItemNo="00190"/>
            <Field Name="Name" Usage="R" Min="1" Max="*" Datatype="378702a9-d360-4dd1-8634-d46e71acde37" MinLength="1" MaxLength="250" ItemNo="00191"/>
            <Field Name="Relationship" Usage="R" Min="1" Max="1" Datatype="cfff16a3-4c55-4c54-905d-ec01ac997dbe" MinLength="1" MaxLength="250" Table="HL70063_IZ" ItemNo="00192"/>
            <Field Name="Address" Usage="RE" Min="0" Max="*" Datatype="3877ce7d-c1ad-4615-9a7d-05abc3b49bfa" MinLength="1" MaxLength="250" ItemNo="00193"/>
            <Field Name="Phone Number" Usage="RE" Min="0" Max="*" Datatype="383b5ac9-b47e-46f9-8660-7a6edcc8c7a0" MinLength="1" MaxLength="250" ItemNo="00194"/>
            <Field Name="Business Phone Number" Usage="O" Min="0" Max="*" Datatype="XTN" MinLength="1" MaxLength="250" ItemNo="00195"/>
            <Field Name="Contact Role" Usage="O" Min="0" Max="1" Datatype="CE" MinLength="1" MaxLength="250" Table="0131" ItemNo="00196"/>
            <Field Name="Start Date" Usage="O" Min="0" Max="1" Datatype="DT" MinLength="1" MaxLength="8" ItemNo="00197"/>
            <Field Name="End Date" Usage="O" Min="0" Max="1" Datatype="DT" MinLength="1" MaxLength="8" ItemNo="00198"/>
            <Field Name="Next of Kin / Associated Parties Job Title" Usage="O" Min="0" Max="1" Datatype="ST" MinLength="1" MaxLength="60" ItemNo="00199"/>
            <Field Name="Next of Kin / Associated Parties Job Code/Class" Usage="O" Min="0" Max="1" Datatype="JCC" MinLength="1" MaxLength="20" Table="0327" ItemNo="00200"/>
            <Field Name="Next of Kin / Associated Parties Employee Number" Usage="O" Min="0" Max="1" Datatype="CX" MinLength="1" MaxLength="250" ItemNo="00201"/>
            <Field Name="Organization Name - NK1" Usage="O" Min="0" Max="*" Datatype="XON" MinLength="1" MaxLength="250" ItemNo="00202"/>
            <Field Name="Marital Status" Usage="O" Min="0" Max="1" Datatype="CE" MinLength="1" MaxLength="250" Table="0002" ItemNo="00119"/>
            <Field Name="Administrative Sex" Usage="O" Min="0" Max="1" Datatype="IS" MinLength="1" MaxLength="1" Table="0001" ItemNo="00111"/>
            <Field Name="Date/Time of Birth" Usage="O" Min="0" Max="1" Datatype="TS" MinLength="1" MaxLength="26" ItemNo="00110"/>
            <Field Name="Living Dependency" Usage="O" Min="0" Max="*" Datatype="IS" MinLength="1" MaxLength="2" Table="0223" ItemNo="00755"/>
            <Field Name="Ambulatory Status" Usage="O" Min="0" Max="*" Datatype="IS" MinLength="1" MaxLength="2" Table="0009" ItemNo="00145"/>
            <Field Name="Citizenship" Usage="O" Min="0" Max="*" Datatype="CE" MinLength="1" MaxLength="250" Table="0171" ItemNo="00129"/>
            <Field Name="Primary Language" Usage="O" Min="0" Max="1" Datatype="CE" MinLength="1" MaxLength="250" Table="0296" ItemNo="00118"/>
            <Field Name="Living Arrangement" Usage="O" Min="0" Max="1" Datatype="IS" MinLength="1" MaxLength="2" Table="0220" ItemNo="00742"/>
            <Field Name="Publicity Code" Usage="O" Min="0" Max="1" Datatype="CE" MinLength="1" MaxLength="250" Table="0215" ItemNo="00743"/>
            <Field Name="Protection Indicator" Usage="O" Min="0" Max="1" Datatype="ID" MinLength="1" MaxLength="1" Table="0136" ItemNo="00744"/>
            <Field Name="Student Indicator" Usage="O" Min="0" Max="1" Datatype="IS" MinLength="1" MaxLength="2" Table="0231" ItemNo="00745"/>
            <Field Name="Religion" Usage="O" Min="0" Max="1" Datatype="CE" MinLength="1" MaxLength="250" Table="0006" ItemNo="00120"/>
            <Field Name="Mother's Maiden Name" Usage="O" Min="0" Max="*" Datatype="f816c2f8-dd05-4d2d-8bcc-249123d39971" MinLength="1" MaxLength="250" ItemNo="00109"/>
            <Field Name="Nationality" Usage="O" Min="0" Max="1" Datatype="CE" MinLength="1" MaxLength="250" Table="0212" ItemNo="00739"/>
            <Field Name="Ethnic Group" Usage="O" Min="0" Max="*" Datatype="CE" MinLength="1" MaxLength="250" Table="0189" ItemNo="00125"/>
            <Field Name="Contact Reason" Usage="O" Min="0" Max="*" Datatype="CE" MinLength="1" MaxLength="250" Table="0222" ItemNo="00747"/>
            <Field Name="Contact Person's Name" Usage="O" Min="0" Max="*" Datatype="e4db4661-b930-44fe-aa23-1cb12d6862f6" MinLength="1" MaxLength="250" ItemNo="00748"/>
            <Field Name="Contact Person's Telephone Number" Usage="O" Min="0" Max="*" Datatype="XTN" MinLength="1" MaxLength="250" ItemNo="00749"/>
            <Field Name="Contact Person's Address" Usage="O" Min="0" Max="*" Datatype="0bf6471c-7673-45a6-8e05-049395356abb" MinLength="1" MaxLength="250" ItemNo="00750"/>
            <Field Name="Next of Kin/Associated Party's Identifiers" Usage="O" Min="0" Max="*" Datatype="754fa004-bb3a-44b0-b01a-33f7b908122b" MinLength="1" MaxLength="250" ItemNo="00751"/>
            <Field Name="Job Status" Usage="O" Min="0" Max="1" Datatype="IS" MinLength="1" MaxLength="2" Table="0311" ItemNo="00752"/>
            <Field Name="Race" Usage="O" Min="0" Max="*" Datatype="CE" MinLength="1" MaxLength="250" Table="0005" ItemNo="00113"/>
            <Field Name="Handicap" Usage="O" Min="0" Max="1" Datatype="IS" MinLength="1" MaxLength="2" Table="0295" ItemNo="00753"/>
            <Field Name="Contact Person Social Security Number" Usage="O" Min="0" Max="1" Datatype="ST" MinLength="1" MaxLength="16" ItemNo="00754"/>
            <Field Name="Next of Kin Birth Place" Usage="O" Min="0" Max="1" Datatype="ST" MinLength="1" MaxLength="250" ItemNo="01905"/>
            <Field Name="VIP Indicator" Usage="O" Min="0" Max="1" Datatype="IS" MinLength="1" MaxLength="2" Table="0099" ItemNo="00146"/>
        </Segment>
    </Segments>
    <Datatypes>
        <Datatype ID="ST" Name="ST" Description="String Data"/>
        <Datatype ID="727c057d-5bec-49de-95c6-324ca62b22b9" Name="HD" Description="Hierarchic Designator">
            <Component Name="Namespace ID" Usage="C" Datatype="IS" MinLength="1" MaxLength="20" Table="HL70363_IZ"/>
            <Component Name="Universal ID" Usage="C" Datatype="ST" MinLength="1" MaxLength="199"/>
            <Component Name="Universal ID Type" Usage="C" Datatype="ID" MinLength="1" MaxLength="6" Table="HL70301_IZ"/>
        </Datatype>
        <Datatype ID="IS" Name="IS" Description="String Data"/>
        <Datatype ID="ID" Name="ID" Description="String Data"/>
        <Datatype ID="0cb89d64-9da7-4f27-abfb-d0e50fb12fc4" Name="HD" Description="Hierarchic Designator">
            <Component Name="Namespace ID" Usage="C" Datatype="IS" MinLength="1" MaxLength="20" Table="HL70363_IZ"/>
            <Component Name="Universal ID" Usage="C" Datatype="ST" MinLength="1" MaxLength="199"/>
            <Component Name="Universal ID Type" Usage="C" Datatype="ID" MinLength="1" MaxLength="6" Table="HL70301_IZ"/>
        </Datatype>
        <Datatype ID="9da1c9d5-a8cc-4b75-8e16-9d8cdcf1ff88" Name="HD" Description="Hierarchic Designator">
            <Component Name="Namespace ID" Usage="C" Datatype="IS" MinLength="1" MaxLength="20" Table="HL70363_IZ"/>
            <Component Name="Universal ID" Usage="C" Datatype="ST" MinLength="1" MaxLength="199"/>
            <Component Name="Universal ID Type" Usage="C" Datatype="ID" MinLength="1" MaxLength="6" Table="HL70301_IZ"/>
        </Datatype>
        <Datatype ID="aca7ff5f-a06e-4e09-af84-f5bb0ecf7e7a" Name="HD" Description="Hierarchic Designator">
            <Component Name="Namespace ID" Usage="C" Datatype="IS" MinLength="1" MaxLength="20" Table="HL70363_IZ"/>
            <Component Name="Universal ID" Usage="C" Datatype="ST" MinLength="1" MaxLength="199"/>
            <Component Name="Universal ID Type" Usage="C" Datatype="ID" MinLength="1" MaxLength="6" Table="HL70301_IZ"/>
        </Datatype>
        <Datatype ID="d047356d-8a2e-414b-9a17-6c0ea4e4b027" Name="TS" Description="Time Stamp">
            <Component Name="Time" Usage="R" Datatype="DTM" MinLength="1" MaxLength="24"/>
            <Component Name="Degree of Precision" Usage="X" Datatype="ID" MinLength="1" MaxLength="1" Table="0529"/>
        </Datatype>
        <Datatype ID="DTM" Name="DTM" Description="Date/Time"/>
        <Datatype ID="b8eb61d1-ffe5-4a81-83a6-d2fbf000fea9" Name="MSG" Description="Message Type">
            <Component Name="Message Code" Usage="R" Datatype="ID" MinLength="3" MaxLength="3" Table="HL70076_IZ"/>
            <Component Name="Trigger Event" Usage="R" Datatype="ID" MinLength="3" MaxLength="3" Table="HL70003_IZ"/>
            <Component Name="Message Structure" Usage="R" Datatype="ID" MinLength="3" MaxLength="7" Table="HL70354_IZ"/>
        </Datatype>
        <Datatype ID="e69ec310-ecdd-4691-9501-172b146e02c1" Name="PT" Description="Processing Type">
            <Component Name="Processing ID" Usage="R" Datatype="ID" MinLength="1" MaxLength="1" Table="HL70103_IZ"/>
            <Component Name="Processing Mode" Usage="O" Datatype="ID" MinLength="1" MaxLength="1" Table="0207"/>
        </Datatype>
        <Datatype ID="3ba2439c-3a84-4ccc-9747-b6583f12968f" Name="VID" Description="Version Identifier">
            <Component Name="Version ID" Usage="R" Datatype="ID" MinLength="5" MaxLength="5"/>
            <Component Name="Internationalization Code" Usage="O" Datatype="CE" MinLength="1" MaxLength="483" Table="0399"/>
            <Component Name="International Version ID" Usage="O" Datatype="CE" MinLength="1" MaxLength="483"/>
        </Datatype>
        <Datatype ID="CE" Name="CE" Description="Coded Element">
            <Component Name="Identifier" Usage="O" Datatype="ST" MinLength="1" MaxLength="20"/>
            <Component Name="Text" Usage="O" Datatype="ST" MinLength="1" MaxLength="199"/>
            <Component Name="Name of Coding System" Usage="O" Datatype="ID" MinLength="1" MaxLength="20" Table="0396"/>
            <Component Name="Alternate Identifier" Usage="O" Datatype="ST" MinLength="1" MaxLength="20"/>
            <Component Name="Alternate Text" Usage="O" Datatype="ST" MinLength="1" MaxLength="199"/>
            <Component Name="Name of Alternate Coding System" Usage="O" Datatype="ID" MinLength="1" MaxLength="20" Table="0396"/>
        </Datatype>
        <Datatype ID="NM" Name="NM" Description="Numeric"/>
        <Datatype ID="bce0751e-4807-4e23-9dbc-74306cce1c4b" Name="EI" Description="Entity Identifier">
            <Component Name="Entity Identifier" Usage="R" Datatype="ST" MinLength="1" MaxLength="199"/>
            <Component Name="Namespace ID" Usage="C" Datatype="IS" MinLength="1" MaxLength="20" Table="HL70363_IZ"/>
            <Component Name="Universal ID" Usage="C" Datatype="ST" MinLength="1" MaxLength="199"/>
            <Component Name="Universal ID Type" Usage="C" Datatype="ID" MinLength="1" MaxLength="6" Table="HL70301_IZ"/>
        </Datatype>
        <Datatype ID="40d13959-d728-4726-a9d4-747d4499adcb" Name="XON" Description="Extended Composite Name and Identification Number for Organizations">
            <Component Name="Organization Name" Usage="RE" Datatype="ST" MinLength="1" MaxLength="50"/>
            <Component Name="Organization Name Type Code" Usage="O" Datatype="IS" MinLength="1" MaxLength="20" Table="0204"/>
            <Component Name="ID Number" Usage="X" Datatype="NM" MinLength="1" MaxLength="4"/>
            <Component Name="Check Digit" Usage="O" Datatype="NM" MinLength="1" MaxLength="1"/>
            <Component Name="Check Digit Scheme" Usage="O" Datatype="ID" MinLength="1" MaxLength="3" Table="0061"/>
            <Component Name="Assigning Authority" Usage="C" Datatype="481529fa-762a-4c5b-b115-d04451f8de3b" MinLength="1" MaxLength="227" Table="0363"/>
            <Component Name="Identifier Type Code" Usage="C" Datatype="ID" MinLength="2" MaxLength="5" Table="HL70203_IZ"/>
            <Component Name="Assigning Facility" Usage="O" Datatype="HD" MinLength="1" MaxLength="227"/>
            <Component Name="Name Representation Code" Usage="O" Datatype="ID" MinLength="1" MaxLength="1" Table="0465"/>
            <Component Name="Organization Identifier" Usage="C" Datatype="ST" MinLength="1" MaxLength="20"/>
        </Datatype>
        <Datatype ID="481529fa-762a-4c5b-b115-d04451f8de3b" Name="HD" Description="Hierarchic Designator">
            <Component Name="Namespace ID" Usage="C" Datatype="IS" MinLength="1" MaxLength="20" Table="HL70363_IZ"/>
            <Component Name="Universal ID" Usage="C" Datatype="ST" MinLength="1" MaxLength="199"/>
            <Component Name="Universal ID Type" Usage="C" Datatype="ID" MinLength="1" MaxLength="6" Table="HL70301_IZ"/>
        </Datatype>
        <Datatype ID="HD" Name="HD" Description="Hierarchic Designator">
            <Component Name="Namespace ID" Usage="O" Datatype="IS" MinLength="1" MaxLength="20" Table="0300"/>
            <Component Name="Universal ID" Usage="C" Datatype="ST" MinLength="1" MaxLength="199"/>
            <Component Name="Universal ID Type" Usage="C" Datatype="ID" MinLength="1" MaxLength="6" Table="0301"/>
        </Datatype>
        <Datatype ID="c390fb34-80ae-40b5-b40a-082cff55bad0" Name="XON" Description="Extended Composite Name and Identification Number for Organizations">
            <Component Name="Organization Name" Usage="RE" Datatype="ST" MinLength="1" MaxLength="50"/>
            <Component Name="Organization Name Type Code" Usage="O" Datatype="IS" MinLength="1" MaxLength="20" Table="0204"/>
            <Component Name="ID Number" Usage="X" Datatype="NM" MinLength="1" MaxLength="4"/>
            <Component Name="Check Digit" Usage="O" Datatype="NM" MinLength="1" MaxLength="1"/>
            <Component Name="Check Digit Scheme" Usage="O" Datatype="ID" MinLength="1" MaxLength="3" Table="0061"/>
            <Component Name="Assigning Authority" Usage="C" Datatype="ac10ff29-a557-4a8a-8838-d2528d3bf870" MinLength="1" MaxLength="227" Table="0363"/>
            <Component Name="Identifier Type Code" Usage="C" Datatype="ID" MinLength="2" MaxLength="5" Table="HL70203_IZ"/>
            <Component Name="Assigning Facility" Usage="O" Datatype="HD" MinLength="1" MaxLength="227"/>
            <Component Name="Name Representation Code" Usage="O" Datatype="ID" MinLength="1" MaxLength="1" Table="0465"/>
            <Component Name="Organization Identifier" Usage="C" Datatype="ST" MinLength="1" MaxLength="20"/>
        </Datatype>
        <Datatype ID="ac10ff29-a557-4a8a-8838-d2528d3bf870" Name="HD" Description="Hierarchic Designator">
            <Component Name="Namespace ID" Usage="C" Datatype="IS" MinLength="1" MaxLength="20" Table="HL70363_IZ"/>
            <Component Name="Universal ID" Usage="C" Datatype="ST" MinLength="1" MaxLength="199"/>
            <Component Name="Universal ID Type" Usage="C" Datatype="ID" MinLength="1" MaxLength="6" Table="HL70301_IZ"/>
        </Datatype>
        <Datatype ID="XON" Name="XON" Description="Extended Composite Name and Identification Number for Organizations">
            <Component Name="Organization Name" Usage="O" Datatype="ST" MinLength="1" MaxLength="50"/>
            <Component Name="Organization Name Type Code" Usage="O" Datatype="IS" MinLength="1" MaxLength="20" Table="0204"/>
            <Component Name="ID Number" Usage="X" Datatype="NM" MinLength="1" MaxLength="4"/>
            <Component Name="Check Digit" Usage="O" Datatype="NM" MinLength="1" MaxLength="1"/>
            <Component Name="Check Digit Scheme" Usage="O" Datatype="ID" MinLength="1" MaxLength="3" Table="0061"/>
            <Component Name="Assigning Authority" Usage="O" Datatype="HD" MinLength="1" MaxLength="227" Table="0363"/>
            <Component Name="Identifier Type Code" Usage="O" Datatype="ID" MinLength="1" MaxLength="5" Table="0203"/>
            <Component Name="Assigning Facility" Usage="O" Datatype="HD" MinLength="1" MaxLength="227"/>
            <Component Name="Name Representation Code" Usage="O" Datatype="ID" MinLength="1" MaxLength="1" Table="0465"/>
            <Component Name="Organization Identifier" Usage="O" Datatype="ST" MinLength="1" MaxLength="20"/>
        </Datatype>
        <Datatype ID="TX" Name="TX" Description="Text Data"/>
        <Datatype ID="TS" Name="TS" Description="Time Stamp">
            <Component Name="Time" Usage="R" Datatype="DTM" MinLength="1" MaxLength="24"/>
            <Component Name="Degree of Precision" Usage="B" Datatype="ID" MinLength="1" MaxLength="1" Table="0529"/>
        </Datatype>
        <Datatype ID="NUL" Name="NUL" Description="#FIXME#"/>
        <Datatype ID="ELD" Name="ELD" Description="Error Location and Description">
            <Component Name="Segment ID" Usage="O" Datatype="ST" MinLength="1" MaxLength="3"/>
            <Component Name="Segment Sequence" Usage="O" Datatype="NM" MinLength="1" MaxLength="2"/>
            <Component Name="Field Position" Usage="O" Datatype="NM" MinLength="1" MaxLength="2"/>
            <Component Name="Code Identifying Error" Usage="O" Datatype="CE" MinLength="1" MaxLength="483" Table="0357"/>
        </Datatype>
        <Datatype ID="dd01c90a-5dbd-4b54-8cdf-61832fb427c3" Name="ERL" Description="Error Location">
            <Component Name="Segment ID" Usage="R" Datatype="ST" MinLength="3" MaxLength="3"/>
            <Component Name="Segment Sequence" Usage="R" Datatype="NM" MinLength="1" MaxLength="2"/>
            <Component Name="Field Position" Usage="RE" Datatype="NM" MinLength="1" MaxLength="2"/>
            <Component Name="Field Repetition" Usage="C" Datatype="NM" MinLength="1" MaxLength="2"/>
            <Component Name="Component Number" Usage="C" Datatype="NM" MinLength="1" MaxLength="2"/>
            <Component Name="Sub-Component Number" Usage="C" Datatype="NM" MinLength="1" MaxLength="2"/>
        </Datatype>
        <Datatype ID="401715c2-69c9-45b4-a86c-71b34b6a6c09" Name="CWE" Description="Coded with Exceptions">
            <Component Name="Identifier" Usage="R" Datatype="ST" MinLength="1" MaxLength="999"/>
            <Component Name="Text" Usage="RE" Datatype="ST" MinLength="1" MaxLength="999"/>
            <Component Name="Name of Coding System" Usage="C" Datatype="ID" MinLength="1" MaxLength="20" Table="HL70396_IZ"/>
            <Component Name="Alternate Identifier" Usage="O" Datatype="ST" MinLength="1" MaxLength="999"/>
            <Component Name="Alternate Text" Usage="C" Datatype="ST" MinLength="1" MaxLength="999"/>
            <Component Name="Name of Alternate Coding System" Usage="C" Datatype="ID" MinLength="1" MaxLength="20" Table="HL70396_IZ"/>
            <Component Name="Coding System Version ID" Usage="O" Datatype="ST" MinLength="1" MaxLength="10"/>
            <Component Name="Alternate Coding System Version ID" Usage="O" Datatype="ST" MinLength="1" MaxLength="10"/>
            <Component Name="Original Text" Usage="O" Datatype="ST" MinLength="1" MaxLength="199"/>
        </Datatype>
        <Datatype ID="d6f4215c-ed51-4161-886e-d53dee3f64ff" Name="CWE" Description="Coded with Exceptions">
            <Component Name="Identifier" Usage="R" Datatype="ST" MinLength="1" MaxLength="999"/>
            <Component Name="Text" Usage="RE" Datatype="ST" MinLength="1" MaxLength="999"/>
            <Component Name="Name of Coding System" Usage="C" Datatype="ID" MinLength="1" MaxLength="20" Table="HL70396_IZ"/>
            <Component Name="Alternate Identifier" Usage="O" Datatype="ST" MinLength="1" MaxLength="999"/>
            <Component Name="Alternate Text" Usage="C" Datatype="ST" MinLength="1" MaxLength="999"/>
            <Component Name="Name of Alternate Coding System" Usage="C" Datatype="ID" MinLength="1" MaxLength="20" Table="HL70396_IZ"/>
            <Component Name="Coding System Version ID" Usage="O" Datatype="ST" MinLength="1" MaxLength="10"/>
            <Component Name="Alternate Coding System Version ID" Usage="O" Datatype="ST" MinLength="1" MaxLength="10"/>
            <Component Name="Original Text" Usage="O" Datatype="ST" MinLength="1" MaxLength="199"/>
        </Datatype>
        <Datatype ID="CWE" Name="CWE" Description="Coded with Exceptions">
            <Component Name="Identifier" Usage="O" Datatype="ST" MinLength="1" MaxLength="20"/>
            <Component Name="Text" Usage="O" Datatype="ST" MinLength="1" MaxLength="199"/>
            <Component Name="Name of Coding System" Usage="O" Datatype="ID" MinLength="1" MaxLength="20" Table="0396"/>
            <Component Name="Alternate Identifier" Usage="O" Datatype="ST" MinLength="1" MaxLength="20"/>
            <Component Name="Alternate Text" Usage="O" Datatype="ST" MinLength="1" MaxLength="199"/>
            <Component Name="Name of Alternate Coding System" Usage="O" Datatype="ID" MinLength="1" MaxLength="20" Table="0396"/>
            <Component Name="Coding System Version ID" Usage="C" Datatype="ST" MinLength="1" MaxLength="10"/>
            <Component Name="Alternate Coding System Version ID" Usage="O" Datatype="ST" MinLength="1" MaxLength="10"/>
            <Component Name="Original Text" Usage="O" Datatype="ST" MinLength="1" MaxLength="199"/>
        </Datatype>
        <Datatype ID="XTN" Name="XTN" Description="Extended Telecommunication Number">
            <Component Name="Telephone Number" Usage="B" Datatype="ST" MinLength="1" MaxLength="199"/>
            <Component Name="Telecommunication Use Code" Usage="O" Datatype="ID" MinLength="1" MaxLength="3" Table="0201"/>
            <Component Name="Telecommunication Equipment Type" Usage="O" Datatype="ID" MinLength="1" MaxLength="8" Table="0202"/>
            <Component Name="Email Address" Usage="O" Datatype="ST" MinLength="1" MaxLength="199"/>
            <Component Name="Country Code" Usage="O" Datatype="NM" MinLength="1" MaxLength="3"/>
            <Component Name="Area/City Code" Usage="O" Datatype="NM" MinLength="1" MaxLength="5"/>
            <Component Name="Local Number" Usage="O" Datatype="NM" MinLength="1" MaxLength="9"/>
            <Component Name="Extension" Usage="O" Datatype="NM" MinLength="1" MaxLength="5"/>
            <Component Name="Any Text" Usage="O" Datatype="ST" MinLength="1" MaxLength="199"/>
            <Component Name="Extension Prefix" Usage="O" Datatype="ST" MinLength="1" MaxLength="4"/>
            <Component Name="Speed Dial Code" Usage="O" Datatype="ST" MinLength="1" MaxLength="6"/>
            <Component Name="Unformatted Telephone number" Usage="C" Datatype="ST" MinLength="1" MaxLength="199"/>
        </Datatype>
        <Datatype ID="cfff16a3-4c55-4c54-905d-ec01ac997dbe" Name="CE" Description="Coded Element">
            <Component Name="Identifier" Usage="R" Datatype="ST" MinLength="1" MaxLength="50"/>
            <Component Name="Text" Usage="RE" Datatype="ST" MinLength="1" MaxLength="999"/>
            <Component Name="Name of Coding System" Usage="R" Datatype="ID" MinLength="1" MaxLength="20" Table="HL70396_IZ"/>
            <Component Name="Alternate Identifier" Usage="O" Datatype="ST" MinLength="1" MaxLength="50"/>
            <Component Name="Alternate Text" Usage="C" Datatype="ST" MinLength="1" MaxLength="999"/>
            <Component Name="Name of Alternate Coding System" Usage="C" Datatype="ID" MinLength="1" MaxLength="20" Table="HL70396_IZ"/>
        </Datatype>
        <Datatype ID="4a48f501-29bd-467b-aa8d-cca57ccb00ab" Name="CX" Description="Extended Composite ID with Check Digit">
            <Component Name="ID Number" Usage="R" Datatype="ST" MinLength="1" MaxLength="15"/>
            <Component Name="Check Digit" Usage="O" Datatype="ST" MinLength="1" MaxLength="1"/>
            <Component Name="Check Digit Scheme" Usage="C" Datatype="ID" MinLength="1" MaxLength="3" Table="HL70061_IZ"/>
            <Component Name="Assigning Authority" Usage="R" Datatype="96fb82f3-890c-4af7-bf15-1e8bf9ca6458" MinLength="1" MaxLength="227" Table="HL70363_IZ"/>
            <Component Name="Identifier Type Code" Usage="R" Datatype="ID" MinLength="2" MaxLength="5" Table="HL70203_IZ"/>
            <Component Name="Assigning Facility" Usage="O" Datatype="HD" MinLength="1" MaxLength="227"/>
            <Component Name="Effective Date" Usage="O" Datatype="DT" MinLength="1" MaxLength="8"/>
            <Component Name="Expiration Date" Usage="O" Datatype="DT" MinLength="1" MaxLength="8"/>
            <Component Name="Assigning Jurisdiction" Usage="O" Datatype="CWE" MinLength="1" MaxLength="705"/>
            <Component Name="Assigning Agency or Department" Usage="O" Datatype="CWE" MinLength="1" MaxLength="705"/>
        </Datatype>
        <Datatype ID="96fb82f3-890c-4af7-bf15-1e8bf9ca6458" Name="HD" Description="Hierarchic Designator">
            <Component Name="Namespace ID" Usage="C" Datatype="IS" MinLength="1" MaxLength="20" Table="HL70363_IZ"/>
            <Component Name="Universal ID" Usage="C" Datatype="ST" MinLength="1" MaxLength="199"/>
            <Component Name="Universal ID Type" Usage="C" Datatype="ID" MinLength="1" MaxLength="6" Table="HL70301_IZ"/>
        </Datatype>
        <Datatype ID="DT" Name="DT" Description="Date"/>
        <Datatype ID="378702a9-d360-4dd1-8634-d46e71acde37" Name="XPN" Description="Extended Person Name">
            <Component Name="Family Name" Usage="R" Datatype="FN" MinLength="1" MaxLength="194"/>
            <Component Name="Given Name" Usage="R" Datatype="ST" MinLength="1" MaxLength="30"/>
            <Component Name="Second and Further Given Names or Initials Thereof" Usage="RE" Datatype="ST" MinLength="1" MaxLength="30"/>
            <Component Name="Suffix (e.g., JR or III)" Usage="O" Datatype="ST" MinLength="1" MaxLength="20"/>
            <Component Name="Prefix (e.g., DR)" Usage="O" Datatype="ST" MinLength="1" MaxLength="20"/>
            <Component Name="Degree (e.g., MD)" Usage="X" Datatype="IS" MinLength="1" MaxLength="6" Table="0360"/>
            <Component Name="Name Type Code" Usage="RE" Datatype="ID" MinLength="1" MaxLength="1"/>
            <Component Name="Name Representation Code" Usage="O" Datatype="ID" MinLength="1" MaxLength="1" Table="0465"/>
            <Component Name="Name Context" Usage="O" Datatype="CE" MinLength="1" MaxLength="483" Table="0448"/>
            <Component Name="Name Validity Range" Usage="X" Datatype="ffde9e54-53ec-4c9b-9a02-0cae984c55e2" MinLength="1" MaxLength="53"/>
            <Component Name="Name Assembly Order" Usage="O" Datatype="ID" MinLength="1" MaxLength="1" Table="0444"/>
            <Component Name="Effective Date" Usage="O" Datatype="TS" MinLength="1" MaxLength="26"/>
            <Component Name="Expiration Date" Usage="O" Datatype="TS" MinLength="1" MaxLength="26"/>
            <Component Name="Professional Suffix" Usage="O" Datatype="ST" MinLength="1" MaxLength="199"/>
        </Datatype>
        <Datatype ID="FN" Name="FN" Description="Family Name">
            <Component Name="Surname" Usage="R" Datatype="ST" MinLength="1" MaxLength="50"/>
            <Component Name="Own Surname Prefix" Usage="O" Datatype="ST" MinLength="1" MaxLength="20"/>
            <Component Name="Own Surname" Usage="O" Datatype="ST" MinLength="1" MaxLength="50"/>
            <Component Name="Surname Prefix From Partner/Spouse" Usage="O" Datatype="ST" MinLength="1" MaxLength="20"/>
            <Component Name="Surname From Partner/Spouse" Usage="O" Datatype="ST" MinLength="1" MaxLength="50"/>
        </Datatype>
        <Datatype ID="ffde9e54-53ec-4c9b-9a02-0cae984c55e2" Name="DR" Description="Date/Time Range">
            <Component Name="Range Start Date/Time" Usage="O" Datatype="DTM" MinLength="1" MaxLength="26"/>
            <Component Name="Range End Date/Time" Usage="O" Datatype="DTM" MinLength="1" MaxLength="26"/>
        </Datatype>
        <Datatype ID="e6851e6c-cf50-4d61-9c88-0adbb2ec653f" Name="XPN" Description="Extended Person Name">
            <Component Name="Family Name" Usage="R" Datatype="FN" MinLength="1" MaxLength="194"/>
            <Component Name="Given Name" Usage="RE" Datatype="ST" MinLength="1" MaxLength="30"/>
            <Component Name="Second and Further Given Names or Initials Thereof" Usage="O" Datatype="ST" MinLength="1" MaxLength="30"/>
            <Component Name="Suffix (e.g., JR or III)" Usage="O" Datatype="ST" MinLength="1" MaxLength="20"/>
            <Component Name="Prefix (e.g., DR)" Usage="O" Datatype="ST" MinLength="1" MaxLength="20"/>
            <Component Name="Degree (e.g., MD)" Usage="X" Datatype="IS" MinLength="1" MaxLength="6" Table="0360"/>
            <Component Name="Name Type Code" Usage="R" Datatype="ID" MinLength="1" MaxLength="1"/>
            <Component Name="Name Representation Code" Usage="O" Datatype="ID" MinLength="1" MaxLength="1" Table="0465"/>
            <Component Name="Name Context" Usage="O" Datatype="CE" MinLength="1" MaxLength="483" Table="0448"/>
            <Component Name="Name Validity Range" Usage="X" Datatype="ffde9e54-53ec-4c9b-9a02-0cae984c55e2" MinLength="1" MaxLength="53"/>
            <Component Name="Name Assembly Order" Usage="O" Datatype="ID" MinLength="1" MaxLength="1" Table="0444"/>
            <Component Name="Effective Date" Usage="O" Datatype="TS" MinLength="1" MaxLength="26"/>
            <Component Name="Expiration Date" Usage="O" Datatype="TS" MinLength="1" MaxLength="26"/>
            <Component Name="Professional Suffix" Usage="O" Datatype="ST" MinLength="1" MaxLength="199"/>
        </Datatype>
        <Datatype ID="3877ce7d-c1ad-4615-9a7d-05abc3b49bfa" Name="XAD" Description="Extended Address">
            <Component Name="Street Address" Usage="RE" Datatype="SAD" MinLength="1" MaxLength="184"/>
            <Component Name="Other Designation" Usage="RE" Datatype="ST" MinLength="1" MaxLength="120"/>
            <Component Name="City" Usage="RE" Datatype="ST" MinLength="1" MaxLength="50"/>
            <Component Name="State or Province" Usage="RE" Datatype="ST" MinLength="1" MaxLength="50"/>
            <Component Name="Zip or Postal Code" Usage="RE" Datatype="ST" MinLength="1" MaxLength="12"/>
            <Component Name="Country" Usage="RE" Datatype="ID" MinLength="3" MaxLength="3" Table="0399"/>
            <Component Name="Address Type" Usage="R" Datatype="ID" MinLength="1" MaxLength="3" Table="HL70190_IZ"/>
            <Component Name="Other Geographic Designation" Usage="O" Datatype="ST" MinLength="1" MaxLength="50"/>
            <Component Name="County/Parish Code" Usage="O" Datatype="IS" MinLength="1" MaxLength="20" Table="0289"/>
            <Component Name="Census Tract" Usage="O" Datatype="IS" MinLength="1" MaxLength="20" Table="0288"/>
            <Component Name="Address Representation Code" Usage="O" Datatype="ID" MinLength="1" MaxLength="1" Table="0465"/>
            <Component Name="Address Validity Range" Usage="X" Datatype="ffde9e54-53ec-4c9b-9a02-0cae984c55e2" MinLength="1" MaxLength="53"/>
            <Component Name="Effective Date" Usage="O" Datatype="TS" MinLength="1" MaxLength="26"/>
            <Component Name="Expiration Date" Usage="O" Datatype="TS" MinLength="1" MaxLength="26"/>
        </Datatype>
        <Datatype ID="SAD" Name="SAD" Description="Street Address">
            <Component Name="Street or Mailing Address" Usage="O" Datatype="ST" MinLength="1" MaxLength="120"/>
            <Component Name="Street Name" Usage="O" Datatype="ST" MinLength="1" MaxLength="50"/>
            <Component Name="Dwelling Number" Usage="O" Datatype="ST" MinLength="1" MaxLength="12"/>
        </Datatype>
        <Datatype ID="383b5ac9-b47e-46f9-8660-7a6edcc8c7a0" Name="XTN" Description="Extended Telecommunication Number">
            <Component Name="Telephone Number" Usage="X" Datatype="ST" MinLength="1" MaxLength="199"/>
            <Component Name="Telecommunication Use Code" Usage="R" Datatype="ID" MinLength="1" MaxLength="3" Table="HL70201_IZ"/>
            <Component Name="Telecommunication Equipment Type" Usage="RE" Datatype="ID" MinLength="1" MaxLength="8" Table="HL70202_IZ"/>
            <Component Name="Email Address" Usage="C" Datatype="ST" MinLength="1" MaxLength="199"/>
            <Component Name="Country Code" Usage="O" Datatype="NM" MinLength="1" MaxLength="3"/>
            <Component Name="Area/City Code" Usage="C" Datatype="NM" MinLength="1" MaxLength="5"/>
            <Component Name="Local Number" Usage="C" Datatype="NM" MinLength="1" MaxLength="9"/>
            <Component Name="Extension" Usage="O" Datatype="NM" MinLength="1" MaxLength="5"/>
            <Component Name="Any Text" Usage="O" Datatype="ST" MinLength="1" MaxLength="199"/>
            <Component Name="Extension Prefix" Usage="O" Datatype="ST" MinLength="1" MaxLength="4"/>
            <Component Name="Speed Dial Code" Usage="O" Datatype="ST" MinLength="1" MaxLength="6"/>
            <Component Name="Unformatted Telephone number" Usage="O" Datatype="ST" MinLength="1" MaxLength="199"/>
        </Datatype>
        <Datatype ID="b24b9b4c-aec9-496d-95d2-871d4920e2ef" Name="TS" Description="Time Stamp">
            <Component Name="Time" Usage="R" Datatype="DTM" MinLength="1" MaxLength="24"/>
            <Component Name="Degree of Precision" Usage="X" Datatype="ID" MinLength="1" MaxLength="1" Table="0529"/>
        </Datatype>
        <Datatype ID="5d62ecfe-7a05-4d34-b034-361171a92f2f" Name="HD" Description="Hierarchic Designator">
            <Component Name="Namespace ID" Usage="C" Datatype="IS" MinLength="1" MaxLength="20" Table="HL70363_IZ"/>
            <Component Name="Universal ID" Usage="C" Datatype="ST" MinLength="1" MaxLength="199"/>
            <Component Name="Universal ID Type" Usage="C" Datatype="ID" MinLength="1" MaxLength="6" Table="HL70301_IZ"/>
        </Datatype>
        <Datatype ID="RCD" Name="RCD" Description="Row Column Definition">
            <Component Name="Segment Field Name" Usage="O" Datatype="ST" MinLength="1" MaxLength="12"/>
            <Component Name="HL7 Data Type" Usage="O" Datatype="ID" MinLength="1" MaxLength="3" Table="0440"/>
            <Component Name="Maximum Column Width" Usage="O" Datatype="NM" MinLength="1" MaxLength="2"/>
        </Datatype>
        <Datatype ID="varies" Name="varies" Description="varies"/>
        <Datatype ID="SI" Name="SI" Description="Sequence ID"/>
        <Datatype ID="CX" Name="CX" Description="Extended Composite ID with Check Digit">
            <Component Name="ID Number" Usage="R" Datatype="ST" MinLength="1" MaxLength="15"/>
            <Component Name="Check Digit" Usage="O" Datatype="ST" MinLength="1" MaxLength="1"/>
            <Component Name="Check Digit Scheme" Usage="O" Datatype="ID" MinLength="1" MaxLength="3" Table="0061"/>
            <Component Name="Assigning Authority" Usage="O" Datatype="HD" MinLength="1" MaxLength="227" Table="0363"/>
            <Component Name="Identifier Type Code" Usage="O" Datatype="ID" MinLength="1" MaxLength="5" Table="0203"/>
            <Component Name="Assigning Facility" Usage="O" Datatype="HD" MinLength="1" MaxLength="227"/>
            <Component Name="Effective Date" Usage="O" Datatype="DT" MinLength="1" MaxLength="8"/>
            <Component Name="Expiration Date" Usage="O" Datatype="DT" MinLength="1" MaxLength="8"/>
            <Component Name="Assigning Jurisdiction" Usage="O" Datatype="CWE" MinLength="1" MaxLength="705"/>
            <Component Name="Assigning Agency or Department" Usage="O" Datatype="CWE" MinLength="1" MaxLength="705"/>
        </Datatype>
        <Datatype ID="bf6a9e4f-2ed3-4713-9a6d-f5c37ceb372a" Name="CX" Description="Extended Composite ID with Check Digit">
            <Component Name="ID Number" Usage="R" Datatype="ST" MinLength="1" MaxLength="15"/>
            <Component Name="Check Digit" Usage="O" Datatype="ST" MinLength="1" MaxLength="1"/>
            <Component Name="Check Digit Scheme" Usage="C" Datatype="ID" MinLength="1" MaxLength="3" Table="HL70061_IZ"/>
            <Component Name="Assigning Authority" Usage="R" Datatype="5d62ecfe-7a05-4d34-b034-361171a92f2f" MinLength="1" MaxLength="227" Table="HL70363_IZ"/>
            <Component Name="Identifier Type Code" Usage="R" Datatype="ID" MinLength="2" MaxLength="5" Table="HL70203_IZ"/>
            <Component Name="Assigning Facility" Usage="O" Datatype="HD" MinLength="1" MaxLength="227"/>
            <Component Name="Effective Date" Usage="O" Datatype="DT" MinLength="1" MaxLength="8"/>
            <Component Name="Expiration Date" Usage="O" Datatype="DT" MinLength="1" MaxLength="8"/>
            <Component Name="Assigning Jurisdiction" Usage="O" Datatype="CWE" MinLength="1" MaxLength="705"/>
            <Component Name="Assigning Agency or Department" Usage="O" Datatype="CWE" MinLength="1" MaxLength="705"/>
        </Datatype>
        <Datatype ID="DLN" Name="DLN" Description="Driver's License Number">
            <Component Name="License Number" Usage="R" Datatype="ST" MinLength="1" MaxLength="20"/>
            <Component Name="Issuing State, Province, Country" Usage="O" Datatype="IS" MinLength="1" MaxLength="20" Table="0333"/>
            <Component Name="Expiration Date" Usage="O" Datatype="DT" MinLength="1" MaxLength="24"/>
        </Datatype>
        <Datatype ID="0a70dd71-c71e-40d8-8e32-95fb7be7f5ff" Name="XCN" Description="Extended Composite ID Number and Name for Persons">
            <Component Name="ID Number" Usage="O" Datatype="ST" MinLength="1" MaxLength="15"/>
            <Component Name="Family Name" Usage="O" Datatype="FN" MinLength="1" MaxLength="194"/>
            <Component Name="Given Name" Usage="O" Datatype="ST" MinLength="1" MaxLength="30"/>
            <Component Name="Second and Further Given Names or Initials Thereof" Usage="O" Datatype="ST" MinLength="1" MaxLength="30"/>
            <Component Name="Suffix (e.g., JR or III)" Usage="O" Datatype="ST" MinLength="1" MaxLength="20"/>
            <Component Name="Prefix (e.g., DR)" Usage="O" Datatype="ST" MinLength="1" MaxLength="20"/>
            <Component Name="Degree (e.g., MD)" Usage="X" Datatype="IS" MinLength="1" MaxLength="5" Table="0360"/>
            <Component Name="Source Table" Usage="C" Datatype="IS" MinLength="1" MaxLength="4" Table="0297"/>
            <Component Name="Assigning Authority" Usage="O" Datatype="HD" MinLength="1" MaxLength="227" Table="HL70363_IZ"/>
            <Component Name="Name Type Code" Usage="O" Datatype="ID" MinLength="1" MaxLength="1" Table="0200"/>
            <Component Name="Identifier Check Digit" Usage="O" Datatype="ST" MinLength="1" MaxLength="1"/>
            <Component Name="Check Digit Scheme" Usage="C" Datatype="ID" MinLength="1" MaxLength="3" Table="0061"/>
            <Component Name="Identifier Type Code" Usage="O" Datatype="ID" MinLength="1" MaxLength="5" Table="0203"/>
            <Component Name="Assigning Facility" Usage="O" Datatype="HD" MinLength="1" MaxLength="227"/>
            <Component Name="Name Representation Code" Usage="O" Datatype="ID" MinLength="1" MaxLength="1" Table="0465"/>
            <Component Name="Name Context" Usage="O" Datatype="CE" MinLength="1" MaxLength="483" Table="0448"/>
            <Component Name="Name Validity Range" Usage="X" Datatype="ffde9e54-53ec-4c9b-9a02-0cae984c55e2" MinLength="1" MaxLength="53"/>
            <Component Name="Name Assembly Order" Usage="O" Datatype="ID" MinLength="1" MaxLength="1" Table="0444"/>
            <Component Name="Effective Date" Usage="O" Datatype="TS" MinLength="1" MaxLength="26"/>
            <Component Name="Expiration Date" Usage="O" Datatype="TS" MinLength="1" MaxLength="26"/>
            <Component Name="Professional Suffix" Usage="O" Datatype="ST" MinLength="1" MaxLength="199"/>
            <Component Name="Assigning Jurisdiction" Usage="O" Datatype="CWE" MinLength="1" MaxLength="705"/>
            <Component Name="Assigning Agency or Department" Usage="O" Datatype="CWE" MinLength="1" MaxLength="705"/>
        </Datatype>
        <Datatype ID="DR" Name="DR" Description="Date/Time Range">
            <Component Name="Range Start Date/Time" Usage="O" Datatype="TS" MinLength="1" MaxLength="26"/>
            <Component Name="Range End Date/Time" Usage="O" Datatype="TS" MinLength="1" MaxLength="26"/>
        </Datatype>
        <Datatype ID="JCC" Name="JCC" Description="Job Code/Class">
            <Component Name="Job Code" Usage="O" Datatype="IS" MinLength="1" MaxLength="20" Table="0327"/>
            <Component Name="Job Class" Usage="O" Datatype="IS" MinLength="1" MaxLength="20" Table="0328"/>
            <Component Name="Job Description Text" Usage="O" Datatype="TX" MinLength="1" MaxLength="250"/>
        </Datatype>
        <Datatype ID="f816c2f8-dd05-4d2d-8bcc-249123d39971" Name="XPN" Description="Extended Person Name">
            <Component Name="Family Name" Usage="O" Datatype="FN" MinLength="1" MaxLength="194"/>
            <Component Name="Given Name" Usage="O" Datatype="ST" MinLength="1" MaxLength="30"/>
            <Component Name="Second and Further Given Names or Initials Thereof" Usage="O" Datatype="ST" MinLength="1" MaxLength="30"/>
            <Component Name="Suffix (e.g., JR or III)" Usage="O" Datatype="ST" MinLength="1" MaxLength="20"/>
            <Component Name="Prefix (e.g., DR)" Usage="O" Datatype="ST" MinLength="1" MaxLength="20"/>
            <Component Name="Degree (e.g., MD)" Usage="X" Datatype="IS" MinLength="1" MaxLength="6" Table="0360"/>
            <Component Name="Name Type Code" Usage="O" Datatype="ID" MinLength="1" MaxLength="1" Table="0200"/>
            <Component Name="Name Representation Code" Usage="O" Datatype="ID" MinLength="1" MaxLength="1" Table="0465"/>
            <Component Name="Name Context" Usage="O" Datatype="CE" MinLength="1" MaxLength="483" Table="0448"/>
            <Component Name="Name Validity Range" Usage="X" Datatype="ffde9e54-53ec-4c9b-9a02-0cae984c55e2" MinLength="1" MaxLength="53"/>
            <Component Name="Name Assembly Order" Usage="O" Datatype="ID" MinLength="1" MaxLength="1" Table="0444"/>
            <Component Name="Effective Date" Usage="O" Datatype="TS" MinLength="1" MaxLength="26"/>
            <Component Name="Expiration Date" Usage="O" Datatype="TS" MinLength="1" MaxLength="26"/>
            <Component Name="Professional Suffix" Usage="O" Datatype="ST" MinLength="1" MaxLength="199"/>
        </Datatype>
        <Datatype ID="e4db4661-b930-44fe-aa23-1cb12d6862f6" Name="XPN" Description="Extended Person Name">
            <Component Name="Family Name" Usage="O" Datatype="FN" MinLength="1" MaxLength="194"/>
            <Component Name="Given Name" Usage="O" Datatype="ST" MinLength="1" MaxLength="30"/>
            <Component Name="Second and Further Given Names or Initials Thereof" Usage="O" Datatype="ST" MinLength="1" MaxLength="30"/>
            <Component Name="Suffix (e.g., JR or III)" Usage="O" Datatype="ST" MinLength="1" MaxLength="20"/>
            <Component Name="Prefix (e.g., DR)" Usage="O" Datatype="ST" MinLength="1" MaxLength="20"/>
            <Component Name="Degree (e.g., MD)" Usage="X" Datatype="IS" MinLength="1" MaxLength="6" Table="0360"/>
            <Component Name="Name Type Code" Usage="O" Datatype="ID" MinLength="1" MaxLength="1" Table="0200"/>
            <Component Name="Name Representation Code" Usage="O" Datatype="ID" MinLength="1" MaxLength="1" Table="0465"/>
            <Component Name="Name Context" Usage="O" Datatype="CE" MinLength="1" MaxLength="483" Table="0448"/>
            <Component Name="Name Validity Range" Usage="X" Datatype="ffde9e54-53ec-4c9b-9a02-0cae984c55e2" MinLength="1" MaxLength="53"/>
            <Component Name="Name Assembly Order" Usage="O" Datatype="ID" MinLength="1" MaxLength="1" Table="0444"/>
            <Component Name="Effective Date" Usage="O" Datatype="TS" MinLength="1" MaxLength="26"/>
            <Component Name="Expiration Date" Usage="O" Datatype="TS" MinLength="1" MaxLength="26"/>
            <Component Name="Professional Suffix" Usage="O" Datatype="ST" MinLength="1" MaxLength="199"/>
        </Datatype>
        <Datatype ID="0bf6471c-7673-45a6-8e05-049395356abb" Name="XAD" Description="Extended Address">
            <Component Name="Street Address" Usage="O" Datatype="SAD" MinLength="1" MaxLength="184"/>
            <Component Name="Other Designation" Usage="O" Datatype="ST" MinLength="1" MaxLength="120"/>
            <Component Name="City" Usage="O" Datatype="ST" MinLength="1" MaxLength="50"/>
            <Component Name="State or Province" Usage="O" Datatype="ST" MinLength="1" MaxLength="50"/>
            <Component Name="Zip or Postal Code" Usage="O" Datatype="ST" MinLength="1" MaxLength="12"/>
            <Component Name="Country" Usage="O" Datatype="ID" MinLength="1" MaxLength="3" Table="0399"/>
            <Component Name="Address Type" Usage="O" Datatype="ID" MinLength="1" MaxLength="3" Table="HL70190_IZ"/>
            <Component Name="Other Geographic Designation" Usage="O" Datatype="ST" MinLength="1" MaxLength="50"/>
            <Component Name="County/Parish Code" Usage="O" Datatype="IS" MinLength="1" MaxLength="20" Table="0289"/>
            <Component Name="Census Tract" Usage="O" Datatype="IS" MinLength="1" MaxLength="20" Table="0288"/>
            <Component Name="Address Representation Code" Usage="O" Datatype="ID" MinLength="1" MaxLength="1" Table="0465"/>
            <Component Name="Address Validity Range" Usage="X" Datatype="ffde9e54-53ec-4c9b-9a02-0cae984c55e2" MinLength="1" MaxLength="53"/>
            <Component Name="Effective Date" Usage="O" Datatype="TS" MinLength="1" MaxLength="26"/>
            <Component Name="Expiration Date" Usage="O" Datatype="TS" MinLength="1" MaxLength="26"/>
        </Datatype>
        <Datatype ID="754fa004-bb3a-44b0-b01a-33f7b908122b" Name="CX" Description="Extended Composite ID with Check Digit">
            <Component Name="ID Number" Usage="R" Datatype="ST" MinLength="1" MaxLength="15"/>
            <Component Name="Check Digit" Usage="O" Datatype="ST" MinLength="1" MaxLength="1"/>
            <Component Name="Check Digit Scheme" Usage="C" Datatype="ID" MinLength="1" MaxLength="3" Table="HL70061_IZ"/>
            <Component Name="Assigning Authority" Usage="R" Datatype="b91a5480-6f87-4cb0-84d1-532ad6976748" MinLength="1" MaxLength="227" Table="HL70363_IZ"/>
            <Component Name="Identifier Type Code" Usage="R" Datatype="ID" MinLength="2" MaxLength="5" Table="HL70203_IZ"/>
            <Component Name="Assigning Facility" Usage="O" Datatype="HD" MinLength="1" MaxLength="227"/>
            <Component Name="Effective Date" Usage="O" Datatype="DT" MinLength="1" MaxLength="8"/>
            <Component Name="Expiration Date" Usage="O" Datatype="DT" MinLength="1" MaxLength="8"/>
            <Component Name="Assigning Jurisdiction" Usage="O" Datatype="CWE" MinLength="1" MaxLength="705"/>
            <Component Name="Assigning Agency or Department" Usage="O" Datatype="CWE" MinLength="1" MaxLength="705"/>
        </Datatype>
        <Datatype ID="b91a5480-6f87-4cb0-84d1-532ad6976748" Name="HD" Description="Hierarchic Designator">
            <Component Name="Namespace ID" Usage="C" Datatype="IS" MinLength="1" MaxLength="20" Table="HL70363_IZ"/>
            <Component Name="Universal ID" Usage="C" Datatype="ST" MinLength="1" MaxLength="199"/>
            <Component Name="Universal ID Type" Usage="C" Datatype="ID" MinLength="1" MaxLength="6" Table="HL70301_IZ"/>
        </Datatype>
    </Datatypes>
</ConformanceProfile>
