<?xml version="1.0" encoding="UTF-8"?>
<ConformanceContext UUID="9e13d483-7322-4ce5-b2bf-5f6270966a48" xsi:noNamespaceSchemaLocation="../ConformanceContext.xsd" xmlns:xsi="http://www.w3.org/2001/XMLSchema-instance">
    <MetaData>
        <Description>Conformance context for ACK</Description>
    </MetaData>
    <Predicates>
        <Datatype>
            <ByID ID="CWE_IZ">
                <Predicate ID="[CWE_IZ]3[1]" Target="3[1]" TrueUsage="R" FalseUsage="X">
                    <Description>If CWE.1 (Identifier) is valued.</Description>
                    <Condition>
                        <Presence Path="1[1]"/>
                    </Condition>
                </Predicate>
                <Predicate ID="[CWE_IZ]5[1]" Target="5[1]" TrueUsage="RE" FalseUsage="X">
                    <Description>If CWE.4 (Alternate Identifier) is valued.</Description>
                    <Condition>
                        <Presence Path="4[1]"/>
                    </Condition>
                </Predicate>
                <Predicate ID="[CWE_IZ]6[1]" Target="6[1]" TrueUsage="R" FalseUsage="X">
                    <Description>If CWE.4 (Alternate Identifier) is valued.</Description>
                    <Condition>
                        <Presence Path="4[1]"/>
                    </Condition>
                </Predicate>
            </ByID>
            <ByID ID="XON_IZ">
                <Predicate ID="[XON_IZ]6[1]" Target="6[1]" TrueUsage="R" FalseUsage="O">
                    <Description>If XON.10 (Organization Identifier) is valued.</Description>
                    <Condition>
                        <Presence Path="10[1]"/>
                    </Condition>
                </Predicate>
                <Predicate ID="[XON_IZ]7[1]" Target="7[1]" TrueUsage="R" FalseUsage="X">
                    <Description>If XON.10 (Organization Identifier) is valued.</Description>
                    <Condition>
                        <Presence Path="10[1]"/>
                    </Condition>
                </Predicate>
                <Predicate ID="[XON_IZ]10[1]" Target="10[1]" TrueUsage="R" FalseUsage="RE">
                    <Description>If XON.1 (Organization Name) is valued.</Description>
                    <Condition>
                        <Presence Path="1[1]"/>
                    </Condition>
                </Predicate>
            </ByID>
            <ByID ID="HD_IZ">
                <Predicate ID="[HD_IZ]1[1]" Target="1[1]" TrueUsage="R" FalseUsage="O">
                    <Description>If HD.2 (Universal ID) is not valued.</Description>
                    <Condition>
                        <NOT>
                            <Presence Path="2[1]"/>
                        </NOT>
                    </Condition>
                </Predicate>
                <Predicate ID="[HD_IZ]2[1]" Target="2[1]" TrueUsage="R" FalseUsage="O">
                    <Description>If HD.1 (Namespace ID) is not valued.</Description>
                    <Condition>
                        <NOT>
                            <Presence Path="1[1]"/>
                        </NOT>
                    </Condition>
                </Predicate>
                <Predicate ID="[HD_IZ]3[1]" Target="3[1]" TrueUsage="R" FalseUsage="X">
                    <Description>If HD.2 (Universal ID) is valued.</Description>
                    <Condition>
                        <Presence Path="2[1]"/>
                    </Condition>
                </Predicate>
            </ByID>
            <ByID ID="EI_IZ_ACK_1_5">
                <Predicate ID="[EI_IZ_ACK_1_5]2[1]" Target="2[1]" TrueUsage="R" FalseUsage="O">
                    <Description>If EI.3 (Universal ID) is not valued.</Description>
                    <Condition>
                        <NOT>
                            <Presence Path="3[1]"/>
                        </NOT>
                    </Condition>
                </Predicate>
                <Predicate ID="[EI_IZ_ACK_1_5]3[1]" Target="3[1]" TrueUsage="R" FalseUsage="O">
                    <Description>If EI.2 (Namespace ID) is not valued.</Description>
                    <Condition>
                        <NOT>
                            <Presence Path="2[1]"/>
                        </NOT>
                    </Condition>
                </Predicate>
                <Predicate ID="[EI_IZ_ACK_1_5]4[1]" Target="4[1]" TrueUsage="R" FalseUsage="X">
                    <Description>If EI.3 (Universal ID) is valued.</Description>
                    <Condition>
                        <Presence Path="3[1]"/>
                    </Condition>
                </Predicate>
            </ByID>
            <ByID ID="ERL_IZ">
                <Predicate ID="[ERL_IZ]4[1]" Target="4[1]" TrueUsage="R" FalseUsage="RE">
                    <Description>If ERL.4 (Field Repetition) is valued.</Description>
                    <Condition>
                        <Presence Path="4[1]"/>
                    </Condition>
                </Predicate>
                <Predicate ID="[ERL_IZ]5[1]" Target="5[1]" TrueUsage="R" FalseUsage="RE">
                    <Description>If ERL.5 (Component Number) is valued.</Description>
                    <Condition>
                        <Presence Path="5[1]"/>
                    </Condition>
                </Predicate>
                <Predicate ID="[ERL_IZ]6[1]" Target="6[1]" TrueUsage="R" FalseUsage="RE">
                    <Description>If ERL.6 (Sub-Component Number) is valued.</Description>
                    <Condition>
                        <Presence Path="6[1]"/>
                    </Condition>
                </Predicate>
            </ByID>
        </Datatype>
        <Segment/>
        <Group/>
    </Predicates>
    <Constraints>
        <Datatype>
            <ByID ID="HD_IZ">
                <Constraint ID="IZ-5" Target="2[1]">
                    <Description>The value of HD.2 (Universal ID) SHALL be formatted with ISO-compliant OID.</Description>
                    <Assertion>
                        <Format Path="2[1]" Regex="[0-2](\.(0|[1-9][0-9]*))*"/>
                    </Assertion>
                </Constraint>
                <Constraint ID="IZ-6" Target="3[1]">
                    <Description>If HD.2 (Universal ID) is valued, then the value of HD.3 (Universal ID Type) SHALL be 'ISO'.</Description>
                    <Assertion>
                        <OR>
                            <NOT>
                                <Presence Path="2[1]"/>
                            </NOT>
                            <PlainText Path="3[1]" Text="ISO" IgnoreCase="true"/>
                        </OR>
                    </Assertion>
                </Constraint>
            </ByID>
            <ByID ID="EI_IZ_ACK_1_5">
                <Constraint ID="IZ-3" Target="3[1]">
                    <Description>The value of EI.3 (Universal ID) SHALL be formatted with ISO-compliant OID.</Description>
                    <Assertion>
                        <Format Path="3[1]" Regex="[0-2](\.(0|[1-9][0-9]*))*"/>
                    </Assertion>
                </Constraint>
                <Constraint ID="IZ-4" Target="4[1]">
                    <Description>The value of EI.5.4 (Universal ID Type) SHALL be 'ISO'.</Description>
                    <Assertion>
                        <PlainText Path="4[1]" Text="ISO" IgnoreCase="true"/>
                    </Assertion>
                </Constraint>
            </ByID>
        </Datatype>
        <Segment>
            <ByID ID="MSH_IZ 1_5_Z23">
                <Constraint ID="IZ-12" Target="1[1]">
                    <Description>The value of MSH.1 (Field Separator) SHALL be '|'.</Description>
                    <Assertion>
                        <PlainText Path="1[1]" Text="|" IgnoreCase="true"/>
                    </Assertion>
                </Constraint>
                <Constraint ID="IZ-13" Target="2[1]">
                    <Description>The value of MSH.2 (Encoding Characters) SHALL be '^~\&amp;'.</Description>
                    <Assertion>
                        <PlainText Path="2[1]" Text="^~\&amp;" IgnoreCase="true"/>
                    </Assertion>
                </Constraint>
                <Constraint ID="IZ-TS_Z" Target="7[1]">
                    <Description>The value of MSH.7.1 (Time) SHALL be formatted with YYYYMMDDHHMMSS+-ZZZZ.</Description>
                    <Assertion>
                        <Format Path="7[1].1[1]" Regex="([0-9]{4})((0[1-9])|(1[0-2]))((0[1-9])|([1-2][0-9])|(3[0-1]))(([0-1][0-9])|(2[0-3]))([0-5][0-9])([0-5][0-9]).*((\+|\-)[0-9]{4})"/>
                    </Assertion>
                </Constraint>
                <Constraint ID="IZ-51" Target="9[1]">
                    <Description>The value of MSH.9 (Message Type) SHALL be 'ACK^V04^ACK'.</Description>
                    <Assertion>
                        <AND>
                            <PlainText Path="9[1].1[1]" Text="ACK" IgnoreCase="true"/>
                            <AND>
                                <PlainText Path="9[1].2[1]" Text="V04" IgnoreCase="true"/>
                                <PlainText Path="9[1].3[1]" Text="ACK" IgnoreCase="true"/>
                            </AND>
                        </AND>
                    </Assertion>
                </Constraint>
                <Constraint ID="IZ-15" Target="12[1]">
                    <Description>The value of MSH.12.1 (Version ID) SHALL be '2.5.1'.</Description>
                    <Assertion>
                        <PlainText Path="12[1].1[1]" Text="2.5.1" IgnoreCase="true"/>
                    </Assertion>
                </Constraint>
                <Constraint ID="IZ-53" Target="15[1]">
                    <Description>The value of MSH.15 (Accept Acknowledgment Type) SHALL be 'NE'.</Description>
                    <Assertion>
                        <PlainText Path="15[1]" Text="NE" IgnoreCase="true"/>
                    </Assertion>
                </Constraint>
                <Constraint ID="IZ-52" Target="16[1]">
                    <Description>The value of MSH.16 (Application Acknowledgment Type) SHALL be 'NE'.</Description>
                    <Assertion>
                        <PlainText Path="16[1]" Text="NE" IgnoreCase="true"/>
                    </Assertion>
                </Constraint>
                <Constraint ID="IZ-54" Target="21[1]">
                    <Description>The value of MSH.21[1] (Message Profile Identifier) SHALL be 'Z23^CDCPHINVS'.</Description>
                    <Assertion>
                        <AND>
                            <PlainText Path="21[1].1[1]" Text="Z23" IgnoreCase="true"/>
                            <PlainText Path="21[1].2[1]" Text="CDCPHINVS" IgnoreCase="true"/>
                        </AND>
                    </Assertion>
                </Constraint>
            </ByID>
        </Segment>
        <Group/>
    </Constraints>
</ConformanceContext>
