<?xml version="1.0" encoding="UTF-8"?>
<ConformanceContext UUID="5e04bf1f-67e1-447d-9566-407b498e11c2" xsi:noNamespaceSchemaLocation="../ConformanceContext.xsd" xmlns:xsi="http://www.w3.org/2001/XMLSchema-instance">
    <MetaData>
        <Description>Conformance context for QBP_Q11</Description>
    </MetaData>
    <Predicates>
        <Datatype>
            <ByID ID="5d62ecfe-7a05-4d34-b034-361171a92f2f">
                <Predicate ID="[HD_IZ]1[1]" Target="1[1]" TrueUsage="R" FalseUsage="O">
                    <Description>If HD.2 (Universal ID) is not valued.</Description>
                    <Condition>
                        <NOT>
                            <Presence Path="2[1]"/>
                        </NOT>
                    </Condition>
                </Predicate>
                <Predicate ID="[HD_IZ]2[1]" Target="2[1]" TrueUsage="R" FalseUsage="O">
                    <Description>If HD.1 (Namespace ID) is not valued.</Description>
                    <Condition>
                        <NOT>
                            <Presence Path="1[1]"/>
                        </NOT>
                    </Condition>
                </Predicate>
                <Predicate ID="[HD_IZ]3[1]" Target="3[1]" TrueUsage="R" FalseUsage="X">
                    <Description>If HD.2 (Universal ID) is valued.</Description>
                    <Condition>
                        <Presence Path="2[1]"/>
                    </Condition>
                </Predicate>
            </ByID>
            <ByID ID="02b39f36-bea2-4e88-a2ef-9f25c0b7ee94">
                <Predicate ID="[EI_IZ_QBP_Z44]2[1]" Target="2[1]" TrueUsage="R" FalseUsage="O">
                    <Description>If EI.3 (Universal ID) is not valued.</Description>
                    <Condition>
                        <NOT>
                            <Presence Path="3[1]"/>
                        </NOT>
                    </Condition>
                </Predicate>
                <Predicate ID="[EI_IZ_QBP_Z44]3[1]" Target="3[1]" TrueUsage="R" FalseUsage="O">
                    <Description>If EI.2 (Namespace ID) is not valued.</Description>
                    <Condition>
                        <NOT>
                            <Presence Path="2[1]"/>
                        </NOT>
                    </Condition>
                </Predicate>
                <Predicate ID="[EI_IZ_QBP_Z44]4[1]" Target="4[1]" TrueUsage="R" FalseUsage="X">
                    <Description>If EI.4 (Universal ID Type) is valued.</Description>
                    <Condition>
                        <Presence Path="4[1]"/>
                    </Condition>
                </Predicate>
            </ByID>
            <ByID ID="d9f39f92-06ff-4e00-b60b-22099d69aa3e">
                <Predicate ID="[XON_IZ]6[1]" Target="6[1]" TrueUsage="R" FalseUsage="O">
                    <Description>If XON.10 (Organization Identifier) is valued.</Description>
                    <Condition>
                        <Presence Path="10[1]"/>
                    </Condition>
                </Predicate>
                <Predicate ID="[XON_IZ]7[1]" Target="7[1]" TrueUsage="R" FalseUsage="X">
                    <Description>If XON.10 (Organization Identifier) is valued.</Description>
                    <Condition>
                        <Presence Path="10[1]"/>
                    </Condition>
                </Predicate>
                <Predicate ID="[XON_IZ]10[1]" Target="10[1]" TrueUsage="R" FalseUsage="RE">
                    <Description>If XON.1 (Organization Name) is valued.</Description>
                    <Condition>
                        <Presence Path="1[1]"/>
                    </Condition>
                </Predicate>
            </ByID>
            <ByID ID="cfff16a3-4c55-4c54-905d-ec01ac997dbe">
                <Predicate ID="[CE_IZ]5[1]" Target="5[1]" TrueUsage="RE" FalseUsage="X">
                    <Description>If CE.4 (Alternate Identifier) is valued.</Description>
                    <Condition>
                        <Presence Path="4[1]"/>
                    </Condition>
                </Predicate>
                <Predicate ID="[CE_IZ]6[1]" Target="6[1]" TrueUsage="R" FalseUsage="X">
                    <Description>If CE.4 (Alternate Identifier) is valued.</Description>
                    <Condition>
                        <Presence Path="4[1]"/>
                    </Condition>
                </Predicate>
            </ByID>
            <ByID ID="4a48f501-29bd-467b-aa8d-cca57ccb00ab">
                <Predicate ID="[CX_IZ]3[1]" Target="3[1]" TrueUsage="O" FalseUsage="X">
                    <Description>If CX.2 (Check Digit) is valued.</Description>
                    <Condition>
                        <Presence Path="2[1]"/>
                    </Condition>
                </Predicate>
            </ByID>
            <ByID ID="96fb82f3-890c-4af7-bf15-1e8bf9ca6458">
                <Predicate ID="[HD_IZ]1[1]" Target="1[1]" TrueUsage="R" FalseUsage="O">
                    <Description>If HD.2 (Universal ID) is not valued.</Description>
                    <Condition>
                        <NOT>
                            <Presence Path="2[1]"/>
                        </NOT>
                    </Condition>
                </Predicate>
                <Predicate ID="[HD_IZ]2[1]" Target="2[1]" TrueUsage="R" FalseUsage="O">
                    <Description>If HD.1 (Namespace ID) is not valued.</Description>
                    <Condition>
                        <NOT>
                            <Presence Path="1[1]"/>
                        </NOT>
                    </Condition>
                </Predicate>
                <Predicate ID="[HD_IZ]3[1]" Target="3[1]" TrueUsage="R" FalseUsage="X">
                    <Description>If HD.2 (Universal ID) is valued.</Description>
                    <Condition>
                        <Presence Path="2[1]"/>
                    </Condition>
                </Predicate>
            </ByID>
            <ByID ID="383b5ac9-b47e-46f9-8660-7a6edcc8c7a0">
                <Predicate ID="[XTN_IZ]4[1]" Target="4[1]" TrueUsage="R" FalseUsage="X">
                    <Description>If the value of XTN.2 (Telecommunication Use Code) is 'NET'.</Description>
                    <Condition>
                        <PlainText Path="4[1]" Text="NET" IgnoreCase="true"/>
                    </Condition>
                </Predicate>
                <Predicate ID="[XTN_IZ]6[1]" Target="6[1]" TrueUsage="RE" FalseUsage="X">
                    <Description>If the value of XTN.2 (Telecommunication Use Code) is not 'NET'.</Description>
                    <Condition>
                        <NOT>
                            <PlainText Path="6[1]" Text="NET" IgnoreCase="true"/>
                        </NOT>
                    </Condition>
                </Predicate>
                <Predicate ID="[XTN_IZ]7[1]" Target="7[1]" TrueUsage="R" FalseUsage="X">
                    <Description>If the value of XTN.2 (Telecommunication Use Code) is not 'NET'.</Description>
                    <Condition>
                        <NOT>
                            <PlainText Path="7[1]" Text="NET" IgnoreCase="true"/>
                        </NOT>
                    </Condition>
                </Predicate>
            </ByID>
        </Datatype>
        <Segment/>
        <Group/>
    </Predicates>
    <Constraints>
        <Datatype>
            <ByID ID="5d62ecfe-7a05-4d34-b034-361171a92f2f">
                <Constraint ID="IZ-5" Target="2[1]">
                    <Description>The value of HD.2 (Universal ID) SHALL be formatted with ISO-compliant OID.</Description>
                    <Assertion>
                        <Format Path="2[1]" Regex="[0-2](\.(0|[1-9][0-9]*))*"/>
                    </Assertion>
                </Constraint>
                <Constraint ID="IZ-6" Target="3[1]">
                    <Description>The value of HD.3 (Universal ID Type) SHALL be 'ISO'.</Description>
                    <Assertion>
                        <PlainText Path="3[1]" Text="ISO" IgnoreCase="true"/>
                    </Assertion>
                </Constraint>
            </ByID>
            <ByID ID="02b39f36-bea2-4e88-a2ef-9f25c0b7ee94">
                <Constraint ID="IZ-3" Target="3[1]">
                    <Description>The value of EI.3 (Universal ID) SHALL be formatted with ISO-compliant OID.</Description>
                    <Assertion>
                        <Format Path="3[1]" Regex="[0-2](\.(0|[1-9][0-9]*))*"/>
                    </Assertion>
                </Constraint>
                <Constraint ID="IZ-4" Target="4[1]">
                    <Description>The value of EI.4 (Universal ID Type) SHALL be 'ISO'.</Description>
                    <Assertion>
                        <PlainText Path="4[1]" Text="ISO" IgnoreCase="true"/>
                    </Assertion>
                </Constraint>
            </ByID>
            <ByID ID="96fb82f3-890c-4af7-bf15-1e8bf9ca6458">
                <Constraint ID="IZ-5" Target="2[1]">
                    <Description>The value of HD.2 (Universal ID) SHALL be formatted with ISO-compliant OID.</Description>
                    <Assertion>
                        <Format Path="2[1]" Regex="[0-2](\.(0|[1-9][0-9]*))*"/>
                    </Assertion>
                </Constraint>
                <Constraint ID="IZ-6" Target="3[1]">
                    <Description>The value of HD.3 (Universal ID Type) SHALL be 'ISO'.</Description>
                    <Assertion>
                        <PlainText Path="3[1]" Text="ISO" IgnoreCase="true"/>
                    </Assertion>
                </Constraint>
            </ByID>
            <ByID ID="56137a3c-f1b5-4fae-aac1-ab33c138e39e">
                <Constraint ID="IZ-2" Target="2[1]">
                    <Description>The value of CQ.2 (Units) SHALL be 'RD'.</Description>
                    <Assertion>
                        <PlainText Path="2[1]" Text="RD" IgnoreCase="true"/>
                    </Assertion>
                </Constraint>
            </ByID>
        </Datatype>
        <Segment>
            <ByID ID="1eb64ea1-495f-40cd-82ed-a6de483c60bc">
                <Constraint ID="IZ-12" Target="1[1]">
                    <Description>The value of MSH.1 (Field Separator) SHALL be '|'.</Description>
                    <Assertion>
                        <PlainText Path="1[1]" Text="|" IgnoreCase="true"/>
                    </Assertion>
                </Constraint>
                <Constraint ID="IZ-13" Target="2[1]">
                    <Description>The value of MSH.2 (Encoding Characters) SHALL be '^~\&amp;'.</Description>
                    <Assertion>
                        <PlainText Path="2[1]" Text="^~\&amp;" IgnoreCase="true"/>
                    </Assertion>
                </Constraint>
                <Constraint ID="IZ-TS_Z" Target="7[1]">
                    <Description>The value of MSH.7.1 (Time) SHALL be formatted with YYYYMMDD+-ZZZZ.</Description>
                    <Assertion>
                        <Format Path="7[1].1[1]" Regex="([0-9]{4})((0[1-9])|(1[0-2]))((0[1-9])|([1-2][0-9])|(3[0-1])).*((\+|\-)[0-9]{4})"/>
                    </Assertion>
                </Constraint>
                <Constraint ID="IZ-55" Target="9[1]">
                    <Description>The value of MSH.9 (Message Type) SHALL be 'QBP^Q11^QBP_Q11'.</Description>
                    <Assertion>
                        <AND>
                            <PlainText Path="9[1].1[1]" Text="QBP" IgnoreCase="true"/>
                            <AND>
                                <PlainText Path="9[1].2[1]" Text="Q11" IgnoreCase="true"/>
                                <PlainText Path="9[1].3[1]" Text="QBP_Q11" IgnoreCase="true"/>
                            </AND>
                        </AND>
                    </Assertion>
                </Constraint>
                <Constraint ID="IZ-15" Target="12[1]">
                    <Description>The value of MSH.12.1 (Version ID) SHALL be '2.5.1'.</Description>
                    <Assertion>
                        <PlainText Path="12[1].1[1]" Text="2.5.1" IgnoreCase="true"/>
                    </Assertion>
                </Constraint>
                <Constraint ID="IZ-57" Target="15[1]">
                    <Description>The value of MSH.15 (Accept Acknowledgment Type) SHALL be 'NE'.</Description>
                    <Assertion>
                        <PlainText Path="15[1]" Text="NE" IgnoreCase="true"/>
                    </Assertion>
                </Constraint>
                <Constraint ID="IZ-58" Target="16[1]">
                    <Description>The value of MSH.16 (Application Acknowledgment Type) SHALL be 'AL'.</Description>
                    <Assertion>
                        <PlainText Path="16[1]" Text="AL" IgnoreCase="true"/>
                    </Assertion>
                </Constraint>
                <Constraint ID="IZ-64" Target="21[1]">
                    <Description>The value of MSH.21 (Message Profile Identifier) SHALL be 'Z44^CDCPHINVS'.</Description>
                    <Assertion>
                        <AND>
                            <PlainText Path="21[1].1[1]" Text="Z44" IgnoreCase="true"/>
                            <PlainText Path="21[1].2[1]" Text="CDCPHINVS" IgnoreCase="true"/>
                        </AND>
                    </Assertion>
                </Constraint>
            </ByID>
            <ByID ID="faf37595-52fe-4520-a4c1-ab362d086a4f">
                <Constraint ID="IZ-TS" Target="12[1]">
                    <Description>The value of QPD.12.1 (Time) SHALL be formatted with YYYYMMDD.</Description>
                    <Assertion>
                        <Format Path="12[1].1[1]" Regex="([0-9]{4})((0[1-9])|(1[0-2]))((0[1-9])|([1-2][0-9])|(3[0-1])).*"/>
                    </Assertion>
                </Constraint>
            </ByID>
            <ByID ID="617b53ae-5681-4c03-992a-88a210dc6ec4">
                <Constraint ID="IZ-27" Target="1[1]">
                    <Description>RCP.1 (Query Priority) SHALL NOT be valued OR the value of RCP.1 (Query Priority) SHALL be 'I'.</Description>
                    <Assertion>
                        <OR>
                            <NOT>
                                <Presence Path="1[1]"/>
                            </NOT>
                            <PlainText Path="1[1]" Text="I" IgnoreCase="true"/>
                        </OR>
                    </Assertion>
                </Constraint>
            </ByID>
        </Segment>
        <Group/>
    </Constraints>
</ConformanceContext>
