<?xml version="1.0" encoding="UTF-8"?>
<ConformanceContext UUID="e609720a-9552-44f4-ae96-8f7a72d11022" xsi:noNamespaceSchemaLocation="../ConformanceContext.xsd" xmlns:xsi="http://www.w3.org/2001/XMLSchema-instance">
	<MetaData>
		<Description>Conformance context for VXU_V04</Description>
	</MetaData>
	<Predicates>
		<Datatype>
			<ByID ID="CWE_IZ">
				<Predicate ID="[CWE_IZ]3[1]" Target="3[1]" TrueUsage="R" FalseUsage="X">
					<Description>If CWE.1 (Identifier) is valued.</Description>
					<Condition>
						<Presence Path="1[1]"/>
					</Condition>
				</Predicate>
				<Predicate ID="[CWE_IZ]5[1]" Target="5[1]" TrueUsage="RE" FalseUsage="X">
					<Description>If CWE.4 (Alternate Identifier) is valued.</Description>
					<Condition>
						<Presence Path="4[1]"/>
					</Condition>
				</Predicate>
				<Predicate ID="[CWE_IZ]6[1]" Target="6[1]" TrueUsage="R" FalseUsage="X">
					<Description>If CWE.4 (Alternate Identifier) is valued.</Description>
					<Condition>
						<Presence Path="4[1]"/>
					</Condition>
				</Predicate>
			</ByID>
			<ByID ID="EI_IZ">
				<Predicate ID="[EI_IZ]2[1]" Target="2[1]" TrueUsage="R" FalseUsage="O">
					<Description>If EI.3 (Universal ID) is not valued.</Description>
					<Condition>
						<NOT>
							<Presence Path="3[1]"/>
						</NOT>
					</Condition>
				</Predicate>
				<Predicate ID="[EI_IZ]3[1]" Target="3[1]" TrueUsage="R" FalseUsage="O">
					<Description>If EI.2 (Namespace ID) is not valued.</Description>
					<Condition>
						<NOT>
							<Presence Path="2[1]"/>
						</NOT>
					</Condition>
				</Predicate>
				<Predicate ID="[EI_IZ]4[1]" Target="4[1]" TrueUsage="R" FalseUsage="X">
					<Description>If EI.3 (Universal ID) is valued.</Description>
					<Condition>
						<Presence Path="3[1]"/>
					</Condition>
				</Predicate>
			</ByID>
			<ByID ID="HD_IZ">
				<Predicate ID="[HD_IZ]1[1]" Target="1[1]" TrueUsage="R" FalseUsage="O">
					<Description>If HD.2 (Universal ID) is not valued.</Description>
					<Condition>
						<NOT>
							<Presence Path="2[1]"/>
						</NOT>
					</Condition>
				</Predicate>
				<Predicate ID="[HD_IZ]2[1]" Target="2[1]" TrueUsage="R" FalseUsage="O">
					<Description>If HD.1 (Namespace ID) is not valued.</Description>
					<Condition>
						<NOT>
							<Presence Path="1[1]"/>
						</NOT>
					</Condition>
				</Predicate>
				<Predicate ID="[HD_IZ]3[1]" Target="3[1]" TrueUsage="R" FalseUsage="X">
					<Description>If HD.2 (Universal ID) is valued.</Description>
					<Condition>
						<Presence Path="2[1]"/>
					</Condition>
				</Predicate>
			</ByID>
			<ByID ID="XTN_IZ">
				<Predicate ID="[XTN_IZ]4[1]" Target="4[1]" TrueUsage="R" FalseUsage="X">
					<Description>If the value of XTN.2 (Telecommunication Use Code) is 'NET'.</Description>
					<Condition>
						<PlainText Path="2[1]" Text="NET" IgnoreCase="true"/>
					</Condition>
				</Predicate>
				<Predicate ID="[XTN_IZ]6[1]" Target="6[1]" TrueUsage="RE" FalseUsage="X">
					<Description>If the value of XTN.2 (Telecommunication Use Code) is not 'NET'.</Description>
					<Condition>
						<NOT>
							<PlainText Path="2[1]" Text="NET" IgnoreCase="true"/>
						</NOT>
					</Condition>
				</Predicate>
				<Predicate ID="[XTN_IZ]7[1]" Target="7[1]" TrueUsage="R" FalseUsage="X">
					<Description>If the value of XTN.2 (Telecommunication Use Code) is not 'NET'.</Description>
					<Condition>
						<NOT>
							<PlainText Path="2[1]" Text="NET" IgnoreCase="true"/>
						</NOT>
					</Condition>
				</Predicate>
			</ByID>
			<ByID ID="CX_IZ">
				<Predicate ID="[CX_IZ]3[1]" Target="3[1]" TrueUsage="O" FalseUsage="X">
					<Description>If CX.2 (Check Digit) is valued.</Description>
					<Condition>
						<Presence Path="2[1]"/>
					</Condition>
				</Predicate>
			</ByID>
			<ByID ID="CE_IZ">
				<Predicate ID="[CE_IZ]5[1]" Target="5[1]" TrueUsage="RE" FalseUsage="X">
					<Description>If CE.4 (Alternate Identifier) is valued.</Description>
					<Condition>
						<Presence Path="4[1]"/>
					</Condition>
				</Predicate>
				<Predicate ID="[CE_IZ]6[1]" Target="6[1]" TrueUsage="R" FalseUsage="X">
					<Description>If CE.4 (Alternate Identifier) is valued.</Description>
					<Condition>
						<Presence Path="4[1]"/>
					</Condition>
				</Predicate>
			</ByID>
			<ByID ID="XON_IZ">
				<Predicate ID="[XON_IZ]6[1]" Target="6[1]" TrueUsage="R" FalseUsage="O">
					<Description>If XON.10 (Organization Identifier) is valued.</Description>
					<Condition>
						<Presence Path="10[1]"/>
					</Condition>
				</Predicate>
				<Predicate ID="[XON_IZ]7[1]" Target="7[1]" TrueUsage="R" FalseUsage="X">
					<Description>If XON.10 (Organization Identifier) is valued.</Description>
					<Condition>
						<Presence Path="10[1]"/>
					</Condition>
				</Predicate>
				<Predicate ID="[XON_IZ]10[1]" Target="10[1]" TrueUsage="R" FalseUsage="RE">
					<Description>If XON.1 (Organization Name) is valued.</Description>
					<Condition>
						<Presence Path="1[1]"/>
					</Condition>
				</Predicate>
			</ByID>
		</Datatype>
		<Segment>
			<ByID ID="PID_IZ 1_5">
				<Predicate ID="[PID_IZ 1_5]25[1]" Target="25[1]" TrueUsage="RE" FalseUsage="O">
					<Description>If the value of PID.24 (Multiple Birth Indicator) is 'Y'.</Description>
					<Condition>
						<PlainText Path="24[1]" Text="Y" IgnoreCase="true"/>
					</Condition>
				</Predicate>
				<Predicate ID="[PID_IZ 1_5]29[1]" Target="29[1]" TrueUsage="RE" FalseUsage="X">
					<Description>If the value of PID.30 (Patient Death Indicator) is 'Y'.</Description>
					<Condition>
						<PlainText Path="30[1]" Text="Y" IgnoreCase="true"/>
					</Condition>
				</Predicate>
			</ByID>
			<ByID ID="PD1_IZ 1_5">
				<Predicate ID="[PD1_IZ 1_5]13[1]" Target="13[1]" TrueUsage="RE" FalseUsage="X">
					<Description>If PD1.12 (Protection Indicator) is valued.</Description>
					<Condition>
						<Presence Path="12[1]"/>
					</Condition>
				</Predicate>
				<Predicate ID="[PD1_IZ 1_5]17[1]" Target="17[1]" TrueUsage="RE" FalseUsage="X">
					<Description>If PD1.16 (Immunization Registry Status) is valued.</Description>
					<Condition>
						<Presence Path="16[1]"/>
					</Condition>
				</Predicate>
				<Predicate ID="[PD1_IZ 1_5]18[1]" Target="18[1]" TrueUsage="RE" FalseUsage="X">
					<Description>If PD1.11 (Publicity Code) is valued.</Description>
					<Condition>
						<Presence Path="11[1]"/>
					</Condition>
				</Predicate>
			</ByID>
			<ByID ID="RXA_IZ 1_5">
				<Predicate ID="[RXA_IZ 1_5]7[1]" Target="7[1]" TrueUsage="R" FalseUsage="X">
					<Description>If the value of RXA.6 (Administered Amount) is not '999'.</Description>
					<Condition>
						<NOT>
							<PlainText Path="6[1]" Text="999" IgnoreCase="true"/>
						</NOT>
					</Condition>
				</Predicate>
				<Predicate ID="[RXA_IZ 1_5]9[1]" Target="9[1]" TrueUsage="R" FalseUsage="O">
					<Description>If the value of RXA.20 (Completion Status) is one of List Values: 'CP','PA'.</Description>
					<Condition>
						<StringList Path="20[1]" CSV="CP,PA"/>
					</Condition>
				</Predicate>
				<Predicate ID="[RXA_IZ 1_5]10[1]" Target="10[1]" TrueUsage="RE" FalseUsage="O">
					<Description>If the value of RXA.9[1].1 (Identifier) is '00' AND if the value of RXA.20 (Completion Status) is one of List Values: 'CP','PA'.</Description>
					<Condition>
						<AND>
							<PlainText Path="9[1].1[1]" Text="00" IgnoreCase="true"/>
							<StringList Path="20[1]" CSV="CP,PA"/>
						</AND>
					</Condition>
				</Predicate>
				<Predicate ID="[RXA_IZ 1_5]11[1]" Target="11[1]" TrueUsage="RE" FalseUsage="O">
					<Description>If the value of RXA.9[1].1 (Identifier) is '00' AND if the value of RXA.20 (Completion Status) is one of List Values: 'CP','PA'.</Description>
					<Condition>
						<AND>
							<PlainText Path="9[1].1[1]" Text="00" IgnoreCase="true"/>
							<StringList Path="20[1]" CSV="CP,PA"/>
						</AND>
					</Condition>
				</Predicate>
				<Predicate ID="[RXA_IZ 1_5]15[1]" Target="15[1]" TrueUsage="R" FalseUsage="O">
					<Description>If the value of RXA.9[1].1 (Identifier) is '00' AND if RXA.9[1].1 (Identifier) is valued AND if the value of RXA.20 (Completion Status) is one of List Values: 'CP','PA' AND if RXA.20 (Completion Status) is valued.</Description>
					<Condition>
						<AND>
							<PlainText Path="9[1].1[1]" Text="00" IgnoreCase="true"/>
							<AND>
								<Presence Path="9[1].1[1]"/>
								<AND>
									<StringList Path="20[1]" CSV="CP,PA"/>
									<Presence Path="20[1]"/>
								</AND>
							</AND>
						</AND>
					</Condition>
				</Predicate>
				<Predicate ID="[RXA_IZ 1_5]16[1]" Target="16[1]" TrueUsage="RE" FalseUsage="O">
					<Description>If RXA.15[1] (Substance Lot Number) is valued.</Description>
					<Condition>
						<Presence Path="15[1]"/>
					</Condition>
				</Predicate>
				<Predicate ID="[RXA_IZ 1_5]17[1]" Target="17[1]" TrueUsage="R" FalseUsage="O">
					<Description>If RXA.9[1].1 (Identifier) is valued AND if the value of RXA.9[1].1 (Identifier) is '00'.</Description>
					<Condition>
						<AND>
							<Presence Path="9[1].1[1]"/>
							<PlainText Path="9[1].1[1]" Text="00" IgnoreCase="true"/>
						</AND>
					</Condition>
				</Predicate>
				<Predicate ID="[RXA_IZ 1_5]18[1]" Target="18[1]" TrueUsage="R" FalseUsage="X">
					<Description>If RXA.20 (Completion Status) is valued AND if the value of RXA.20 (Completion Status) is 'RE'.</Description>
					<Condition>
						<AND>
							<Presence Path="20[1]"/>
							<PlainText Path="20[1]" Text="RE" IgnoreCase="true"/>
						</AND>
					</Condition>
				</Predicate>
				<Predicate ID="[RXA_IZ 1_5]21[1]" Target="21[1]" TrueUsage="R" FalseUsage="O">
					<Description>If the value of RXA.5.1 (Identifier) is not '998'.</Description>
					<Condition>
						<NOT>
							<PlainText Path="5[1].1[1]" Text="998" IgnoreCase="true"/>
						</NOT>
					</Condition>
				</Predicate>
			</ByID>
			<ByID ID="OBX_IZ 1_5">
				<Predicate ID="[OBX_IZ 1_5]6[1]" Target="6[1]" TrueUsage="R" FalseUsage="O">
					<Description>If the value of OBX.2 (Value Type) is one of List Values: 'NM','SN'.</Description>
					<Condition>
						<StringList Path="2[1]" CSV="NM,SN"/>
					</Condition>
				</Predicate>
				<Predicate ID="[OBX_IZ 1_5]17[1]" Target="17[1]" TrueUsage="RE" FalseUsage="O">
					<Description>If the value of OBX.3.1 (Identifier) is '64994-7'.</Description>
					<Condition>
						<PlainText Path="3[1].1[1]" Text="64994-7" IgnoreCase="true"/>
					</Condition>
				</Predicate>
			</ByID>
		</Segment>
		<Group/>
	</Predicates>
	<Constraints>
		<Datatype>
			<ByID ID="EI_IZ">
				<Constraint ID="IZ-3" Target="3[1]">
					<Description>The value of EI.3 (Universal ID) SHALL be formatted with ISO-compliant OID.</Description>
					<Assertion>
						<Format Path="3[1]" Regex="[0-2](\.(0|[1-9][0-9]*))*"/>
					</Assertion>
				</Constraint>
				<Constraint ID="IZ-4" Target="4[1]">
					<Description>The value of EI.4 (Universal ID Type) SHALL be 'ISO'.</Description>
					<Assertion>
						<PlainText Path="4[1]" Text="ISO" IgnoreCase="true"/>
					</Assertion>
				</Constraint>
			</ByID>
			<ByID ID="XPN_M">
				<Constraint ID="IZ-66" Target="7[1]">
					<Description>The value of XPN.7 (Name Type Code) SHALL be 'M'.</Description>
					<Assertion>
						<PlainText Path="7[1]" Text="M" IgnoreCase="true"/>
					</Assertion>
				</Constraint>
			</ByID>
			<ByID ID="HD_IZ">
				<Constraint ID="IZ-5" Target="2[1]">
					<Description>The value of HD.2 (Universal ID) SHALL be formatted with ISO-compliant OID.</Description>
					<Assertion>
						<Format Path="2[1]" Regex="[0-2](\.(0|[1-9][0-9]*))*"/>
					</Assertion>
				</Constraint>
				<Constraint ID="IZ-6" Target="3[1]">
					<Description>The value of HD.3 (Universal ID Type) SHALL be 'ISO'.</Description>
					<Assertion>
						<PlainText Path="3[1]" Text="ISO" IgnoreCase="true"/>
					</Assertion>
				</Constraint>
			</ByID>
			<ByID ID="MSG_IZ_VXU">
				<Constraint ID="IZ-17" Target="1[1]">
					<Description>The value of MSG.1 (Message Code) SHALL be 'VXU'.</Description>
					<Assertion>
						<PlainText Path="1[1]" Text="VXU" IgnoreCase="true"/>
					</Assertion>
				</Constraint>
				<Constraint ID="IZ-17" Target="2[1]">
					<Description>The value of MSG.2 (Trigger Event) SHALL be 'V04'.</Description>
					<Assertion>
						<PlainText Path="2[1]" Text="V04" IgnoreCase="true"/>
					</Assertion>
				</Constraint>
				<Constraint ID="IZ-17" Target="3[1]">
					<Description>The value of MSG.3 (Message Structure) SHALL be 'VXU_V04'.</Description>
					<Assertion>
						<PlainText Path="3[1]" Text="VXU_V04" IgnoreCase="true"/>
					</Assertion>
				</Constraint>
			</ByID>
			<ByID ID="CE_For_CQ_IZ">
				<Constraint ID="IZ-2" Target="1[1]">
					<Description>The value of CE.1 (Identifier) SHALL be 'RD'.</Description>
					<Assertion>
						<PlainText Path="1[1]" Text="RD" IgnoreCase="true"/>
					</Assertion>
				</Constraint>
			</ByID>
		</Datatype>
		<Segment>
			<ByID ID="MSH_IZ 1_5_Z22">
				<Constraint ID="IZ-12" Target="1[1]">
					<Description>The value of MSH.1 (Field Separator) SHALL be '|'.</Description>
					<Assertion>
						<PlainText Path="1[1]" Text="|" IgnoreCase="true"/>
					</Assertion>
				</Constraint>
				<Constraint ID="IZ-13" Target="2[1]">
					<Description>The value of MSH.2 (Encoding Characters) SHALL be '^~\&amp;'.</Description>
					<Assertion>
						<PlainText Path="2[1]" Text="^~\&amp;" IgnoreCase="true"/>
					</Assertion>
				</Constraint>
				<Constraint ID="IZ-TS_Z" Target="7[1]">
					<Description>The value of MSH.7.1 (Time) SHALL be formatted with YYYYMMDD+-ZZZZ.</Description>
					<Assertion>
						<Format Path="7[1].1[1]" Regex="([0-9]{4})((0[1-9])|(1[0-2]))((0[1-9])|([1-2][0-9])|(3[0-1])).*((\+|\-)[0-9]{4})"/>
					</Assertion>
				</Constraint>
				<Constraint ID="IZ-17" Target="9[1]">
					<Description>The value of MSH.9 (Message Type) SHALL be 'VXU^V04^VXU_V04'.</Description>
					<Assertion>
						<AND>
							<PlainText Path="9[1].1[1]" Text="VXU" IgnoreCase="true"/>
							<AND>
								<PlainText Path="9[1].2[1]" Text="V04" IgnoreCase="true"/>
								<PlainText Path="9[1].3[1]" Text="VXU_V04" IgnoreCase="true"/>
							</AND>
						</AND>
					</Assertion>
				</Constraint>
				<Constraint ID="IZ-15" Target="12[1]">
					<Description>The value of MSH.12.1 (Version ID) SHALL be '2.5.1'.</Description>
					<Assertion>
						<PlainText Path="12[1].1[1]" Text="2.5.1" IgnoreCase="true"/>
					</Assertion>
				</Constraint>
				<Constraint ID="IZ-42" Target="15[1]">
					<Description>The value of MSH.15 (Accept Acknowledgment Type) SHALL be 'ER'.</Description>
					<Assertion>
						<PlainText Path="15[1]" Text="ER" IgnoreCase="true"/>
					</Assertion>
				</Constraint>
				<Constraint ID="IZ-16" Target="16[1]">
					<Description>The value of MSH.16 (Application Acknowledgment Type) SHALL be 'AL'.</Description>
					<Assertion>
						<PlainText Path="16[1]" Text="AL" IgnoreCase="true"/>
					</Assertion>
				</Constraint>
				<Constraint ID="IZ-43" Target="21[1]">
					<Description>The value of MSH.21[1] (Message Profile Identifier) SHALL be 'Z22^CDCPHINVS'.</Description>
					<Assertion>
						<AND>
							<PlainText Path="21[1].1[1]" Text="Z22" IgnoreCase="true"/>
							<PlainText Path="21[1].2[1]" Text="CDCPHINVS" IgnoreCase="true"/>
						</AND>
					</Assertion>
				</Constraint>
			</ByID>
			<ByID ID="PID_IZ 1_5">
				<Constraint ID="IZ-46" Target="1[1]">
					<Description>The value of PID.1 (Set ID - PID) SHALL be '1'.</Description>
					<Assertion>
						<PlainText Path="1[1]" Text="1" IgnoreCase="true"/>
					</Assertion>
				</Constraint>
				<Constraint ID="IZ-XX" Target="5[1]">
					<Description>The value of PID.13[1].2 (Telecommunication Use Code) SHALL be 'PRN'.</Description>
					<Assertion>
						<PlainText Path="13[1].2[1]" Text="PRN" IgnoreCase="true"/>
					</Assertion>
				</Constraint>
				<Constraint ID="IZ-TS_NZ" Target="7[1]">
					<Description>The value of PID.7.1 (Time) SHALL be formatted with YYYYMMDD.</Description>
					<Assertion>
						<Format Path="7[1].1[1]" Regex="((([0-9]{4})((0[1-9])|(1[0-2]))((0[1-9])|([1-2][0-9])|(3[0-1])))|(([0-9]{4})((0[1-9])|(1[0-2]))((0[1-9])|([1-2][0-9])|(3[0-1]))(([0-1][0-9])|(2[0-3])))|(([0-9]{4})((0[1-9])|(1[0-2]))((0[1-9])|([1-2][0-9])|(3[0-1]))(([0-1][0-9])|(2[0-3]))([0-5][0-9]))|(([0-9]{4})((0[1-9])|(1[0-2]))((0[1-9])|([1-2][0-9])|(3[0-1]))(([0-1][0-9])|(2[0-3]))([0-5][0-9])([0-5][0-9]))|(([0-9]{4})((0[1-9])|(1[0-2]))((0[1-9])|([1-2][0-9])|(3[0-1]))(([0-1][0-9])|(2[0-3]))([0-5][0-9])([0-5][0-9])\.[0-9][0-9][0-9][0-9]))"/>
					</Assertion>
				</Constraint>
			</ByID>
			<ByID ID="PD1_IZ 1_5">
				<Constraint ID="IZ-XX" Target="17[1]">
					<Description>The value of PD1.17 (Immunization Registry Status Effective Date) SHALL be formatted with YYYYMMDD.</Description>
					<Assertion>
						<Format Path="17[1]" Regex="((([0-9]{4})((0[1-9])|(1[0-2]))((0[1-9])|([1-2][0-9])|(3[0-1])))|(([0-9]{4})((0[1-9])|(1[0-2]))((0[1-9])|([1-2][0-9])|(3[0-1]))(([0-1][0-9])|(2[0-3])))|(([0-9]{4})((0[1-9])|(1[0-2]))((0[1-9])|([1-2][0-9])|(3[0-1]))(([0-1][0-9])|(2[0-3]))([0-5][0-9]))|(([0-9]{4})((0[1-9])|(1[0-2]))((0[1-9])|([1-2][0-9])|(3[0-1]))(([0-1][0-9])|(2[0-3]))([0-5][0-9])([0-5][0-9]))|(([0-9]{4})((0[1-9])|(1[0-2]))((0[1-9])|([1-2][0-9])|(3[0-1]))(([0-1][0-9])|(2[0-3]))([0-5][0-9])([0-5][0-9])\.[0-9][0-9][0-9][0-9]))"/>
					</Assertion>
				</Constraint>
				<Constraint ID="IZ-XX" Target="18[1]">
					<Description>The value of PD1.18 (Publicity Code Effective Date) SHALL be formatted with YYYYMMDD.</Description>
					<Assertion>
						<Format Path="18[1]" Regex="((([0-9]{4})((0[1-9])|(1[0-2]))((0[1-9])|([1-2][0-9])|(3[0-1])))|(([0-9]{4})((0[1-9])|(1[0-2]))((0[1-9])|([1-2][0-9])|(3[0-1]))(([0-1][0-9])|(2[0-3])))|(([0-9]{4})((0[1-9])|(1[0-2]))((0[1-9])|([1-2][0-9])|(3[0-1]))(([0-1][0-9])|(2[0-3]))([0-5][0-9]))|(([0-9]{4})((0[1-9])|(1[0-2]))((0[1-9])|([1-2][0-9])|(3[0-1]))(([0-1][0-9])|(2[0-3]))([0-5][0-9])([0-5][0-9]))|(([0-9]{4})((0[1-9])|(1[0-2]))((0[1-9])|([1-2][0-9])|(3[0-1]))(([0-1][0-9])|(2[0-3]))([0-5][0-9])([0-5][0-9])\.[0-9][0-9][0-9][0-9]))"/>
					</Assertion>
				</Constraint>
			</ByID>
			<ByID ID="NK1_IZ 1_5">
				<Constraint ID="IZ-XX" Target="2[1]">
					<Description>The value of NK1.2[1].7 (Name Type Code) SHALL be 'L'.</Description>
					<Assertion>
						<PlainText Path="2[1].7[1]" Text="L" IgnoreCase="true"/>
					</Assertion>
				</Constraint>
				<Constraint ID="IZ-XX" Target="5[1]">
					<Description>The value of NK1.5[1].2 (Telecommunication Use Code) SHALL be 'PRN'.</Description>
					<Assertion>
						<PlainText Path="5[1].2[1]" Text="PRN" IgnoreCase="true"/>
					</Assertion>
				</Constraint>
			</ByID>
			<ByID ID="IN1_IZ 1_5">
				<Constraint ID="IZ-TS_NZ" Target="29[1]">
					<Description>The value of IN1.29.1 (Time) SHALL be formatted with YYYYMMDD.</Description>
					<Assertion>
						<Format Path="29[1].1[1]" Regex="((([0-9]{4})((0[1-9])|(1[0-2]))((0[1-9])|([1-2][0-9])|(3[0-1])))|(([0-9]{4})((0[1-9])|(1[0-2]))((0[1-9])|([1-2][0-9])|(3[0-1]))(([0-1][0-9])|(2[0-3])))|(([0-9]{4})((0[1-9])|(1[0-2]))((0[1-9])|([1-2][0-9])|(3[0-1]))(([0-1][0-9])|(2[0-3]))([0-5][0-9]))|(([0-9]{4})((0[1-9])|(1[0-2]))((0[1-9])|([1-2][0-9])|(3[0-1]))(([0-1][0-9])|(2[0-3]))([0-5][0-9])([0-5][0-9]))|(([0-9]{4})((0[1-9])|(1[0-2]))((0[1-9])|([1-2][0-9])|(3[0-1]))(([0-1][0-9])|(2[0-3]))([0-5][0-9])([0-5][0-9])\.[0-9][0-9][0-9][0-9]))"/>
					</Assertion>
				</Constraint>
			</ByID>
			<ByID ID="ORC_IZ 1_5">
				<Constraint ID="IZ-25" Target="1[1]">
					<Description>The value of ORC.1 (Order Control) SHALL be 'RE'.</Description>
					<Assertion>
						<PlainText Path="1[1]" Text="RE" IgnoreCase="true"/>
					</Assertion>
				</Constraint>
			</ByID>
			<ByID ID="RXA_IZ 1_5">
				<Constraint ID="IZ-28" Target="1[1]">
					<Description>The value of RXA.1 (Give Sub-ID Counter) SHALL be '0'.</Description>
					<Assertion>
						<PlainText Path="1[1]" Text="0" IgnoreCase="true"/>
					</Assertion>
				</Constraint>
				<Constraint ID=" IZ-29" Target="2[1]">
					<Description>The value of RXA.2 (Administration Sub-ID Counter) SHALL be '1'.</Description>
					<Assertion>
						<PlainText Path="2[1]" Text="1" IgnoreCase="true"/>
					</Assertion>
				</Constraint>
				<Constraint ID="IZ-TS_NZ" Target="3[1]">
					<Description>The value of RXA.3.1 (Time) SHALL be formatted with YYYYMMDD.</Description>
					<Assertion>
						<Format Path="3[1].1[1]" Regex="((([0-9]{4})((0[1-9])|(1[0-2]))((0[1-9])|([1-2][0-9])|(3[0-1])))|(([0-9]{4})((0[1-9])|(1[0-2]))((0[1-9])|([1-2][0-9])|(3[0-1]))(([0-1][0-9])|(2[0-3])))|(([0-9]{4})((0[1-9])|(1[0-2]))((0[1-9])|([1-2][0-9])|(3[0-1]))(([0-1][0-9])|(2[0-3]))([0-5][0-9]))|(([0-9]{4})((0[1-9])|(1[0-2]))((0[1-9])|([1-2][0-9])|(3[0-1]))(([0-1][0-9])|(2[0-3]))([0-5][0-9])([0-5][0-9]))|(([0-9]{4})((0[1-9])|(1[0-2]))((0[1-9])|([1-2][0-9])|(3[0-1]))(([0-1][0-9])|(2[0-3]))([0-5][0-9])([0-5][0-9])\.[0-9][0-9][0-9][0-9]))"/>
					</Assertion>
				</Constraint>
				<Constraint ID="IZ-30" Target="4[1]">
					<Description>If RXA.4.1 (Time) is valued, then RXA.4.1 (Time) SHALL be identical to the RXA.3.1 (Time).</Description>
					<Assertion>
						<OR>
							<NOT>
								<Presence Path="4[1].1[1]"/>
							</NOT>
							<PathValue Path1="4[1].1[1]" Operator="EQ" Path2="3[1].1[1]"/>
						</OR>
					</Assertion>
				</Constraint>
				<Constraint ID="IZ-49" Target="6[1]">
					<Description>If the value of RXA.5.1 (Identifier) is '998', then the value of RXA.6 (Administered Amount) SHALL be '999'.</Description>
					<Assertion>
						<OR>
							<NOT>
								<PlainText Path="5[1].1[1]" Text="998" IgnoreCase="true"/>
							</NOT>
							<PlainText Path="6[1]" Text="999" IgnoreCase="true"/>
						</OR>
					</Assertion>
				</Constraint>
				<Constraint ID="IZ-48" Target="6[1]">
					<Description>If RXA.20 (Completion Status) is valued and the value of RXA.20 (Completion Status) is 'RE' then the value of RXA.6 (Administered Amount) SHALL be '999'.</Description>
					<Assertion>
						<OR>
							<NOT>
								<AND>
									<Presence Path="20[1]"/>
									<PlainText Path="20[1]" Text="RE" IgnoreCase="true"/>
								</AND>
							</NOT>
							<PlainText Path="6[1]" Text="999" IgnoreCase="true"/>
						</OR>
					</Assertion>
				</Constraint>
				<Constraint ID="IZ-50" Target="6[1]">
					<Description>If RXA.9[1].1 (Identifier) is not valued or the value of RXA.9[1].1 (Identifier) is not '00' then the value of RXA.6 (Administered Amount) SHALL be '999'.</Description>
					<Assertion>
						<OR>
							<NOT>
								<OR>
									<NOT>
										<Presence Path="9[1].1[1]"/>
									</NOT>
									<NOT>
										<PlainText Path="9[1].1[1]" Text="00" IgnoreCase="true"/>
									</NOT>
								</OR>
							</NOT>
							<PlainText Path="6[1]" Text="999" IgnoreCase="true"/>
						</OR>
					</Assertion>
				</Constraint>
				<Constraint ID="IZ-31" Target="9[1]">
					<Description>If the value of RXA.20 (Completion Status) is one of List Values: 'CP','PA', then the value of RXA.9[1].1 (Identifier) SHALL be one of codes listed in the Value Set: NIP001.</Description>
					<Assertion>
						<OR>
							<NOT>
								<StringList Path="20[1]" CSV="CP,PA"/>
							</NOT>
							<StringList Path="9[1].1[1]" CSV="00,01,02,03,04,05,06,07,08"/>
						</OR>
					</Assertion>
				</Constraint>
				<Constraint ID="IZ-47" Target="9[1]">
					<Description>If the value of RXA.20 (Completion Status) is not one of List Values: 'CP','PA', then RXA.9[1].1 (Identifier) SHALL NOT be valued.</Description>
					<Assertion>
						<OR>
							<NOT>
								<NOT>
									<StringList Path="20[1]" CSV="CP,PA"/>
								</NOT>
							</NOT>
							<NOT>
								<Presence Path="9[1].1[1]"/>
							</NOT>
						</OR>
					</Assertion>
				</Constraint>
				<Constraint ID="IZ-32" Target="20[1]">
					<Description>If RXA.18[1].1 (Identifier) is valued then the value of RXA.20 (Completion Status) SHALL be 'RE' and RXA.20 (Completion Status) SHALL be valued.</Description>
					<Assertion>
						<OR>
							<NOT>
								<Presence Path="18[1].1[1]"/>
							</NOT>
							<AND>
								<PlainText Path="20[1]" Text="RE" IgnoreCase="true"/>
								<Presence Path="20[1]"/>
							</AND>
						</OR>
					</Assertion>
				</Constraint>
			</ByID>
			<ByID ID="OBX_IZ 1_5">
				<Constraint ID="IZ-21" Target="2[1]">
					<Description>The value of OBX.2 (Value Type) SHALL be one of List Values: 'CE','NM','ST','DT','ID','TS'.</Description>
					<Assertion>
						<StringList Path="2[1]" CSV="CE,NM,ST,DT,ID,TS"/>
					</Assertion>
				</Constraint>
				<Constraint ID="IZ-35" Target="5[1]">
					<Description>If The value of OBX.3.1 (Identifier) is '64994-7' and the value of OBX.2 (Value Type) is 'CE' then the value of OBX.5.1 (Observation Value) SHALL be one of codes listed in the Value Set: HL70064_IZ.</Description>
					<Assertion>
						<OR>
							<NOT>
								<AND>
									<PlainText Path="3[1].1[1]" Text="64994-7" IgnoreCase="true"/>
									<PlainText Path="2[1]" Text="CE" IgnoreCase="true"/>
								</AND>
							</NOT>
							<StringList Path="5[1].1[1]" CSV="V01,V02,V03,V04,V05,V06,V07,V08"/>
						</OR>
					</Assertion>
				</Constraint>
				<Constraint ID="IZ-37" Target="5[1]">
					<Description>If The value of OBX.3.1 (Identifier) is '30956-7' and the value of OBX.2 (Value Type) is 'CE' then the value of OBX.5.1 (Observation Value) SHALL be one of codes listed in the Value Set: PHVS_VISVaccines_IIS.</Description>
					<Assertion>
						<OR>
							<NOT>
								<AND>
									<PlainText Path="3[1].1[1]" Text="30956-7" IgnoreCase="true"/>
									<PlainText Path="2[1]" Text="CE" IgnoreCase="true"/>
								</AND>
							</NOT>
							<StringList Path="5[1].1[1]" CSV="106,146,110,50,120,130,52,83,104,08,42,43,44,49,48,51,118,62,135,111,141,140,144,10,148,136,114,32,03,94,133,100,119,116,138,113,09,115,21"/>
						</OR>
					</Assertion>
				</Constraint>
				<Constraint ID="IZ-36" Target="5[1]">
					<Description>If The value of OBX.3.1 (Identifier) is '69764-9' and the value of OBX.2 (Value Type) is 'CE' then the value of OBX.5.1 (Observation Value) SHALL be one of codes listed in the Value Set: PHVS_VISBarcodes_IIS.</Description>
					<Assertion>
						<OR>
							<NOT>
								<AND>
									<PlainText Path="3[1].1[1]" Text="69764-9" IgnoreCase="true"/>
									<PlainText Path="2[1]" Text="CE" IgnoreCase="true"/>
								</AND>
							</NOT>
							<StringList Path="5[1].1[1]" CSV="253088698300001111110714,253088698300002811100310,253088698300004211111025,253088698300005911120202,253088698300006611981216,253088698300007311110503,253088698300008011120222,253088698300009711120702,253088698300010311120702,253088698300011011111207,253088698300012711120420,253088698300013411100521,253088698300014111111014,253088698300015811100416,253088698300016511091006,253088698300017211111108,253088698300018911091006,253088698300020211091006,253088698300022611120124,253088698300023311120529"/>
						</OR>
					</Assertion>
				</Constraint>
				<Constraint ID="IZ-22" Target="11[1]">
					<Description>The value of OBX.11 (Observation Result Status) SHALL be 'F'.</Description>
					<Assertion>
						<PlainText Path="11[1]" Text="F" IgnoreCase="true"/>
					</Assertion>
				</Constraint>
				<Constraint ID="IZ-TS_NZ" Target="14[1]">
					<Description>The value of OBX.14.1 (Time) SHALL be formatted with YYYYMMDD.</Description>
					<Assertion>
						<Format Path="14[1].1[1]" Regex="((([0-9]{4})((0[1-9])|(1[0-2]))((0[1-9])|([1-2][0-9])|(3[0-1])))|(([0-9]{4})((0[1-9])|(1[0-2]))((0[1-9])|([1-2][0-9])|(3[0-1]))(([0-1][0-9])|(2[0-3])))|(([0-9]{4})((0[1-9])|(1[0-2]))((0[1-9])|([1-2][0-9])|(3[0-1]))(([0-1][0-9])|(2[0-3]))([0-5][0-9]))|(([0-9]{4})((0[1-9])|(1[0-2]))((0[1-9])|([1-2][0-9])|(3[0-1]))(([0-1][0-9])|(2[0-3]))([0-5][0-9])([0-5][0-9]))|(([0-9]{4})((0[1-9])|(1[0-2]))((0[1-9])|([1-2][0-9])|(3[0-1]))(([0-1][0-9])|(2[0-3]))([0-5][0-9])([0-5][0-9])\.[0-9][0-9][0-9][0-9]))"/>
					</Assertion>
				</Constraint>
			</ByID>
		</Segment>
		<Group>
			<ByName Name="VXU_V04.ORDER">
				<Constraint ID="IZ-45" Target="1[1]">
					<Description> If RXA.20 is valued “NA” or “RE” then ORC.3.1 SHALL be valued “9999”.</Description>
					<Assertion>
						<OR>
							<NOT>
								<AND>
									<Presence Path="3[1].20[1]"/>
									<StringList Path="3[1].20[1]" CSV="NA,RE"/>
								</AND>
							</NOT>
							<PlainText Path="1[1].3[1].1[1]" Text="9999" IgnoreCase="true"/>
						</OR>
					</Assertion>
				</Constraint>
			</ByName>
		</Group>
	</Constraints>
</ConformanceContext>
