<?xml version="1.0" encoding="UTF-8"?>

<TableLibrary xsi:noNamespaceSchemaLocation="../ValueSets.xsd"  xmlns:xsi="http://www.w3.org/2001/XMLSchema-instance" Description="Automatically generated vacab for RSP_K11" Name="Vocab for RSP_K11" OrganizationName="HL7 NIST" Status="Active" TableLibraryIdentifier="" TableLibraryVersion="1.0">
  <TableDefinition AlternateId="0519" Codesys="" Id="0519" Name="Override reason" Oid="" Type="HL7" Version="">
    <TableElement Code="..." Codesys="0519" DisplayName="No suggested values" Source="Local"/>
  </TableDefinition>
  <TableDefinition AlternateId="0211" Codesys="" Id="0211" Name="Alternate character sets" Oid="" Type="HL7" Version="">
    <TableElement Code="8859/1" Codesys="0211" DisplayName="The printable characters from the ISO 8859/1 Character set" Source="Local"/>
    <TableElement Code="8859/2" Codesys="0211" DisplayName="The printable characters from the ISO 8859/2 Character set" Source="Local"/>
    <TableElement Code="8859/3" Codesys="0211" DisplayName="The printable characters from the ISO 8859/3 Character set" Source="Local"/>
    <TableElement Code="8859/4" Codesys="0211" DisplayName="The printable characters from the ISO 8859/4 Character set" Source="Local"/>
    <TableElement Code="8859/5" Codesys="0211" DisplayName="The printable characters from the ISO 8859/5 Character set" Source="Local"/>
    <TableElement Code="8859/6" Codesys="0211" DisplayName="The printable characters from the ISO 8859/6 Character set" Source="Local"/>
    <TableElement Code="8859/7" Codesys="0211" DisplayName="The printable characters from the ISO 8859/7 Character set" Source="Local"/>
    <TableElement Code="8859/8" Codesys="0211" DisplayName="The printable characters from the ISO 8859/8 Character set" Source="Local"/>
    <TableElement Code="8859/9" Codesys="0211" DisplayName="The printable characters from the ISO 8859/9 Character set" Source="Local"/>
    <TableElement Code="ASCII" Codesys="0211" DisplayName="The printable 7-bit ASCII character set." Source="Local"/>
    <TableElement Code="BIG-5" Codesys="0211" DisplayName="Code for Taiwanese Character Set (BIG-5)" Source="Local"/>
    <TableElement Code="CNS 11643-1992" Codesys="0211" DisplayName="Code for Taiwanese Character Set (CNS 11643-1992)" Source="Local"/>
    <TableElement Code="GB 18030-2000" Codesys="0211" DisplayName="Code for Chinese Character Set (GB 18030-2000)" Source="Local"/>
    <TableElement Code="ISO IR14" Codesys="0211" DisplayName="Code for Information Exchange (one byte)(JIS X 0201-1976)." Source="Local"/>
    <TableElement Code="ISO IR159" Codesys="0211" DisplayName="Code of the supplementary Japanese Graphic Character set for information interchange (JIS X 0212-1990)." Source="Local"/>
    <TableElement Code="ISO IR87" Codesys="0211" DisplayName="Code for the Japanese Graphic Character set for information interchange (JIS X 0208-1990)," Source="Local"/>
    <TableElement Code="KS X 1001" Codesys="0211" DisplayName="Code for Korean Character Set (KS X 1001)" Source="Local"/>
    <TableElement Code="UNICODE" Codesys="0211" DisplayName="The world wide character standard from ISO/IEC 10646-1-1993" Source="Local"/>
    <TableElement Code="UNICODE UTF-16" Codesys="0211" DisplayName="UCS Transformation Format, 16-bit form" Source="Local"/>
    <TableElement Code="UNICODE UTF-32" Codesys="0211" DisplayName="UCS Transformation Format, 32-bit form" Source="Local"/>
    <TableElement Code="UNICODE UTF-8" Codesys="0211" DisplayName="UCS Transformation Format, 8-bit form" Source="Local"/>
  </TableDefinition>
  <TableDefinition AlternateId="0518" Codesys="" Id="0518" Name="Override type" Oid="" Type="HL7" Version="">
    <TableElement Code="EQV" Codesys="0518" DisplayName="Equivalence Override" Source="Local"/>
    <TableElement Code="EXTN" Codesys="0518" DisplayName="Extension Override" Source="Local"/>
    <TableElement Code="INLV" Codesys="0518" DisplayName="Interval Override" Source="Local"/>
  </TableDefinition>
  <TableDefinition AlternateId="0517" Codesys="" Id="0517" Name="Inform person code" Oid="" Type="HL7" Version="">
    <TableElement Code="HD" Codesys="0517" DisplayName="Inform help desk" Source="Local"/>
    <TableElement Code="NPAT" Codesys="0517" DisplayName="Do NOT inform patient" Source="Local"/>
    <TableElement Code="PAT" Codesys="0517" DisplayName="Inform patient" Source="Local"/>
    <TableElement Code="USR" Codesys="0517" DisplayName="Inform User" Source="Local"/>
  </TableDefinition>
  <TableDefinition AlternateId="0357" Codesys="" Id="0357" Name="Message error condition codes" Oid="" Type="HL7" Version="">
    <TableElement Code="0" Codesys="0357" DisplayName="Message accepted" Source="Local"/>
    <TableElement Code="100" Codesys="0357" DisplayName="Segment sequence error" Source="Local"/>
    <TableElement Code="101" Codesys="0357" DisplayName="Required field missing" Source="Local"/>
    <TableElement Code="102" Codesys="0357" DisplayName="Data type error" Source="Local"/>
    <TableElement Code="103" Codesys="0357" DisplayName="Table value not found" Source="Local"/>
    <TableElement Code="200" Codesys="0357" DisplayName="Unsupported message type" Source="Local"/>
    <TableElement Code="201" Codesys="0357" DisplayName="Unsupported event code" Source="Local"/>
    <TableElement Code="202" Codesys="0357" DisplayName="Unsupported processing id" Source="Local"/>
    <TableElement Code="203" Codesys="0357" DisplayName="Unsupported version id" Source="Local"/>
    <TableElement Code="204" Codesys="0357" DisplayName="Unknown key identifier" Source="Local"/>
    <TableElement Code="205" Codesys="0357" DisplayName="Duplicate key identifier" Source="Local"/>
    <TableElement Code="206" Codesys="0357" DisplayName="Application record locked" Source="Local"/>
    <TableElement Code="207" Codesys="0357" DisplayName="Application internal error" Source="Local"/>
  </TableDefinition>
  <TableDefinition AlternateId="0356" Codesys="" Id="0356" Name="Alternate character set handling scheme" Oid="" Type="HL7" Version="">
    <TableElement Code="&lt;null&gt;" Codesys="0356" DisplayName="This is the default, indicating that there is no character set switching occurring in this message." Source="Local"/>
    <TableElement Code="2.3" Codesys="0356" DisplayName="The character set switching mode specified in HL7 2.5, section 2.7.2, 창??Escape sequences supporting multiple character sets창?? and section 2.A.46, &quot;XPN - extended person name&quot;." Source="Local"/>
    <TableElement Code="ISO 2022-1994" Codesys="0356" DisplayName="This standard is titled &quot;Information Technology - Character Code Structure and Extension Technique&quot;. ." Source="Local"/>
  </TableDefinition>
  <TableDefinition AlternateId="0363" Codesys="" Id="0363" Name="Assigning authority" Oid="" Type="HL7" Version="">
    <TableElement Code="..." Codesys="0363" DisplayName="No suggested values" Source="Local"/>
  </TableDefinition>
  <TableDefinition AlternateId="0360" Codesys="" Id="0360" Name="Degree/license/certificate" Oid="" Type="HL7" Version="">
    <TableElement Code="AA" Codesys="0360" DisplayName="Associate of Arts" Source="Local"/>
    <TableElement Code="AAS" Codesys="0360" DisplayName="Associate of Applied Science" Source="Local"/>
    <TableElement Code="ABA" Codesys="0360" DisplayName="Associate of Business Administration" Source="Local"/>
    <TableElement Code="AE" Codesys="0360" DisplayName="Associate of Engineering" Source="Local"/>
    <TableElement Code="AS" Codesys="0360" DisplayName="Associate of Science" Source="Local"/>
    <TableElement Code="BA" Codesys="0360" DisplayName="Bachelor of Arts" Source="Local"/>
    <TableElement Code="BBA" Codesys="0360" DisplayName="Bachelor of Business Administration" Source="Local"/>
    <TableElement Code="BE" Codesys="0360" DisplayName="Bachelor or Engineering" Source="Local"/>
    <TableElement Code="BFA" Codesys="0360" DisplayName="Bachelor of Fine Arts" Source="Local"/>
    <TableElement Code="BN" Codesys="0360" DisplayName="Bachelor of Nursing" Source="Local"/>
    <TableElement Code="BS" Codesys="0360" DisplayName="Bachelor of Science" Source="Local"/>
    <TableElement Code="BSL" Codesys="0360" DisplayName="Bachelor of Science - Law" Source="Local"/>
    <TableElement Code="BSN" Codesys="0360" DisplayName="Bachelor on Science - Nursing" Source="Local"/>
    <TableElement Code="BT" Codesys="0360" DisplayName="Bachelor of Theology" Source="Local"/>
    <TableElement Code="CANP" Codesys="0360" DisplayName="Certified Adult Nurse Practitioner" Source="Local"/>
    <TableElement Code="CER" Codesys="0360" DisplayName="Certificate" Source="Local"/>
    <TableElement Code="CMA" Codesys="0360" DisplayName="Certified Medical Assistant" Source="Local"/>
    <TableElement Code="CNM" Codesys="0360" DisplayName="Certified Nurse Midwife" Source="Local"/>
    <TableElement Code="CNP" Codesys="0360" DisplayName="Certified Nurse Practitioner" Source="Local"/>
    <TableElement Code="CNS" Codesys="0360" DisplayName="Certified Nurse Specialist" Source="Local"/>
    <TableElement Code="CPNP" Codesys="0360" DisplayName="Certified Pediatric Nurse Practitioner" Source="Local"/>
    <TableElement Code="CRN" Codesys="0360" DisplayName="Certified Registered Nurse" Source="Local"/>
    <TableElement Code="DBA" Codesys="0360" DisplayName="Doctor of Business Administration" Source="Local"/>
    <TableElement Code="DED" Codesys="0360" DisplayName="Doctor of Education" Source="Local"/>
    <TableElement Code="DIP" Codesys="0360" DisplayName="Diploma" Source="Local"/>
    <TableElement Code="DO" Codesys="0360" DisplayName="Doctor of Osteopathy" Source="Local"/>
    <TableElement Code="EMT" Codesys="0360" DisplayName="Emergency Medical Technician" Source="Local"/>
    <TableElement Code="EMTP" Codesys="0360" DisplayName="Emergency Medical Technician - Paramedic" Source="Local"/>
    <TableElement Code="FPNP" Codesys="0360" DisplayName="Family Practice Nurse Practitioner" Source="Local"/>
    <TableElement Code="HS" Codesys="0360" DisplayName="High School Graduate" Source="Local"/>
    <TableElement Code="JD" Codesys="0360" DisplayName="Juris Doctor" Source="Local"/>
    <TableElement Code="MA" Codesys="0360" DisplayName="Master of Arts" Source="Local"/>
    <TableElement Code="MBA" Codesys="0360" DisplayName="Master of Business Administration" Source="Local"/>
    <TableElement Code="MCE" Codesys="0360" DisplayName="Master of Civil Engineering" Source="Local"/>
    <TableElement Code="MD" Codesys="0360" DisplayName="Doctor of Medicine" Source="Local"/>
    <TableElement Code="MDA" Codesys="0360" DisplayName="Medical Assistant" Source="Local"/>
    <TableElement Code="MDI" Codesys="0360" DisplayName="Master of Divinity" Source="Local"/>
    <TableElement Code="ME" Codesys="0360" DisplayName="Master of Engineering" Source="Local"/>
    <TableElement Code="MED" Codesys="0360" DisplayName="Master of Education" Source="Local"/>
    <TableElement Code="MEE" Codesys="0360" DisplayName="Master of Electrical Engineering" Source="Local"/>
    <TableElement Code="MFA" Codesys="0360" DisplayName="Master of Fine Arts" Source="Local"/>
    <TableElement Code="MME" Codesys="0360" DisplayName="Master of Mechanical Engineering" Source="Local"/>
    <TableElement Code="MS" Codesys="0360" DisplayName="Master of Science" Source="Local"/>
    <TableElement Code="MSL" Codesys="0360" DisplayName="Master of Science - Law" Source="Local"/>
    <TableElement Code="MSN" Codesys="0360" DisplayName="Master of Science - Nursing" Source="Local"/>
    <TableElement Code="MT" Codesys="0360" DisplayName="Master of Theology" Source="Local"/>
    <TableElement Code="NG" Codesys="0360" DisplayName="Non-Graduate" Source="Local"/>
    <TableElement Code="NP" Codesys="0360" DisplayName="Nurse Practitioner" Source="Local"/>
    <TableElement Code="PA" Codesys="0360" DisplayName="Physician Assistant" Source="Local"/>
    <TableElement Code="PharmD" Codesys="0360" DisplayName="Doctor of Pharmacy" Source="Local"/>
    <TableElement Code="PHD" Codesys="0360" DisplayName="Doctor of Philosophy" Source="Local"/>
    <TableElement Code="PHE" Codesys="0360" DisplayName="Doctor of Engineering" Source="Local"/>
    <TableElement Code="PHS" Codesys="0360" DisplayName="Doctor of Science" Source="Local"/>
    <TableElement Code="PN" Codesys="0360" DisplayName="Advanced Practice Nurse" Source="Local"/>
    <TableElement Code="RMA" Codesys="0360" DisplayName="Registered Medical Assistant" Source="Local"/>
    <TableElement Code="RPH" Codesys="0360" DisplayName="Registered Pharmacist" Source="Local"/>
    <TableElement Code="SEC" Codesys="0360" DisplayName="Secretarial Certificate" Source="Local"/>
    <TableElement Code="TS" Codesys="0360" DisplayName="Trade School Graduate" Source="Local"/>
  </TableDefinition>
  <TableDefinition AlternateId="0061" Codesys="" Id="0061" Name="Check digit scheme" Oid="" Type="HL7" Version="">
    <TableElement Code="ISO" Codesys="0061" DisplayName="ISO 7064: 1983" Source="Local"/>
    <TableElement Code="M10" Codesys="0061" DisplayName="Mod 10 algorithm" Source="Local"/>
    <TableElement Code="M11" Codesys="0061" DisplayName="Mod 11 algorithm" Source="Local"/>
    <TableElement Code="NPI" Codesys="0061" DisplayName="Check digit algorithm in the US National Provider Identifier" Source="Local"/>
  </TableDefinition>
  <TableDefinition AlternateId="0289" Codesys="" Id="0289" Name="County/parish" Oid="" Type="HL7" Version="">
    <TableElement Code="..." Codesys="0289" DisplayName="No suggested values defined" Source="Local"/>
  </TableDefinition>
  <TableDefinition AlternateId="0288" Codesys="" Id="0288" Name="Census tract" Oid="" Type="HL7" Version="">
    <TableElement Code="..." Codesys="0288" DisplayName="No suggested values defined" Source="Local"/>
  </TableDefinition>
  <TableDefinition AlternateId="0201" Codesys="" Id="0201" Name="Telecommunication use code" Oid="" Type="HL7" Version="">
    <TableElement Code="ASN" Codesys="0201" DisplayName="Answering Service Number" Source="Local"/>
    <TableElement Code="BPN" Codesys="0201" DisplayName="Beeper Number" Source="Local"/>
    <TableElement Code="EMR" Codesys="0201" DisplayName="Emergency Number" Source="Local"/>
    <TableElement Code="NET" Codesys="0201" DisplayName="Network (email) Address" Source="Local"/>
    <TableElement Code="ORN" Codesys="0201" DisplayName="Other Residence Number" Source="Local"/>
    <TableElement Code="PRN" Codesys="0201" DisplayName="Primary Residence Number" Source="Local"/>
    <TableElement Code="VHN" Codesys="0201" DisplayName="Vacation Home Number" Source="Local"/>
    <TableElement Code="WPN" Codesys="0201" DisplayName="Work Number" Source="Local"/>
  </TableDefinition>
  <TableDefinition AlternateId="0301" Codesys="" Id="0301" Name="Universal ID type" Oid="" Type="HL7" Version="">
    <TableElement Code="DNS" Codesys="0301" DisplayName="An Internet dotted name. Either in ASCII or as integers" Source="Local"/>
    <TableElement Code="GUID" Codesys="0301" DisplayName="Same as UUID." Source="Local"/>
    <TableElement Code="HCD" Codesys="0301" DisplayName="The CEN Healthcare Coding Scheme Designator. (Identifiers used in DICOM follow this assignment scheme.)" Source="Local"/>
    <TableElement Code="HL7" Codesys="0301" DisplayName="Reserved for future HL7 registration schemes" Source="Local"/>
    <TableElement Code="ISO" Codesys="0301" DisplayName="An International Standards Organization Object Identifier" Source="Local"/>
    <TableElement Code="L,M,N" Codesys="0301" DisplayName="These are reserved for locally defined coding schemes." Source="Local"/>
    <TableElement Code="Random" Codesys="0301" DisplayName="Usually a base64 encoded string of random bits.&lt;p&gt;The uniqueness depends on the length of the bits. Mail systems often generate ASCII string 창??unique names,&quot; from a combination of random bits and system names. Obviously, such identifiers will not be cons" Source="Local"/>
    <TableElement Code="URI" Codesys="0301" DisplayName="Uniform Resource Identifier" Source="Local"/>
    <TableElement Code="UUID" Codesys="0301" DisplayName="The DCE Universal Unique Identifier" Source="Local"/>
    <TableElement Code="x400" Codesys="0301" DisplayName="An X.400 MHS format identifier" Source="Local"/>
    <TableElement Code="x500" Codesys="0301" DisplayName="An X.500 directory name" Source="Local"/>
  </TableDefinition>
  <TableDefinition AlternateId="0300" Codesys="" Id="0300" Name="Namespace ID" Oid="" Type="HL7" Version="">
    <TableElement Code="..." Codesys="0300" DisplayName="No suggested values defined" Source="Local"/>
  </TableDefinition>
  <TableDefinition AlternateId="0204" Codesys="" Id="0204" Name="Organizational name type" Oid="" Type="HL7" Version="">
    <TableElement Code="A" Codesys="0204" DisplayName="Alias name" Source="Local"/>
    <TableElement Code="D" Codesys="0204" DisplayName="Display name" Source="Local"/>
    <TableElement Code="L" Codesys="0204" DisplayName="Legal name" Source="Local"/>
    <TableElement Code="SL" Codesys="0204" DisplayName="Stock exchange listing name" Source="Local"/>
  </TableDefinition>
  <TableDefinition AlternateId="0203" Codesys="" Id="0203" Name="Identifier type" Oid="" Type="HL7" Version="">
    <TableElement Code="AM" Codesys="0203" DisplayName="American Express" Source="Local"/>
    <TableElement Code="AN" Codesys="0203" DisplayName="Account number" Source="Local"/>
    <TableElement Code="ANC" Codesys="0203" DisplayName="Account number Creditor" Source="Local"/>
    <TableElement Code="AND" Codesys="0203" DisplayName="Account number debitor" Source="Local"/>
    <TableElement Code="ANON" Codesys="0203" DisplayName="Anonymous identifier" Source="Local"/>
    <TableElement Code="ANT" Codesys="0203" DisplayName="Temporary Account Number" Source="Local"/>
    <TableElement Code="APRN" Codesys="0203" DisplayName="Advanced Practice Registered Nurse number" Source="Local"/>
    <TableElement Code="BA" Codesys="0203" DisplayName="Bank Account Number" Source="Local"/>
    <TableElement Code="BC" Codesys="0203" DisplayName="Bank Card Number" Source="Local"/>
    <TableElement Code="BR" Codesys="0203" DisplayName="Birth registry number" Source="Local"/>
    <TableElement Code="BRN" Codesys="0203" DisplayName="Breed Registry Number" Source="Local"/>
    <TableElement Code="CC" Codesys="0203" DisplayName="Cost Center number" Source="Local"/>
    <TableElement Code="CY" Codesys="0203" DisplayName="County number" Source="Local"/>
    <TableElement Code="DDS" Codesys="0203" DisplayName="Dentist license number" Source="Local"/>
    <TableElement Code="DEA" Codesys="0203" DisplayName="Drug Enforcement Administration registration number" Source="Local"/>
    <TableElement Code="DFN" Codesys="0203" DisplayName="Drug Furnishing or prescriptive authority Number" Source="Local"/>
    <TableElement Code="DI" Codesys="0203" DisplayName="Diner's Club card" Source="Local"/>
    <TableElement Code="DL" Codesys="0203" DisplayName="Driver's license number" Source="Local"/>
    <TableElement Code="DN" Codesys="0203" DisplayName="Doctor number" Source="Local"/>
    <TableElement Code="DO" Codesys="0203" DisplayName="Osteopathic License number" Source="Local"/>
    <TableElement Code="DPM" Codesys="0203" DisplayName="Podiatrist license number" Source="Local"/>
    <TableElement Code="DR" Codesys="0203" DisplayName="Donor Registration Number" Source="Local"/>
    <TableElement Code="DS" Codesys="0203" DisplayName="Discover Card" Source="Local"/>
    <TableElement Code="EI" Codesys="0203" DisplayName="Employee number" Source="Local"/>
    <TableElement Code="EN" Codesys="0203" DisplayName="Employer number" Source="Local"/>
    <TableElement Code="FI" Codesys="0203" DisplayName="Facility ID" Source="Local"/>
    <TableElement Code="GI" Codesys="0203" DisplayName="Guarantor internal identifier" Source="Local"/>
    <TableElement Code="GL" Codesys="0203" DisplayName="General ledger number" Source="Local"/>
    <TableElement Code="GN" Codesys="0203" DisplayName="Guarantor external  identifier" Source="Local"/>
    <TableElement Code="HC" Codesys="0203" DisplayName="Health Card Number" Source="Local"/>
    <TableElement Code="IND" Codesys="0203" DisplayName="Indigenous/Aboriginal" Source="Local"/>
    <TableElement Code="JHN" Codesys="0203" DisplayName="Jurisdictional health number (Canada)" Source="Local"/>
    <TableElement Code="LI" Codesys="0203" DisplayName="Labor and industries number" Source="Local"/>
    <TableElement Code="LN" Codesys="0203" DisplayName="License number" Source="Local"/>
    <TableElement Code="LR" Codesys="0203" DisplayName="Local Registry ID" Source="Local"/>
    <TableElement Code="MA" Codesys="0203" DisplayName="Patient Medicaid number" Source="Local"/>
    <TableElement Code="MB" Codesys="0203" DisplayName="Member Number" Source="Local"/>
    <TableElement Code="MC" Codesys="0203" DisplayName="Patient's Medicare number" Source="Local"/>
    <TableElement Code="MCD" Codesys="0203" DisplayName="Practitioner Medicaid number" Source="Local"/>
    <TableElement Code="MCN" Codesys="0203" DisplayName="Microchip Number" Source="Local"/>
    <TableElement Code="MCR" Codesys="0203" DisplayName="Practitioner Medicare number" Source="Local"/>
    <TableElement Code="MD" Codesys="0203" DisplayName="Medical License number" Source="Local"/>
    <TableElement Code="MI" Codesys="0203" DisplayName="Military ID number" Source="Local"/>
    <TableElement Code="MR" Codesys="0203" DisplayName="Medical record number" Source="Local"/>
    <TableElement Code="MRT" Codesys="0203" DisplayName="Temporary Medical Record Number" Source="Local"/>
    <TableElement Code="MS" Codesys="0203" DisplayName="MasterCard" Source="Local"/>
    <TableElement Code="NE" Codesys="0203" DisplayName="National employer identifier" Source="Local"/>
    <TableElement Code="NH" Codesys="0203" DisplayName="National Health Plan Identifier" Source="Local"/>
    <TableElement Code="NI" Codesys="0203" DisplayName="National unique individual identifier" Source="Local"/>
    <TableElement Code="NII" Codesys="0203" DisplayName="National Insurance Organization Identifier" Source="Local"/>
    <TableElement Code="NIIP" Codesys="0203" DisplayName="National Insurance Payor Identifier (Payor)" Source="Local"/>
    <TableElement Code="NNxxx" Codesys="0203" DisplayName="National Person Identifier where the xxx is the ISO table 3166 3-character (alphabetic) country code" Source="Local"/>
    <TableElement Code="NP" Codesys="0203" DisplayName="Nurse practitioner number" Source="Local"/>
    <TableElement Code="NPI" Codesys="0203" DisplayName="National provider identifier" Source="Local"/>
    <TableElement Code="OD" Codesys="0203" DisplayName="Optometrist license number" Source="Local"/>
    <TableElement Code="PA" Codesys="0203" DisplayName="Physician Assistant number" Source="Local"/>
    <TableElement Code="PCN" Codesys="0203" DisplayName="Penitentiary/correctional institution Number" Source="Local"/>
    <TableElement Code="PE" Codesys="0203" DisplayName="Living Subject Enterprise Number" Source="Local"/>
    <TableElement Code="PEN" Codesys="0203" DisplayName="Pension Number" Source="Local"/>
    <TableElement Code="PI" Codesys="0203" DisplayName="Patient internal identifier" Source="Local"/>
    <TableElement Code="PN" Codesys="0203" DisplayName="Person number" Source="Local"/>
    <TableElement Code="PNT" Codesys="0203" DisplayName="Temporary Living Subject Number" Source="Local"/>
    <TableElement Code="PPN" Codesys="0203" DisplayName="Passport number" Source="Local"/>
    <TableElement Code="PRC" Codesys="0203" DisplayName="Permanent Resident Card Number" Source="Local"/>
    <TableElement Code="PRN" Codesys="0203" DisplayName="Provider number" Source="Local"/>
    <TableElement Code="PT" Codesys="0203" DisplayName="Patient external identifier" Source="Local"/>
    <TableElement Code="QA" Codesys="0203" DisplayName="QA number" Source="Local"/>
    <TableElement Code="RI" Codesys="0203" DisplayName="Resource identifier" Source="Local"/>
    <TableElement Code="RN" Codesys="0203" DisplayName="Registered Nurse Number" Source="Local"/>
    <TableElement Code="RPH" Codesys="0203" DisplayName="Pharmacist license number" Source="Local"/>
    <TableElement Code="RR" Codesys="0203" DisplayName="Railroad Retirement number" Source="Local"/>
    <TableElement Code="RRI" Codesys="0203" DisplayName="Regional registry ID" Source="Local"/>
    <TableElement Code="SL" Codesys="0203" DisplayName="State license" Source="Local"/>
    <TableElement Code="SN" Codesys="0203" DisplayName="Subscriber Number" Source="Local"/>
    <TableElement Code="SR" Codesys="0203" DisplayName="State registry ID" Source="Local"/>
    <TableElement Code="SS" Codesys="0203" DisplayName="Social Security number" Source="Local"/>
    <TableElement Code="TAX" Codesys="0203" DisplayName="Tax ID number" Source="Local"/>
    <TableElement Code="TN" Codesys="0203" DisplayName="Treaty Number/ (Canada)" Source="Local"/>
    <TableElement Code="U" Codesys="0203" DisplayName="Unspecified identifier" Source="Local"/>
    <TableElement Code="UPIN" Codesys="0203" DisplayName="Medicare/CMS (formerly HCFA)'s Universal Physician Identification numbers" Source="Local"/>
    <TableElement Code="VN" Codesys="0203" DisplayName="Visit number" Source="Local"/>
    <TableElement Code="VS" Codesys="0203" DisplayName="VISA" Source="Local"/>
    <TableElement Code="WC" Codesys="0203" DisplayName="WIC identifier" Source="Local"/>
    <TableElement Code="WCN" Codesys="0203" DisplayName="Workers' Comp Number" Source="Local"/>
    <TableElement Code="XX" Codesys="0203" DisplayName="Organization identifier" Source="Local"/>
  </TableDefinition>
  <TableDefinition AlternateId="0202" Codesys="" Id="0202" Name="Telecommunication equipment type" Oid="" Type="HL7" Version="">
    <TableElement Code="BP" Codesys="0202" DisplayName="Beeper" Source="Local"/>
    <TableElement Code="CP" Codesys="0202" DisplayName="Cellular Phone" Source="Local"/>
    <TableElement Code="FX" Codesys="0202" DisplayName="Fax" Source="Local"/>
    <TableElement Code="Internet" Codesys="0202" DisplayName="Internet Address: Use Only If Telecommunication Use Code Is NET" Source="Local"/>
    <TableElement Code="MD" Codesys="0202" DisplayName="Modem" Source="Local"/>
    <TableElement Code="PH" Codesys="0202" DisplayName="Telephone" Source="Local"/>
    <TableElement Code="TDD" Codesys="0202" DisplayName="Telecommunications Device for the Deaf" Source="Local"/>
    <TableElement Code="TTY" Codesys="0202" DisplayName="Teletypewriter" Source="Local"/>
    <TableElement Code="X.400" Codesys="0202" DisplayName="X.400 email address: Use Only If Telecommunication Use Code Is NET" Source="Local"/>
  </TableDefinition>
  <TableDefinition AlternateId="0398" Codesys="" Id="0398" Name="Continuation style code" Oid="" Type="HL7" Version="">
    <TableElement Code="F" Codesys="0398" DisplayName="Fragmentation" Source="Local"/>
    <TableElement Code="I" Codesys="0398" DisplayName="Interactive Continuation" Source="Local"/>
  </TableDefinition>
  <TableDefinition AlternateId="0471" Codesys="" Id="0471" Name="Query name" Oid="" Type="HL7" Version="">
    <TableElement Code="..." Codesys="0471" DisplayName="No suggested values defined" Source="Local"/>
  </TableDefinition>
  <TableDefinition AlternateId="0399" Codesys="" Id="0399" Name="Country code" Oid="" Type="HL7" Version="">
    <TableElement Code="..." Codesys="0399" DisplayName="use 3-character (alphabetic) form of ISO 3166" Source="Local"/>
  </TableDefinition>
  <TableDefinition AlternateId="0396" Codesys="" Id="0396" Name="Coding system" Oid="" Type="HL7" Version="">
    <TableElement Code="99zzz or L" Codesys="0396" DisplayName="Local general code (where z is an alphanumeric character)" Source="Local"/>
    <TableElement Code="ACR" Codesys="0396" DisplayName="American College of Radiology finding codes" Source="Local"/>
    <TableElement Code="ANS+" Codesys="0396" DisplayName="HL7 set of units of measure" Source="Local"/>
    <TableElement Code="ART" Codesys="0396" DisplayName="WHO Adverse Reaction Terms" Source="Local"/>
    <TableElement Code="AS4" Codesys="0396" DisplayName="ASTM E1238/ E1467 Universal" Source="Local"/>
    <TableElement Code="AS4E" Codesys="0396" DisplayName="AS4 Neurophysiology Codes" Source="Local"/>
    <TableElement Code="ATC" Codesys="0396" DisplayName="American Type Culture Collection" Source="Local"/>
    <TableElement Code="C4" Codesys="0396" DisplayName="CPT-4" Source="Local"/>
    <TableElement Code="C5" Codesys="0396" DisplayName="CPT-5" Source="Local"/>
    <TableElement Code="CAS" Codesys="0396" DisplayName="Chemical abstract codes" Source="Local"/>
    <TableElement Code="CD2" Codesys="0396" DisplayName="CDT-2 Codes" Source="Local"/>
    <TableElement Code="CDCA" Codesys="0396" DisplayName="CDC Analyte Codes" Source="Local"/>
    <TableElement Code="CDCM" Codesys="0396" DisplayName="CDC Methods/Instruments Codes" Source="Local"/>
    <TableElement Code="CDS" Codesys="0396" DisplayName="CDC Surveillance" Source="Local"/>
    <TableElement Code="CE" Codesys="0396" DisplayName="CEN ECG diagnostic codes" Source="Local"/>
    <TableElement Code="CLP" Codesys="0396" DisplayName="CLIP" Source="Local"/>
    <TableElement Code="CPTM" Codesys="0396" DisplayName="CPT Modifier Code" Source="Local"/>
    <TableElement Code="CST" Codesys="0396" DisplayName="COSTART" Source="Local"/>
    <TableElement Code="CVX" Codesys="0396" DisplayName="CDC Vaccine Codes" Source="Local"/>
    <TableElement Code="DCM" Codesys="0396" DisplayName="DICOM Controlled Terminology" Source="Local"/>
    <TableElement Code="E" Codesys="0396" DisplayName="EUCLIDES" Source="Local"/>
    <TableElement Code="E5" Codesys="0396" DisplayName="Euclides  quantity codes" Source="Local"/>
    <TableElement Code="E6" Codesys="0396" DisplayName="Euclides Lab method codes" Source="Local"/>
    <TableElement Code="E7" Codesys="0396" DisplayName="Euclides Lab equipment codes" Source="Local"/>
    <TableElement Code="ENZC" Codesys="0396" DisplayName="Enzyme Codes" Source="Local"/>
    <TableElement Code="FDDC" Codesys="0396" DisplayName="First DataBank Drug Codes" Source="Local"/>
    <TableElement Code="FDDX" Codesys="0396" DisplayName="First DataBank Diagnostic Codes" Source="Local"/>
    <TableElement Code="FDK" Codesys="0396" DisplayName="FDA K10" Source="Local"/>
    <TableElement Code="HB" Codesys="0396" DisplayName="HIBCC" Source="Local"/>
    <TableElement Code="HCPCS" Codesys="0396" DisplayName="CMS (formerly HCFA)  Common Procedure Coding System" Source="Local"/>
    <TableElement Code="HCPT" Codesys="0396" DisplayName="Health Care Provider Taxonomy" Source="Local"/>
    <TableElement Code="HHC" Codesys="0396" DisplayName="Home Health Care" Source="Local"/>
    <TableElement Code="HI" Codesys="0396" DisplayName="Health Outcomes" Source="Local"/>
    <TableElement Code="HL7nnnn" Codesys="0396" DisplayName="HL7 Defined Codes where nnnn is the HL7 table number" Source="Local"/>
    <TableElement Code="HOT" Codesys="0396" DisplayName="Japanese Nationwide Medicine Code" Source="Local"/>
    <TableElement Code="HPC" Codesys="0396" DisplayName="CMS (formerly HCFA )Procedure Codes (HCPCS)" Source="Local"/>
    <TableElement Code="I10" Codesys="0396" DisplayName="ICD-10" Source="Local"/>
    <TableElement Code="I10P" Codesys="0396" DisplayName="ICD-10  Procedure Codes" Source="Local"/>
    <TableElement Code="I9" Codesys="0396" DisplayName="ICD9" Source="Local"/>
    <TableElement Code="I9C" Codesys="0396" DisplayName="ICD-9CM" Source="Local"/>
    <TableElement Code="IBT" Codesys="0396" DisplayName="ISBT" Source="Local"/>
    <TableElement Code="IBTnnnn" Codesys="0396" DisplayName="ISBT 128 codes where nnnn  specifies a specific table within ISBT 128." Source="Local"/>
    <TableElement Code="IC2" Codesys="0396" DisplayName="ICHPPC-2" Source="Local"/>
    <TableElement Code="ICD10AM" Codesys="0396" DisplayName="ICD-10 Australian modification" Source="Local"/>
    <TableElement Code="ICD10CA" Codesys="0396" DisplayName="ICD-10 Canada" Source="Local"/>
    <TableElement Code="ICDO" Codesys="0396" DisplayName="International Classification of Diseases for Oncology" Source="Local"/>
    <TableElement Code="ICS" Codesys="0396" DisplayName="ICCS" Source="Local"/>
    <TableElement Code="ICSD" Codesys="0396" DisplayName="International Classification of Sleep Disorders" Source="Local"/>
    <TableElement Code="ISO+" Codesys="0396" DisplayName="ISO 2955.83 (units of measure) with HL7 extensions" Source="Local"/>
    <TableElement Code="ISOnnnn" Codesys="0396" DisplayName="ISO Defined Codes where nnnn is the ISO table number" Source="Local"/>
    <TableElement Code="IUPC" Codesys="0396" DisplayName="IUPAC/IFCC Component Codes" Source="Local"/>
    <TableElement Code="IUPP" Codesys="0396" DisplayName="IUPAC/IFCC Property Codes" Source="Local"/>
    <TableElement Code="JC10" Codesys="0396" DisplayName="JLAC/JSLM, nationwide laboratory code" Source="Local"/>
    <TableElement Code="JC8" Codesys="0396" DisplayName="Japanese Chemistry" Source="Local"/>
    <TableElement Code="JJ1017" Codesys="0396" DisplayName="Japanese Image Examination Cache" Source="Local"/>
    <TableElement Code="LB" Codesys="0396" DisplayName="Local billing code" Source="Local"/>
    <TableElement Code="LN" Codesys="0396" DisplayName="Logical Observation Identifier Names and Codes (LOINC짰)" Source="Local"/>
    <TableElement Code="MCD" Codesys="0396" DisplayName="Medicaid" Source="Local"/>
    <TableElement Code="MCR" Codesys="0396" DisplayName="Medicare" Source="Local"/>
    <TableElement Code="MDDX" Codesys="0396" DisplayName="Medispan Diagnostic Codes" Source="Local"/>
    <TableElement Code="MEDC" Codesys="0396" DisplayName="Medical Economics Drug Codes" Source="Local"/>
    <TableElement Code="MEDR" Codesys="0396" DisplayName="Medical Dictionary for Drug Regulatory Affairs (MEDDRA)" Source="Local"/>
    <TableElement Code="MEDX" Codesys="0396" DisplayName="Medical Economics Diagnostic Codes" Source="Local"/>
    <TableElement Code="MGPI" Codesys="0396" DisplayName="Medispan GPI" Source="Local"/>
    <TableElement Code="MVX" Codesys="0396" DisplayName="CDC Vaccine Manufacturer Codes" Source="Local"/>
    <TableElement Code="NDA" Codesys="0396" DisplayName="NANDA" Source="Local"/>
    <TableElement Code="NDC" Codesys="0396" DisplayName="National drug codes" Source="Local"/>
    <TableElement Code="NIC" Codesys="0396" DisplayName="Nursing Interventions Classification" Source="Local"/>
    <TableElement Code="NPI" Codesys="0396" DisplayName="National Provider Identifier" Source="Local"/>
    <TableElement Code="NUBC" Codesys="0396" DisplayName="National Uniform Billing Committee Code" Source="Local"/>
    <TableElement Code="OHA" Codesys="0396" DisplayName="Omaha System" Source="Local"/>
    <TableElement Code="POS" Codesys="0396" DisplayName="POS Codes" Source="Local"/>
    <TableElement Code="RC" Codesys="0396" DisplayName="Read Classification" Source="Local"/>
    <TableElement Code="SDM" Codesys="0396" DisplayName="SNOMED- DICOM Microglossary" Source="Local"/>
    <TableElement Code="SNM" Codesys="0396" DisplayName="Systemized Nomenclature of Medicine (SNOMED)" Source="Local"/>
    <TableElement Code="SNM3" Codesys="0396" DisplayName="SNOMED International" Source="Local"/>
    <TableElement Code="SNT" Codesys="0396" DisplayName="SNOMED topology codes (anatomic sites)" Source="Local"/>
    <TableElement Code="UC" Codesys="0396" DisplayName="UCDS" Source="Local"/>
    <TableElement Code="UMD" Codesys="0396" DisplayName="MDNS" Source="Local"/>
    <TableElement Code="UML" Codesys="0396" DisplayName="Unified Medical Language" Source="Local"/>
    <TableElement Code="UPC" Codesys="0396" DisplayName="Universal Product Code" Source="Local"/>
    <TableElement Code="UPIN" Codesys="0396" DisplayName="UPIN" Source="Local"/>
    <TableElement Code="USPS" Codesys="0396" DisplayName="United States Postal Service" Source="Local"/>
    <TableElement Code="W1" Codesys="0396" DisplayName="WHO record # drug codes (6 digit)" Source="Local"/>
    <TableElement Code="W2" Codesys="0396" DisplayName="WHO record # drug codes (8 digit)" Source="Local"/>
    <TableElement Code="W4" Codesys="0396" DisplayName="WHO record # code with ASTM extension" Source="Local"/>
    <TableElement Code="WC" Codesys="0396" DisplayName="WHO ATC" Source="Local"/>
  </TableDefinition>
  <TableDefinition AlternateId="0207" Codesys="" Id="0207" Name="Processing mode" Oid="" Type="HL7" Version="">
    <TableElement Code="A" Codesys="0207" DisplayName="Archive" Source="Local"/>
    <TableElement Code="I" Codesys="0207" DisplayName="Initial load" Source="Local"/>
    <TableElement Code="Not present" Codesys="0207" DisplayName="Not present (the default, meaning current  processing)" Source="Local"/>
    <TableElement Code="R" Codesys="0207" DisplayName="Restore from archive" Source="Local"/>
    <TableElement Code="T" Codesys="0207" DisplayName="Current processing, transmitted at intervals (scheduled or on demand)" Source="Local"/>
  </TableDefinition>
  <TableDefinition AlternateId="0440" Codesys="" Id="0440" Name="Data types" Oid="" Type="HL7" Version="">
    <TableElement Code="AD" Codesys="0440" DisplayName="Address" Source="Local"/>
    <TableElement Code="AUI" Codesys="0440" DisplayName="Authorization information" Source="Local"/>
    <TableElement Code="CCD" Codesys="0440" DisplayName="Charge code and date" Source="Local"/>
    <TableElement Code="CCP" Codesys="0440" DisplayName="Channel calibration parameters" Source="Local"/>
    <TableElement Code="CD" Codesys="0440" DisplayName="Channel definition" Source="Local"/>
    <TableElement Code="CE" Codesys="0440" DisplayName="Coded element" Source="Local"/>
    <TableElement Code="CF" Codesys="0440" DisplayName="Coded element with formatted values" Source="Local"/>
    <TableElement Code="CK" Codesys="0440" DisplayName="Composite ID with check digit" Source="Local"/>
    <TableElement Code="CM" Codesys="0440" DisplayName="Composite" Source="Local"/>
    <TableElement Code="CN" Codesys="0440" DisplayName="Composite ID number and name" Source="Local"/>
    <TableElement Code="CNE" Codesys="0440" DisplayName="Coded with no exceptions" Source="Local"/>
    <TableElement Code="CNS" Codesys="0440" DisplayName="Composite ID number and name simplified" Source="Local"/>
    <TableElement Code="CP" Codesys="0440" DisplayName="Composite price" Source="Local"/>
    <TableElement Code="CQ" Codesys="0440" DisplayName="Composite quantity with units" Source="Local"/>
    <TableElement Code="CSU" Codesys="0440" DisplayName="Channel sensitivity" Source="Local"/>
    <TableElement Code="CWE" Codesys="0440" DisplayName="Coded with exceptions" Source="Local"/>
    <TableElement Code="CX" Codesys="0440" DisplayName="Extended composite ID with check digit" Source="Local"/>
    <TableElement Code="DDI" Codesys="0440" DisplayName="Daily deductible information" Source="Local"/>
    <TableElement Code="DIN" Codesys="0440" DisplayName="Date and institution name" Source="Local"/>
    <TableElement Code="DLD" Codesys="0440" DisplayName="Discharge to location and date" Source="Local"/>
    <TableElement Code="DLN" Codesys="0440" DisplayName="Driver's license number" Source="Local"/>
    <TableElement Code="DLT" Codesys="0440" DisplayName="Delta" Source="Local"/>
    <TableElement Code="DR" Codesys="0440" DisplayName="Date/time range" Source="Local"/>
    <TableElement Code="DT" Codesys="0440" DisplayName="Date" Source="Local"/>
    <TableElement Code="DTM" Codesys="0440" DisplayName="Date/time" Source="Local"/>
    <TableElement Code="DTN" Codesys="0440" DisplayName="Day type and number" Source="Local"/>
    <TableElement Code="ED" Codesys="0440" DisplayName="Encapsulated data" Source="Local"/>
    <TableElement Code="EI" Codesys="0440" DisplayName="Entity identifier" Source="Local"/>
    <TableElement Code="EIP" Codesys="0440" DisplayName="Entity identifier pair" Source="Local"/>
    <TableElement Code="ERL" Codesys="0440" DisplayName="Error location" Source="Local"/>
    <TableElement Code="FC" Codesys="0440" DisplayName="Financial class" Source="Local"/>
    <TableElement Code="FN" Codesys="0440" DisplayName="Family name" Source="Local"/>
    <TableElement Code="FT" Codesys="0440" DisplayName="Formatted text" Source="Local"/>
    <TableElement Code="GTS" Codesys="0440" DisplayName="General timing specification" Source="Local"/>
    <TableElement Code="HD" Codesys="0440" DisplayName="Hierarchic designator" Source="Local"/>
    <TableElement Code="ICD" Codesys="0440" DisplayName="Insurance certification definition" Source="Local"/>
    <TableElement Code="ID" Codesys="0440" DisplayName="Coded values for HL7 tables" Source="Local"/>
    <TableElement Code="IS" Codesys="0440" DisplayName="Coded value for user-defined tables" Source="Local"/>
    <TableElement Code="JCC" Codesys="0440" DisplayName="Job code/class" Source="Local"/>
    <TableElement Code="LA1" Codesys="0440" DisplayName="Location with address variation 1" Source="Local"/>
    <TableElement Code="LA2" Codesys="0440" DisplayName="Location with address variation 2" Source="Local"/>
    <TableElement Code="LD" Codesys="0440" DisplayName="Error location and description" Source="Local"/>
    <TableElement Code="MA" Codesys="0440" DisplayName="Multiplexed array" Source="Local"/>
    <TableElement Code="MO" Codesys="0440" DisplayName="Money" Source="Local"/>
    <TableElement Code="MOC" Codesys="0440" DisplayName="Money and charge code" Source="Local"/>
    <TableElement Code="MOP" Codesys="0440" DisplayName="Money or percentage" Source="Local"/>
    <TableElement Code="MSG" Codesys="0440" DisplayName="Message type" Source="Local"/>
    <TableElement Code="NA" Codesys="0440" DisplayName="Numeric array" Source="Local"/>
    <TableElement Code="NDL" Codesys="0440" DisplayName="Name with location and date" Source="Local"/>
    <TableElement Code="NM" Codesys="0440" DisplayName="Numeric" Source="Local"/>
    <TableElement Code="NR" Codesys="0440" DisplayName="Numeric range" Source="Local"/>
    <TableElement Code="OCD" Codesys="0440" DisplayName="Occurrence code and date" Source="Local"/>
    <TableElement Code="OSD" Codesys="0440" DisplayName="Order sequence definition" Source="Local"/>
    <TableElement Code="OSP" Codesys="0440" DisplayName="Occurrence span code and date" Source="Local"/>
    <TableElement Code="PIP" Codesys="0440" DisplayName="Practitioner institutional privileges" Source="Local"/>
    <TableElement Code="PL" Codesys="0440" DisplayName="Person location" Source="Local"/>
    <TableElement Code="PLN" Codesys="0440" DisplayName="Practitioner license or other ID number" Source="Local"/>
    <TableElement Code="PN" Codesys="0440" DisplayName="Person name" Source="Local"/>
    <TableElement Code="PPN" Codesys="0440" DisplayName="Performing person time stamp" Source="Local"/>
    <TableElement Code="PRL" Codesys="0440" DisplayName="Parent result link" Source="Local"/>
    <TableElement Code="PT" Codesys="0440" DisplayName="Processing type" Source="Local"/>
    <TableElement Code="PTA" Codesys="0440" DisplayName="Policy type and amount" Source="Local"/>
    <TableElement Code="QIP" Codesys="0440" DisplayName="Query input parameter list" Source="Local"/>
    <TableElement Code="QSC" Codesys="0440" DisplayName="Query selection criteria" Source="Local"/>
    <TableElement Code="RCD" Codesys="0440" DisplayName="Row column definition" Source="Local"/>
    <TableElement Code="RFR" Codesys="0440" DisplayName="Reference range" Source="Local"/>
    <TableElement Code="RI" Codesys="0440" DisplayName="Repeat interval" Source="Local"/>
    <TableElement Code="RMC" Codesys="0440" DisplayName="Room coverage" Source="Local"/>
    <TableElement Code="RP" Codesys="0440" DisplayName="Reference pointer" Source="Local"/>
    <TableElement Code="RPT" Codesys="0440" DisplayName="Repeat pattern" Source="Local"/>
    <TableElement Code="SAD" Codesys="0440" DisplayName="Street Address" Source="Local"/>
    <TableElement Code="SCV" Codesys="0440" DisplayName="Scheduling class value pair" Source="Local"/>
    <TableElement Code="SI" Codesys="0440" DisplayName="Sequence ID" Source="Local"/>
    <TableElement Code="SN" Codesys="0440" DisplayName="Structured numeric" Source="Local"/>
    <TableElement Code="SPD" Codesys="0440" DisplayName="Specialty description" Source="Local"/>
    <TableElement Code="SPS" Codesys="0440" DisplayName="Specimen source" Source="Local"/>
    <TableElement Code="SRT" Codesys="0440" DisplayName="Sort order" Source="Local"/>
    <TableElement Code="ST" Codesys="0440" DisplayName="String" Source="Local"/>
    <TableElement Code="TM" Codesys="0440" DisplayName="Time" Source="Local"/>
    <TableElement Code="TN" Codesys="0440" DisplayName="Telephone number" Source="Local"/>
    <TableElement Code="TQ" Codesys="0440" DisplayName="Timing/quantity" Source="Local"/>
    <TableElement Code="TS" Codesys="0440" DisplayName="Time stamp" Source="Local"/>
    <TableElement Code="TX" Codesys="0440" DisplayName="Text data" Source="Local"/>
    <TableElement Code="UVC" Codesys="0440" DisplayName="UB value code and amount" Source="Local"/>
    <TableElement Code="VH" Codesys="0440" DisplayName="Visiting hours" Source="Local"/>
    <TableElement Code="VID" Codesys="0440" DisplayName="Version identifier" Source="Local"/>
    <TableElement Code="VR" Codesys="0440" DisplayName="Value range" Source="Local"/>
    <TableElement Code="WVI" Codesys="0440" DisplayName="Channel Identifier" Source="Local"/>
    <TableElement Code="WVS" Codesys="0440" DisplayName="Waveform source" Source="Local"/>
    <TableElement Code="XAD" Codesys="0440" DisplayName="Extended address" Source="Local"/>
    <TableElement Code="XCN" Codesys="0440" DisplayName="Extended composite ID number and name" Source="Local"/>
    <TableElement Code="XON" Codesys="0440" DisplayName="Extended composite name and ID number for organizations" Source="Local"/>
    <TableElement Code="XPN" Codesys="0440" DisplayName="Extended person name" Source="Local"/>
    <TableElement Code="XTN" Codesys="0440" DisplayName="Extended telecommunications number" Source="Local"/>
  </TableDefinition>
  <TableDefinition AlternateId="0465" Codesys="" Id="0465" Name="Name/address representation" Oid="" Type="HL7" Version="">
    <TableElement Code="A" Codesys="0465" DisplayName="Alphabetic (i.e., Default or some single-byte)" Source="Local"/>
    <TableElement Code="I" Codesys="0465" DisplayName="Ideographic (i.e., Kanji)" Source="Local"/>
    <TableElement Code="P" Codesys="0465" DisplayName="Phonetic (i.e., ASCII, Katakana, Hiragana, etc.)" Source="Local"/>
  </TableDefinition>
  <TableDefinition AlternateId="0444" Codesys="" Id="0444" Name="Name assembly order" Oid="" Type="HL7" Version="">
    <TableElement Code="F" Codesys="0444" DisplayName="Prefix Family Middle Given Suffix" Source="Local"/>
    <TableElement Code="G" Codesys="0444" DisplayName="Prefix Given Middle Family Suffix" Source="Local"/>
  </TableDefinition>
  <TableDefinition AlternateId="0448" Codesys="" Id="0448" Name="Name context" Oid="" Type="HL7" Version="">
    <TableElement Code="..." Codesys="0448" DisplayName="No suggested values defined" Source="Local"/>
  </TableDefinition>
  <TableDefinition AlternateId="0529" Codesys="" Id="0529" Name="Precision" Oid="" Type="HL7" Version="">
    <TableElement Code="D" Codesys="0529" DisplayName="day" Source="Local"/>
    <TableElement Code="H" Codesys="0529" DisplayName="hour" Source="Local"/>
    <TableElement Code="L" Codesys="0529" DisplayName="month" Source="Local"/>
    <TableElement Code="M" Codesys="0529" DisplayName="minute" Source="Local"/>
    <TableElement Code="S" Codesys="0529" DisplayName="second" Source="Local"/>
    <TableElement Code="Y" Codesys="0529" DisplayName="year" Source="Local"/>
  </TableDefinition>
</TableLibrary>
